{
	"credit": "Made with Blockbench",
	"parent": "block/block",
	"textures": {
		"0": "block/stone",
		"1": "block/coal_ore",
		"particle": "block/coal_ore"
	},
	"elements": [
		{
			"from": [0, 0, 0],
			"to": [16, 16, 16],
			"faces": {
				"north": {"uv": [0, 0, 16, 16], "texture": "#0", "cullface": "north"},
				"east": {"uv": [0, 0, 16, 16], "texture": "#0"},
				"south": {"uv": [0, 0, 16, 16], "texture": "#0"},
				"west": {"uv": [0, 0, 16, 16], "texture": "#0"},
				"up": {"uv": [0, 0, 16, 16], "texture": "#0"},
				"down": {"uv": [16, 0, 0, 16], "texture": "#0"}
			}
		},
		{
			"from": [1, 15.5, 4],
			"to": [3, 16.5, 5],
			"faces": {
				"north": {"uv": [1, 4, 3, 5], "texture": "#1", "cullface": "up"},
				"east": {"uv": [2, 4, 3, 5], "texture": "#1", "cullface": "up"},
				"south": {"uv": [1, 4, 3, 5], "texture": "#1", "cullface": "up"},
				"west": {"uv": [1, 4, 2, 5], "texture": "#1", "cullface": "up"},
				"up": {"uv": [1, 4, 3, 5], "texture": "#1", "cullface": "up"}
			}
		},
		{
			"from": [6, 15.5, 2],
			"to": [9, 16.5, 3],
			"faces": {
				"north": {"uv": [6, 2, 9, 3], "texture": "#1", "cullface": "up"},
				"east": {"uv": [8, 2, 9, 3], "texture": "#1", "cullface": "up"},
				"south": {"uv": [6, 2, 9, 3], "texture": "#1", "cullface": "up"},
				"west": {"uv": [6, 2, 7, 3], "texture": "#1", "cullface": "up"},
				"up": {"uv": [6, 2, 9, 3], "texture": "#1", "cullface": "up"}
			}
		},
		{
			"from": [5, 15.5, 3],
			"to": [11, 16.5, 4],
			"faces": {
				"north": {"uv": [1, 4, 3, 5], "texture": "#1", "cullface": "up"},
				"east": {"uv": [10, 3, 11, 4], "texture": "#1", "cullface": "up"},
				"south": {"uv": [5, 3, 11, 4], "texture": "#1", "cullface": "up"},
				"west": {"uv": [5, 3, 6, 4], "texture": "#1", "cullface": "up"},
				"up": {"uv": [5, 3, 11, 4], "texture": "#1", "cullface": "up"}
			}
		},
		{
			"from": [7, 15.5, 4],
			"to": [10, 16.5, 5],
			"faces": {
				"north": {"uv": [7, 4, 10, 5], "texture": "#1", "cullface": "up"},
				"east": {"uv": [9, 4, 10, 5], "texture": "#1", "cullface": "up"},
				"south": {"uv": [7, 4, 10, 5], "texture": "#1", "cullface": "up"},
				"west": {"uv": [7, 4, 8, 5], "texture": "#1", "cullface": "up"},
				"up": {"uv": [7, 4, 10, 5], "texture": "#1", "cullface": "up"}
			}
		},
		{
			"from": [4, 15.5, 7],
			"to": [7, 16.5, 8],
			"faces": {
				"north": {"uv": [4, 7, 7, 8], "texture": "#1", "cullface": "up"},
				"east": {"uv": [6, 7, 7, 8], "texture": "#1", "cullface": "up"},
				"south": {"uv": [4, 7, 7, 8], "texture": "#1", "cullface": "up"},
				"west": {"uv": [4, 7, 5, 8], "texture": "#1", "cullface": "up"},
				"up": {"uv": [4, 7, 7, 8], "texture": "#1", "cullface": "up"}
			}
		},
		{
			"from": [3, 15.5, 8],
			"to": [8, 16.5, 9],
			"faces": {
				"north": {"uv": [3, 8, 8, 9], "texture": "#1", "cullface": "up"},
				"east": {"uv": [7, 8, 8, 9], "texture": "#1", "cullface": "up"},
				"south": {"uv": [3, 8, 8, 9], "texture": "#1", "cullface": "up"},
				"west": {"uv": [3, 8, 4, 9], "texture": "#1", "cullface": "up"},
				"up": {"uv": [3, 8, 8, 9], "texture": "#1", "cullface": "up"}
			}
		},
		{
			"from": [10, 15.5, 6],
			"to": [13, 16.5, 7],
			"faces": {
				"north": {"uv": [10, 6, 13, 7], "texture": "#1", "cullface": "up"},
				"east": {"uv": [12, 6, 13, 7], "texture": "#1", "cullface": "up"},
				"south": {"uv": [10, 6, 13, 7], "texture": "#1", "cullface": "up"},
				"west": {"uv": [10, 6, 11, 7], "texture": "#1", "cullface": "up"},
				"up": {"uv": [10, 6, 13, 7], "texture": "#1", "cullface": "up"}
			}
		},
		{
			"from": [10, 15.5, 12],
			"to": [13, 16.5, 13],
			"faces": {
				"north": {"uv": [10, 12, 13, 13], "texture": "#1", "cullface": "up"},
				"east": {"uv": [12, 12, 13, 13], "texture": "#1", "cullface": "up"},
				"south": {"uv": [10, 12, 13, 13], "texture": "#1", "cullface": "up"},
				"west": {"uv": [10, 12, 11, 13], "texture": "#1", "cullface": "up"},
				"up": {"uv": [10, 12, 13, 13], "texture": "#1", "cullface": "up"}
			}
		},
		{
			"from": [2, 15.5, 12],
			"to": [7, 16.5, 13],
			"faces": {
				"north": {"uv": [2, 12, 7, 13], "texture": "#1", "cullface": "up"},
				"east": {"uv": [6, 12, 7, 13], "texture": "#1", "cullface": "up"},
				"south": {"uv": [2, 12, 7, 13], "texture": "#1", "cullface": "up"},
				"west": {"uv": [2, 12, 3, 13], "texture": "#1", "cullface": "up"},
				"up": {"uv": [2, 12, 7, 13], "texture": "#1", "cullface": "up"}
			}
		},
		{
			"from": [4, 15.5, 9],
			"to": [6, 16.5, 10],
			"faces": {
				"north": {"uv": [4, 9, 6, 10], "texture": "#1", "cullface": "up"},
				"east": {"uv": [5, 9, 6, 10], "texture": "#1", "cullface": "up"},
				"south": {"uv": [4, 9, 6, 10], "texture": "#1", "cullface": "up"},
				"west": {"uv": [4, 9, 5, 10], "texture": "#1", "cullface": "up"},
				"up": {"uv": [4, 9, 6, 10], "texture": "#1", "cullface": "up"}
			}
		},
		{
			"from": [11, 15.5, 7],
			"to": [13, 16.5, 8],
			"faces": {
				"north": {"uv": [11, 7, 13, 8], "texture": "#1", "cullface": "up"},
				"east": {"uv": [12, 7, 13, 8], "texture": "#1", "cullface": "up"},
				"south": {"uv": [11, 7, 13, 8], "texture": "#1", "cullface": "up"},
				"west": {"uv": [11, 7, 12, 8], "texture": "#1", "cullface": "up"},
				"up": {"uv": [11, 7, 13, 8], "texture": "#1", "cullface": "up"}
			}
		},
		{
			"from": [10, 15.5, 13],
			"to": [12, 16.5, 14],
			"faces": {
				"north": {"uv": [10, 13, 12, 14], "texture": "#1", "cullface": "up"},
				"east": {"uv": [11, 13, 12, 14], "texture": "#1", "cullface": "up"},
				"south": {"uv": [10, 13, 12, 14], "texture": "#1", "cullface": "up"},
				"west": {"uv": [10, 13, 11, 14], "texture": "#1", "cullface": "up"},
				"up": {"uv": [10, 13, 12, 14], "texture": "#1", "cullface": "up"}
			}
		},
		{
			"from": [3, 15.5, 13],
			"to": [5, 16.5, 14],
			"faces": {
				"north": {"uv": [3, 13, 5, 14], "texture": "#1", "cullface": "up"},
				"east": {"uv": [4, 13, 5, 14], "texture": "#1", "cullface": "up"},
				"south": {"uv": [3, 13, 5, 14], "texture": "#1", "cullface": "up"},
				"west": {"uv": [3, 13, 4, 14], "texture": "#1", "cullface": "up"},
				"up": {"uv": [3, 13, 5, 14], "texture": "#1", "cullface": "up"}
			}
		},
		{
			"from": [13, 15.5, 10],
			"to": [15, 16.5, 11],
			"faces": {
				"north": {"uv": [13, 10, 15, 11], "texture": "#1", "cullface": "up"},
				"east": {"uv": [14, 10, 15, 11], "texture": "#1", "cullface": "up"},
				"south": {"uv": [13, 10, 15, 11], "texture": "#1", "cullface": "up"},
				"west": {"uv": [13, 10, 14, 11], "texture": "#1", "cullface": "up"},
				"up": {"uv": [13, 10, 15, 11], "texture": "#1", "cullface": "up"}
			}
		},
		{
			"from": [6, 15.5, 14],
			"to": [8, 16.5, 15],
			"faces": {
				"north": {"uv": [6, 14, 8, 15], "texture": "#1", "cullface": "up"},
				"east": {"uv": [7, 14, 8, 15], "texture": "#1", "cullface": "up"},
				"south": {"uv": [6, 14, 8, 15], "texture": "#1", "cullface": "up"},
				"west": {"uv": [6, 14, 8, 15], "texture": "#1", "cullface": "up"},
				"up": {"uv": [6, 14, 8, 15], "texture": "#1", "cullface": "up"}
			}
		},
		{
			"from": [12, 15.5, 2],
			"to": [14, 16.5, 3],
			"faces": {
				"north": {"uv": [12, 2, 14, 3], "texture": "#1", "cullface": "up"},
				"east": {"uv": [13, 2, 14, 3], "texture": "#1", "cullface": "up"},
				"south": {"uv": [12, 2, 14, 3], "texture": "#1", "cullface": "up"},
				"west": {"uv": [12, 2, 13, 3], "texture": "#1", "cullface": "up"},
				"up": {"uv": [12, 2, 14, 3], "texture": "#1", "cullface": "up"}
			}
		},
		{
			"from": [1, 11, 15.5],
			"to": [3, 12, 16.5],
			"faces": {
				"east": {"uv": [2, 4, 3, 5], "texture": "#1", "cullface": "south"},
				"south": {"uv": [1, 4, 3, 5], "texture": "#1", "cullface": "south"},
				"west": {"uv": [1, 4, 2, 5], "texture": "#1", "cullface": "south"},
				"up": {"uv": [1, 4, 3, 5], "texture": "#1", "cullface": "south"},
				"down": {"uv": [1, 4, 3, 5], "texture": "#1", "cullface": "south"}
			}
		},
		{
			"from": [6, 13, 15.5],
			"to": [9, 14, 16.5],
			"faces": {
				"east": {"uv": [8, 2, 9, 3], "texture": "#1", "cullface": "south"},
				"south": {"uv": [6, 2, 9, 3], "texture": "#1", "cullface": "south"},
				"west": {"uv": [6, 2, 7, 3], "texture": "#1", "cullface": "south"},
				"up": {"uv": [6, 2, 9, 3], "texture": "#1", "cullface": "south"},
				"down": {"uv": [6, 2, 9, 3], "texture": "#1", "cullface": "south"}
			}
		},
		{
			"from": [5, 12, 15.5],
			"to": [11, 13, 16.5],
			"faces": {
				"east": {"uv": [10, 3, 11, 4], "texture": "#1", "cullface": "south"},
				"south": {"uv": [5, 3, 11, 4], "texture": "#1", "cullface": "south"},
				"west": {"uv": [5, 3, 6, 4], "texture": "#1", "cullface": "south"},
				"up": {"uv": [5, 3, 11, 4], "texture": "#1", "cullface": "south"},
				"down": {"uv": [5, 3, 11, 4], "texture": "#1", "cullface": "south"}
			}
		},
		{
			"from": [7, 11, 15.5],
			"to": [10, 12, 16.5],
			"faces": {
				"east": {"uv": [9, 4, 10, 5], "texture": "#1", "cullface": "south"},
				"south": {"uv": [7, 4, 10, 5], "texture": "#1", "cullface": "south"},
				"west": {"uv": [7, 4, 8, 5], "texture": "#1", "cullface": "south"},
				"up": {"uv": [7, 4, 10, 5], "texture": "#1", "cullface": "south"},
				"down": {"uv": [7, 4, 10, 5], "texture": "#1", "cullface": "south"}
			}
		},
		{
			"from": [4, 8, 15.5],
			"to": [7, 9, 16.5],
			"faces": {
				"east": {"uv": [6, 7, 7, 8], "texture": "#1", "cullface": "south"},
				"south": {"uv": [4, 7, 7, 8], "texture": "#1", "cullface": "south"},
				"west": {"uv": [4, 7, 5, 8], "texture": "#1", "cullface": "south"},
				"up": {"uv": [4, 7, 7, 8], "texture": "#1", "cullface": "south"},
				"down": {"uv": [4, 7, 7, 8], "texture": "#1", "cullface": "south"}
			}
		},
		{
			"from": [3, 7, 15.5],
			"to": [8, 8, 16.5],
			"faces": {
				"east": {"uv": [7, 8, 8, 9], "texture": "#1", "cullface": "south"},
				"south": {"uv": [3, 8, 8, 9], "texture": "#1", "cullface": "south"},
				"west": {"uv": [3, 8, 4, 9], "texture": "#1", "cullface": "south"},
				"up": {"uv": [3, 8, 8, 9], "texture": "#1", "cullface": "south"},
				"down": {"uv": [3, 8, 8, 9], "texture": "#1", "cullface": "south"}
			}
		},
		{
			"from": [10, 9, 15.5],
			"to": [13, 10, 16.5],
			"faces": {
				"east": {"uv": [12, 6, 13, 7], "texture": "#1", "cullface": "south"},
				"south": {"uv": [10, 6, 13, 7], "texture": "#1", "cullface": "south"},
				"west": {"uv": [10, 6, 11, 7], "texture": "#1", "cullface": "south"},
				"up": {"uv": [10, 6, 13, 7], "texture": "#1", "cullface": "south"},
				"down": {"uv": [10, 6, 13, 7], "texture": "#1", "cullface": "south"}
			}
		},
		{
			"from": [10, 3, 15.5],
			"to": [13, 4, 16.5],
			"faces": {
				"east": {"uv": [12, 12, 13, 13], "texture": "#1", "cullface": "south"},
				"south": {"uv": [10, 12, 13, 13], "texture": "#1", "cullface": "south"},
				"west": {"uv": [10, 12, 11, 13], "texture": "#1", "cullface": "south"},
				"up": {"uv": [10, 12, 13, 13], "texture": "#1", "cullface": "south"},
				"down": {"uv": [10, 12, 13, 13], "texture": "#1", "cullface": "south"}
			}
		},
		{
			"from": [2, 3, 15.5],
			"to": [7, 4, 16.5],
			"faces": {
				"east": {"uv": [6, 12, 7, 13], "texture": "#1", "cullface": "south"},
				"south": {"uv": [2, 12, 7, 13], "texture": "#1", "cullface": "south"},
				"west": {"uv": [2, 12, 3, 13], "texture": "#1", "cullface": "south"},
				"up": {"uv": [2, 12, 7, 13], "texture": "#1", "cullface": "south"},
				"down": {"uv": [2, 12, 7, 13], "texture": "#1", "cullface": "south"}
			}
		},
		{
			"from": [4, 6, 15.5],
			"to": [6, 7, 16.5],
			"faces": {
				"east": {"uv": [5, 9, 6, 10], "texture": "#1", "cullface": "south"},
				"south": {"uv": [4, 9, 6, 10], "texture": "#1", "cullface": "south"},
				"west": {"uv": [4, 9, 5, 10], "texture": "#1", "cullface": "south"},
				"up": {"uv": [4, 9, 6, 10], "texture": "#1", "cullface": "south"},
				"down": {"uv": [4, 9, 6, 10], "texture": "#1", "cullface": "south"}
			}
		},
		{
			"from": [11, 8, 15.5],
			"to": [13, 9, 16.5],
			"faces": {
				"east": {"uv": [12, 7, 13, 8], "texture": "#1", "cullface": "south"},
				"south": {"uv": [11, 7, 13, 8], "texture": "#1", "cullface": "south"},
				"west": {"uv": [11, 7, 12, 8], "texture": "#1", "cullface": "south"},
				"up": {"uv": [11, 7, 13, 8], "texture": "#1", "cullface": "south"},
				"down": {"uv": [11, 7, 13, 8], "texture": "#1", "cullface": "south"}
			}
		},
		{
			"from": [10, 2, 15.5],
			"to": [12, 3, 16.5],
			"faces": {
				"east": {"uv": [11, 13, 12, 14], "texture": "#1", "cullface": "south"},
				"south": {"uv": [10, 13, 12, 14], "texture": "#1", "cullface": "south"},
				"west": {"uv": [10, 13, 11, 14], "texture": "#1", "cullface": "south"},
				"up": {"uv": [10, 13, 12, 14], "texture": "#1", "cullface": "south"},
				"down": {"uv": [10, 13, 12, 14], "texture": "#1", "cullface": "south"}
			}
		},
		{
			"from": [3, 2, 15.5],
			"to": [5, 3, 16.5],
			"faces": {
				"east": {"uv": [4, 13, 5, 14], "texture": "#1", "cullface": "south"},
				"south": {"uv": [3, 13, 5, 14], "texture": "#1", "cullface": "south"},
				"west": {"uv": [3, 13, 4, 14], "texture": "#1", "cullface": "south"},
				"up": {"uv": [3, 13, 5, 14], "texture": "#1", "cullface": "south"},
				"down": {"uv": [3, 13, 5, 14], "texture": "#1", "cullface": "south"}
			}
		},
		{
			"from": [13, 5, 15.5],
			"to": [15, 6, 16.5],
			"faces": {
				"east": {"uv": [14, 10, 15, 11], "texture": "#1", "cullface": "south"},
				"south": {"uv": [13, 10, 15, 11], "texture": "#1", "cullface": "south"},
				"west": {"uv": [13, 10, 14, 11], "texture": "#1", "cullface": "south"},
				"up": {"uv": [13, 10, 15, 11], "texture": "#1", "cullface": "south"},
				"down": {"uv": [13, 10, 15, 11], "texture": "#1", "cullface": "south"}
			}
		},
		{
			"from": [6, 1, 15.5],
			"to": [8, 2, 16.5],
			"faces": {
				"east": {"uv": [7, 14, 8, 15], "texture": "#1", "cullface": "south"},
				"south": {"uv": [6, 14, 8, 15], "texture": "#1", "cullface": "south"},
				"west": {"uv": [6, 14, 8, 15], "texture": "#1", "cullface": "south"},
				"up": {"uv": [6, 14, 8, 15], "texture": "#1", "cullface": "south"},
				"down": {"uv": [6, 14, 8, 15], "texture": "#1", "cullface": "south"}
			}
		},
		{
			"from": [12, 13, 15.5],
			"to": [14, 14, 16.5],
			"faces": {
				"east": {"uv": [13, 2, 14, 3], "texture": "#1", "cullface": "south"},
				"south": {"uv": [12, 2, 14, 3], "texture": "#1", "cullface": "south"},
				"west": {"uv": [12, 2, 13, 3], "texture": "#1", "cullface": "south"},
				"up": {"uv": [12, 2, 14, 3], "texture": "#1", "cullface": "south"},
				"down": {"uv": [12, 2, 14, 3], "texture": "#1", "cullface": "south"}
			}
		},
		{
			"from": [-0.5, 11, 1],
			"to": [0.5, 12, 3],
			"faces": {
				"north": {"uv": [1, 4, 2, 5], "texture": "#1", "cullface": "west"},
				"south": {"uv": [2, 4, 3, 5], "texture": "#1", "cullface": "west"},
				"west": {"uv": [1, 4, 3, 5], "texture": "#1", "cullface": "west"},
				"up": {"uv": [1, 4, 3, 5], "rotation": 90, "texture": "#1", "cullface": "west"},
				"down": {"uv": [1, 4, 3, 5], "rotation": 270, "texture": "#1", "cullface": "west"}
			}
		},
		{
			"from": [-0.5, 13, 6],
			"to": [0.5, 14, 9],
			"faces": {
				"north": {"uv": [6, 2, 7, 3], "texture": "#1", "cullface": "west"},
				"south": {"uv": [8, 2, 9, 3], "texture": "#1", "cullface": "west"},
				"west": {"uv": [6, 2, 9, 3], "texture": "#1", "cullface": "west"},
				"up": {"uv": [6, 2, 9, 3], "rotation": 90, "texture": "#1", "cullface": "west"},
				"down": {"uv": [6, 2, 9, 3], "rotation": 270, "texture": "#1", "cullface": "west"}
			}
		},
		{
			"from": [-0.5, 12, 5],
			"to": [0.5, 13, 11],
			"faces": {
				"north": {"uv": [5, 3, 6, 4], "texture": "#1", "cullface": "west"},
				"south": {"uv": [10, 3, 11, 4], "texture": "#1", "cullface": "west"},
				"west": {"uv": [5, 3, 11, 4], "texture": "#1", "cullface": "west"},
				"up": {"uv": [5, 3, 11, 4], "rotation": 90, "texture": "#1", "cullface": "west"},
				"down": {"uv": [5, 3, 11, 4], "rotation": 270, "texture": "#1", "cullface": "west"}
			}
		},
		{
			"from": [-0.5, 11, 7],
			"to": [0.5, 12, 10],
			"faces": {
				"north": {"uv": [7, 4, 8, 5], "texture": "#1", "cullface": "west"},
				"south": {"uv": [9, 4, 10, 5], "texture": "#1", "cullface": "west"},
				"west": {"uv": [7, 4, 10, 5], "texture": "#1", "cullface": "west"},
				"up": {"uv": [7, 4, 10, 5], "rotation": 90, "texture": "#1", "cullface": "west"},
				"down": {"uv": [7, 4, 10, 5], "rotation": 270, "texture": "#1", "cullface": "west"}
			}
		},
		{
			"from": [-0.5, 8, 4],
			"to": [0.5, 9, 7],
			"faces": {
				"north": {"uv": [4, 7, 5, 8], "texture": "#1", "cullface": "west"},
				"south": {"uv": [6, 7, 7, 8], "texture": "#1", "cullface": "west"},
				"west": {"uv": [4, 7, 7, 8], "texture": "#1", "cullface": "west"},
				"up": {"uv": [4, 7, 7, 8], "rotation": 90, "texture": "#1", "cullface": "west"},
				"down": {"uv": [4, 7, 7, 8], "rotation": 270, "texture": "#1", "cullface": "west"}
			}
		},
		{
			"from": [-0.5, 7, 3],
			"to": [0.5, 8, 8],
			"faces": {
				"north": {"uv": [3, 8, 4, 9], "texture": "#1", "cullface": "west"},
				"south": {"uv": [7, 8, 8, 9], "texture": "#1", "cullface": "west"},
				"west": {"uv": [3, 8, 8, 9], "texture": "#1", "cullface": "west"},
				"up": {"uv": [3, 8, 8, 9], "rotation": 90, "texture": "#1", "cullface": "west"},
				"down": {"uv": [3, 8, 8, 9], "rotation": 270, "texture": "#1", "cullface": "west"}
			}
		},
		{
			"from": [-0.5, 9, 10],
			"to": [0.5, 10, 13],
			"faces": {
				"north": {"uv": [10, 6, 11, 7], "texture": "#1", "cullface": "west"},
				"south": {"uv": [12, 6, 13, 7], "texture": "#1", "cullface": "west"},
				"west": {"uv": [10, 6, 13, 7], "texture": "#1", "cullface": "west"},
				"up": {"uv": [10, 6, 13, 7], "rotation": 90, "texture": "#1", "cullface": "west"},
				"down": {"uv": [10, 6, 13, 7], "rotation": 270, "texture": "#1", "cullface": "west"}
			}
		},
		{
			"from": [-0.5, 3, 10],
			"to": [0.5, 4, 13],
			"faces": {
				"north": {"uv": [10, 12, 11, 13], "texture": "#1", "cullface": "west"},
				"south": {"uv": [12, 12, 13, 13], "texture": "#1", "cullface": "west"},
				"west": {"uv": [10, 12, 13, 13], "texture": "#1", "cullface": "west"},
				"up": {"uv": [10, 12, 13, 13], "rotation": 90, "texture": "#1", "cullface": "west"},
				"down": {"uv": [10, 12, 13, 13], "rotation": 270, "texture": "#1", "cullface": "west"}
			}
		},
		{
			"from": [-0.5, 3, 2],
			"to": [0.5, 4, 7],
			"faces": {
				"north": {"uv": [2, 12, 3, 13], "texture": "#1", "cullface": "west"},
				"south": {"uv": [6, 12, 7, 13], "texture": "#1", "cullface": "west"},
				"west": {"uv": [2, 12, 7, 13], "texture": "#1", "cullface": "west"},
				"up": {"uv": [2, 12, 7, 13], "rotation": 90, "texture": "#1", "cullface": "west"},
				"down": {"uv": [2, 12, 7, 13], "rotation": 270, "texture": "#1", "cullface": "west"}
			}
		},
		{
			"from": [-0.5, 6, 4],
			"to": [0.5, 7, 6],
			"faces": {
				"north": {"uv": [4, 9, 5, 10], "texture": "#1", "cullface": "west"},
				"south": {"uv": [5, 9, 6, 10], "texture": "#1", "cullface": "west"},
				"west": {"uv": [4, 9, 6, 10], "texture": "#1", "cullface": "west"},
				"up": {"uv": [4, 9, 6, 10], "rotation": 90, "texture": "#1", "cullface": "west"},
				"down": {"uv": [4, 9, 6, 10], "rotation": 270, "texture": "#1", "cullface": "west"}
			}
		},
		{
			"from": [-0.5, 8, 11],
			"to": [0.5, 9, 13],
			"faces": {
				"north": {"uv": [11, 7, 12, 8], "texture": "#1", "cullface": "west"},
				"south": {"uv": [12, 7, 13, 8], "texture": "#1", "cullface": "west"},
				"west": {"uv": [11, 7, 13, 8], "texture": "#1", "cullface": "west"},
				"up": {"uv": [11, 7, 13, 8], "rotation": 90, "texture": "#1", "cullface": "west"},
				"down": {"uv": [11, 7, 13, 8], "rotation": 270, "texture": "#1", "cullface": "west"}
			}
		},
		{
			"from": [-0.5, 2, 10],
			"to": [0.5, 3, 12],
			"faces": {
				"north": {"uv": [10, 13, 11, 14], "texture": "#1", "cullface": "west"},
				"south": {"uv": [11, 13, 12, 14], "texture": "#1", "cullface": "west"},
				"west": {"uv": [10, 13, 12, 14], "texture": "#1", "cullface": "west"},
				"up": {"uv": [10, 13, 12, 14], "rotation": 90, "texture": "#1", "cullface": "west"},
				"down": {"uv": [10, 13, 12, 14], "rotation": 270, "texture": "#1", "cullface": "west"}
			}
		},
		{
			"from": [-0.5, 2, 3],
			"to": [0.5, 3, 5],
			"faces": {
				"north": {"uv": [3, 13, 4, 14], "texture": "#1", "cullface": "west"},
				"south": {"uv": [4, 13, 5, 14], "texture": "#1", "cullface": "west"},
				"west": {"uv": [3, 13, 5, 14], "texture": "#1", "cullface": "west"},
				"up": {"uv": [3, 13, 5, 14], "rotation": 90, "texture": "#1", "cullface": "west"},
				"down": {"uv": [3, 13, 5, 14], "rotation": 270, "texture": "#1", "cullface": "west"}
			}
		},
		{
			"from": [-0.5, 5, 13],
			"to": [0.5, 6, 15],
			"faces": {
				"north": {"uv": [13, 10, 14, 11], "texture": "#1", "cullface": "west"},
				"south": {"uv": [14, 10, 15, 11], "texture": "#1", "cullface": "west"},
				"west": {"uv": [13, 10, 15, 11], "texture": "#1", "cullface": "west"},
				"up": {"uv": [13, 10, 15, 11], "rotation": 90, "texture": "#1", "cullface": "west"},
				"down": {"uv": [13, 10, 15, 11], "rotation": 270, "texture": "#1", "cullface": "west"}
			}
		},
		{
			"from": [-0.5, 1, 6],
			"to": [0.5, 2, 8],
			"faces": {
				"north": {"uv": [6, 14, 8, 15], "texture": "#1", "cullface": "west"},
				"south": {"uv": [7, 14, 8, 15], "texture": "#1", "cullface": "west"},
				"west": {"uv": [6, 14, 8, 15], "texture": "#1", "cullface": "west"},
				"up": {"uv": [6, 14, 8, 15], "rotation": 90, "texture": "#1", "cullface": "west"},
				"down": {"uv": [6, 14, 8, 15], "rotation": 270, "texture": "#1", "cullface": "west"}
			}
		},
		{
			"from": [-0.5, 13, 12],
			"to": [0.5, 14, 14],
			"faces": {
				"north": {"uv": [12, 2, 13, 3], "texture": "#1", "cullface": "west"},
				"south": {"uv": [13, 2, 14, 3], "texture": "#1", "cullface": "west"},
				"west": {"uv": [12, 2, 14, 3], "texture": "#1", "cullface": "west"},
				"up": {"uv": [12, 2, 14, 3], "rotation": 90, "texture": "#1", "cullface": "west"},
				"down": {"uv": [12, 2, 14, 3], "rotation": 270, "texture": "#1", "cullface": "west"}
			}
		},
		{
			"from": [13, 11, -0.5],
			"to": [15, 12, 0.5],
			"faces": {
				"north": {"uv": [1, 4, 3, 5], "texture": "#1", "cullface": "north"},
				"east": {"uv": [1, 4, 2, 5], "texture": "#1", "cullface": "north"},
				"west": {"uv": [2, 4, 3, 5], "texture": "#1", "cullface": "north"},
				"up": {"uv": [1, 4, 3, 5], "rotation": 180, "texture": "#1", "cullface": "north"},
				"down": {"uv": [1, 4, 3, 5], "rotation": 180, "texture": "#1", "cullface": "north"}
			}
		},
		{
			"from": [7, 13, -0.5],
			"to": [10, 14, 0.5],
			"faces": {
				"north": {"uv": [6, 2, 9, 3], "texture": "#1", "cullface": "north"},
				"east": {"uv": [6, 2, 7, 3], "texture": "#1", "cullface": "north"},
				"west": {"uv": [8, 2, 9, 3], "texture": "#1", "cullface": "north"},
				"up": {"uv": [6, 2, 9, 3], "rotation": 180, "texture": "#1", "cullface": "north"},
				"down": {"uv": [6, 2, 9, 3], "rotation": 180, "texture": "#1", "cullface": "north"}
			}
		},
		{
			"from": [5, 12, -0.5],
			"to": [11, 13, 0.5],
			"faces": {
				"north": {"uv": [5, 3, 11, 4], "texture": "#1", "cullface": "north"},
				"east": {"uv": [5, 3, 6, 4], "texture": "#1", "cullface": "north"},
				"west": {"uv": [10, 3, 11, 4], "texture": "#1", "cullface": "north"},
				"up": {"uv": [5, 3, 11, 4], "rotation": 180, "texture": "#1", "cullface": "north"},
				"down": {"uv": [5, 3, 11, 4], "rotation": 180, "texture": "#1", "cullface": "north"}
			}
		},
		{
			"from": [6, 11, -0.5],
			"to": [9, 12, 0.5],
			"faces": {
				"north": {"uv": [7, 4, 10, 5], "texture": "#1", "cullface": "north"},
				"east": {"uv": [7, 4, 8, 5], "texture": "#1", "cullface": "north"},
				"west": {"uv": [9, 4, 10, 5], "texture": "#1", "cullface": "north"},
				"up": {"uv": [7, 4, 10, 5], "rotation": 180, "texture": "#1", "cullface": "north"},
				"down": {"uv": [7, 4, 10, 5], "rotation": 180, "texture": "#1", "cullface": "north"}
			}
		},
		{
			"from": [9, 8, -0.5],
			"to": [12, 9, 0.5],
			"faces": {
				"north": {"uv": [4, 7, 7, 8], "texture": "#1", "cullface": "north"},
				"east": {"uv": [4, 7, 5, 8], "texture": "#1", "cullface": "north"},
				"west": {"uv": [6, 7, 7, 8], "texture": "#1", "cullface": "north"},
				"up": {"uv": [4, 7, 7, 8], "rotation": 180, "texture": "#1", "cullface": "north"},
				"down": {"uv": [4, 7, 7, 8], "rotation": 180, "texture": "#1", "cullface": "north"}
			}
		},
		{
			"from": [8, 7, -0.5],
			"to": [13, 8, 0.5],
			"faces": {
				"north": {"uv": [3, 8, 8, 9], "texture": "#1", "cullface": "north"},
				"east": {"uv": [3, 8, 4, 9], "texture": "#1", "cullface": "north"},
				"west": {"uv": [7, 8, 8, 9], "texture": "#1", "cullface": "north"},
				"up": {"uv": [3, 8, 8, 9], "rotation": 180, "texture": "#1", "cullface": "north"},
				"down": {"uv": [3, 8, 8, 9], "rotation": 180, "texture": "#1", "cullface": "north"}
			}
		},
		{
			"from": [3, 9, -0.5],
			"to": [6, 10, 0.5],
			"faces": {
				"north": {"uv": [10, 6, 13, 7], "texture": "#1", "cullface": "north"},
				"east": {"uv": [10, 6, 11, 7], "texture": "#1", "cullface": "north"},
				"west": {"uv": [12, 6, 13, 7], "texture": "#1", "cullface": "north"},
				"up": {"uv": [10, 6, 13, 7], "rotation": 180, "texture": "#1", "cullface": "north"},
				"down": {"uv": [10, 6, 13, 7], "rotation": 180, "texture": "#1", "cullface": "north"}
			}
		},
		{
			"from": [3, 3, -0.5],
			"to": [6, 4, 0.5],
			"faces": {
				"north": {"uv": [10, 12, 13, 13], "texture": "#1", "cullface": "north"},
				"east": {"uv": [10, 12, 11, 13], "texture": "#1", "cullface": "north"},
				"west": {"uv": [12, 12, 13, 13], "texture": "#1", "cullface": "north"},
				"up": {"uv": [10, 12, 13, 13], "rotation": 180, "texture": "#1", "cullface": "north"},
				"down": {"uv": [10, 12, 13, 13], "rotation": 180, "texture": "#1", "cullface": "north"}
			}
		},
		{
			"from": [9, 3, -0.5],
			"to": [14, 4, 0.5],
			"faces": {
				"north": {"uv": [2, 12, 7, 13], "texture": "#1", "cullface": "north"},
				"east": {"uv": [2, 12, 3, 13], "texture": "#1", "cullface": "north"},
				"west": {"uv": [6, 12, 7, 13], "texture": "#1", "cullface": "north"},
				"up": {"uv": [2, 12, 7, 13], "rotation": 180, "texture": "#1", "cullface": "north"},
				"down": {"uv": [2, 12, 7, 13], "rotation": 180, "texture": "#1", "cullface": "north"}
			}
		},
		{
			"from": [10, 6, -0.5],
			"to": [12, 7, 0.5],
			"faces": {
				"north": {"uv": [4, 9, 6, 10], "texture": "#1", "cullface": "north"},
				"east": {"uv": [4, 9, 5, 10], "texture": "#1", "cullface": "north"},
				"west": {"uv": [5, 9, 6, 10], "texture": "#1", "cullface": "north"},
				"up": {"uv": [4, 9, 6, 10], "rotation": 180, "texture": "#1", "cullface": "north"},
				"down": {"uv": [4, 9, 6, 10], "rotation": 180, "texture": "#1", "cullface": "north"}
			}
		},
		{
			"from": [3, 8, -0.5],
			"to": [5, 9, 0.5],
			"faces": {
				"north": {"uv": [11, 7, 13, 8], "texture": "#1", "cullface": "north"},
				"east": {"uv": [11, 7, 12, 8], "texture": "#1", "cullface": "north"},
				"west": {"uv": [12, 7, 13, 8], "texture": "#1", "cullface": "north"},
				"up": {"uv": [11, 7, 13, 8], "rotation": 180, "texture": "#1", "cullface": "north"},
				"down": {"uv": [11, 7, 13, 8], "rotation": 180, "texture": "#1", "cullface": "north"}
			}
		},
		{
			"from": [4, 2, -0.5],
			"to": [6, 3, 0.5],
			"faces": {
				"north": {"uv": [10, 13, 12, 14], "texture": "#1", "cullface": "north"},
				"east": {"uv": [10, 13, 11, 14], "texture": "#1", "cullface": "north"},
				"west": {"uv": [11, 13, 12, 14], "texture": "#1", "cullface": "north"},
				"up": {"uv": [10, 13, 12, 14], "rotation": 180, "texture": "#1", "cullface": "north"},
				"down": {"uv": [10, 13, 12, 14], "rotation": 180, "texture": "#1", "cullface": "north"}
			}
		},
		{
			"from": [11, 2, -0.5],
			"to": [13, 3, 0.5],
			"faces": {
				"north": {"uv": [3, 13, 5, 14], "texture": "#1", "cullface": "north"},
				"east": {"uv": [3, 13, 4, 14], "texture": "#1", "cullface": "north"},
				"west": {"uv": [4, 13, 5, 14], "texture": "#1", "cullface": "north"},
				"up": {"uv": [3, 13, 5, 14], "rotation": 180, "texture": "#1", "cullface": "north"},
				"down": {"uv": [3, 13, 5, 14], "rotation": 180, "texture": "#1", "cullface": "north"}
			}
		},
		{
			"from": [1, 5, -0.5],
			"to": [3, 6, 0.5],
			"faces": {
				"north": {"uv": [13, 10, 15, 11], "texture": "#1", "cullface": "north"},
				"east": {"uv": [13, 10, 14, 11], "texture": "#1", "cullface": "north"},
				"west": {"uv": [14, 10, 15, 11], "texture": "#1", "cullface": "north"},
				"up": {"uv": [13, 10, 15, 11], "rotation": 180, "texture": "#1", "cullface": "north"},
				"down": {"uv": [13, 10, 15, 11], "rotation": 180, "texture": "#1", "cullface": "north"}
			}
		},
		{
			"from": [8, 1, -0.5],
			"to": [10, 2, 0.5],
			"faces": {
				"north": {"uv": [6, 14, 8, 15], "texture": "#1", "cullface": "north"},
				"east": {"uv": [6, 14, 8, 15], "texture": "#1", "cullface": "north"},
				"west": {"uv": [7, 14, 8, 15], "texture": "#1", "cullface": "north"},
				"up": {"uv": [6, 14, 8, 15], "rotation": 180, "texture": "#1", "cullface": "north"},
				"down": {"uv": [6, 14, 8, 15], "rotation": 180, "texture": "#1", "cullface": "north"}
			}
		},
		{
			"from": [2, 13, -0.5],
			"to": [4, 14, 0.5],
			"faces": {
				"north": {"uv": [12, 2, 14, 3], "texture": "#1", "cullface": "north"},
				"east": {"uv": [12, 2, 13, 3], "texture": "#1", "cullface": "north"},
				"west": {"uv": [13, 2, 14, 3], "texture": "#1", "cullface": "north"},
				"up": {"uv": [12, 2, 14, 3], "rotation": 180, "texture": "#1", "cullface": "north"},
				"down": {"uv": [12, 2, 14, 3], "rotation": 180, "texture": "#1", "cullface": "north"}
			}
		},
		{
			"from": [15.5, 11, 13],
			"to": [16.5, 12, 15],
			"faces": {
				"north": {"uv": [2, 4, 3, 5], "texture": "#1", "cullface": "east"},
				"east": {"uv": [1, 4, 3, 5], "texture": "#1", "cullface": "east"},
				"south": {"uv": [1, 4, 2, 5], "texture": "#1", "cullface": "east"},
				"up": {"uv": [1, 4, 3, 5], "rotation": 270, "texture": "#1", "cullface": "east"},
				"down": {"uv": [1, 4, 3, 5], "rotation": 90, "texture": "#1", "cullface": "east"}
			}
		},
		{
			"from": [15.5, 13, 7],
			"to": [16.5, 14, 10],
			"faces": {
				"north": {"uv": [8, 2, 9, 3], "texture": "#1", "cullface": "east"},
				"east": {"uv": [6, 2, 9, 3], "texture": "#1", "cullface": "east"},
				"south": {"uv": [6, 2, 7, 3], "texture": "#1", "cullface": "east"},
				"up": {"uv": [6, 2, 9, 3], "rotation": 270, "texture": "#1", "cullface": "east"},
				"down": {"uv": [6, 2, 9, 3], "rotation": 90, "texture": "#1", "cullface": "east"}
			}
		},
		{
			"from": [15.5, 12, 5],
			"to": [16.5, 13, 11],
			"faces": {
				"north": {"uv": [10, 3, 11, 4], "texture": "#1", "cullface": "east"},
				"east": {"uv": [5, 3, 11, 4], "texture": "#1", "cullface": "east"},
				"south": {"uv": [5, 3, 6, 4], "texture": "#1", "cullface": "east"},
				"up": {"uv": [5, 3, 11, 4], "rotation": 270, "texture": "#1", "cullface": "east"},
				"down": {"uv": [5, 3, 11, 4], "rotation": 90, "texture": "#1", "cullface": "east"}
			}
		},
		{
			"from": [15.5, 11, 6],
			"to": [16.5, 12, 9],
			"faces": {
				"north": {"uv": [9, 4, 10, 5], "texture": "#1", "cullface": "east"},
				"east": {"uv": [7, 4, 10, 5], "texture": "#1", "cullface": "east"},
				"south": {"uv": [7, 4, 8, 5], "texture": "#1", "cullface": "east"},
				"up": {"uv": [7, 4, 10, 5], "rotation": 270, "texture": "#1", "cullface": "east"},
				"down": {"uv": [7, 4, 10, 5], "rotation": 90, "texture": "#1", "cullface": "east"}
			}
		},
		{
			"from": [15.5, 8, 9],
			"to": [16.5, 9, 12],
			"faces": {
				"north": {"uv": [6, 7, 7, 8], "texture": "#1", "cullface": "east"},
				"east": {"uv": [4, 7, 7, 8], "texture": "#1", "cullface": "east"},
				"south": {"uv": [4, 7, 5, 8], "texture": "#1", "cullface": "east"},
				"up": {"uv": [4, 7, 7, 8], "rotation": 270, "texture": "#1", "cullface": "east"},
				"down": {"uv": [4, 7, 7, 8], "rotation": 90, "texture": "#1", "cullface": "east"}
			}
		},
		{
			"from": [15.5, 7, 8],
			"to": [16.5, 8, 13],
			"faces": {
				"north": {"uv": [7, 8, 8, 9], "texture": "#1", "cullface": "east"},
				"east": {"uv": [3, 8, 8, 9], "texture": "#1", "cullface": "east"},
				"south": {"uv": [3, 8, 4, 9], "texture": "#1", "cullface": "east"},
				"up": {"uv": [3, 8, 8, 9], "rotation": 270, "texture": "#1", "cullface": "east"},
				"down": {"uv": [3, 8, 8, 9], "rotation": 90, "texture": "#1", "cullface": "east"}
			}
		},
		{
			"from": [15.5, 9, 3],
			"to": [16.5, 10, 6],
			"faces": {
				"north": {"uv": [12, 6, 13, 7], "texture": "#1", "cullface": "east"},
				"east": {"uv": [10, 6, 13, 7], "texture": "#1", "cullface": "east"},
				"south": {"uv": [10, 6, 11, 7], "texture": "#1", "cullface": "east"},
				"up": {"uv": [10, 6, 13, 7], "rotation": 270, "texture": "#1", "cullface": "east"},
				"down": {"uv": [10, 6, 13, 7], "rotation": 90, "texture": "#1", "cullface": "east"}
			}
		},
		{
			"from": [15.5, 3, 3],
			"to": [16.5, 4, 6],
			"faces": {
				"north": {"uv": [12, 12, 13, 13], "texture": "#1", "cullface": "east"},
				"east": {"uv": [10, 12, 13, 13], "texture": "#1", "cullface": "east"},
				"south": {"uv": [10, 12, 11, 13], "texture": "#1", "cullface": "east"},
				"up": {"uv": [10, 12, 13, 13], "rotation": 270, "texture": "#1", "cullface": "east"},
				"down": {"uv": [10, 12, 13, 13], "rotation": 90, "texture": "#1", "cullface": "east"}
			}
		},
		{
			"from": [15.5, 3, 9],
			"to": [16.5, 4, 14],
			"faces": {
				"north": {"uv": [6, 12, 7, 13], "texture": "#1", "cullface": "east"},
				"east": {"uv": [2, 12, 7, 13], "texture": "#1", "cullface": "east"},
				"south": {"uv": [2, 12, 3, 13], "texture": "#1", "cullface": "east"},
				"up": {"uv": [2, 12, 7, 13], "rotation": 270, "texture": "#1", "cullface": "east"},
				"down": {"uv": [2, 12, 7, 13], "rotation": 90, "texture": "#1", "cullface": "east"}
			}
		},
		{
			"from": [15.5, 6, 10],
			"to": [16.5, 7, 12],
			"faces": {
				"north": {"uv": [5, 9, 6, 10], "texture": "#1", "cullface": "east"},
				"east": {"uv": [4, 9, 6, 10], "texture": "#1", "cullface": "east"},
				"south": {"uv": [4, 9, 5, 10], "texture": "#1", "cullface": "east"},
				"up": {"uv": [4, 9, 6, 10], "rotation": 270, "texture": "#1", "cullface": "east"},
				"down": {"uv": [4, 9, 6, 10], "rotation": 90, "texture": "#1", "cullface": "east"}
			}
		},
		{
			"from": [15.5, 8, 3],
			"to": [16.5, 9, 5],
			"faces": {
				"north": {"uv": [12, 7, 13, 8], "texture": "#1", "cullface": "east"},
				"east": {"uv": [11, 7, 13, 8], "texture": "#1", "cullface": "east"},
				"south": {"uv": [11, 7, 12, 8], "texture": "#1", "cullface": "east"},
				"up": {"uv": [11, 7, 13, 8], "rotation": 270, "texture": "#1", "cullface": "east"},
				"down": {"uv": [11, 7, 13, 8], "rotation": 90, "texture": "#1", "cullface": "east"}
			}
		},
		{
			"from": [15.5, 2, 4],
			"to": [16.5, 3, 6],
			"faces": {
				"north": {"uv": [11, 13, 12, 14], "texture": "#1", "cullface": "east"},
				"east": {"uv": [10, 13, 12, 14], "texture": "#1", "cullface": "east"},
				"south": {"uv": [10, 13, 11, 14], "texture": "#1", "cullface": "east"},
				"up": {"uv": [10, 13, 12, 14], "rotation": 270, "texture": "#1", "cullface": "east"},
				"down": {"uv": [10, 13, 12, 14], "rotation": 90, "texture": "#1", "cullface": "east"}
			}
		},
		{
			"from": [15.5, 2, 11],
			"to": [16.5, 3, 13],
			"faces": {
				"north": {"uv": [4, 13, 5, 14], "texture": "#1", "cullface": "east"},
				"east": {"uv": [3, 13, 5, 14], "texture": "#1", "cullface": "east"},
				"south": {"uv": [3, 13, 4, 14], "texture": "#1", "cullface": "east"},
				"up": {"uv": [3, 13, 5, 14], "rotation": 270, "texture": "#1", "cullface": "east"},
				"down": {"uv": [3, 13, 5, 14], "rotation": 90, "texture": "#1", "cullface": "east"}
			}
		},
		{
			"from": [15.5, 5, 1],
			"to": [16.5, 6, 3],
			"faces": {
				"north": {"uv": [14, 10, 15, 11], "texture": "#1", "cullface": "east"},
				"east": {"uv": [13, 10, 15, 11], "texture": "#1", "cullface": "east"},
				"south": {"uv": [13, 10, 14, 11], "texture": "#1", "cullface": "east"},
				"up": {"uv": [13, 10, 15, 11], "rotation": 270, "texture": "#1", "cullface": "east"},
				"down": {"uv": [13, 10, 15, 11], "rotation": 90, "texture": "#1", "cullface": "east"}
			}
		},
		{
			"from": [15.5, 1, 8],
			"to": [16.5, 2, 10],
			"faces": {
				"north": {"uv": [7, 14, 8, 15], "texture": "#1", "cullface": "east"},
				"east": {"uv": [6, 14, 8, 15], "texture": "#1", "cullface": "east"},
				"south": {"uv": [6, 14, 8, 15], "texture": "#1", "cullface": "east"},
				"up": {"uv": [6, 14, 8, 15], "rotation": 270, "texture": "#1", "cullface": "east"},
				"down": {"uv": [6, 14, 8, 15], "rotation": 90, "texture": "#1", "cullface": "east"}
			}
		},
		{
			"from": [15.5, 13, 2],
			"to": [16.5, 14, 4],
			"faces": {
				"north": {"uv": [13, 2, 14, 3], "texture": "#1", "cullface": "east"},
				"east": {"uv": [12, 2, 14, 3], "texture": "#1", "cullface": "east"},
				"south": {"uv": [12, 2, 13, 3], "texture": "#1", "cullface": "east"},
				"up": {"uv": [12, 2, 14, 3], "rotation": 270, "texture": "#1", "cullface": "east"},
				"down": {"uv": [12, 2, 14, 3], "rotation": 90, "texture": "#1", "cullface": "east"}
			}
		},
		{
			"from": [13, -0.5, 11],
			"to": [15, 0.5, 12],
			"rotation": {"angle": 0, "axis": "y", "origin": [16, 0, 0]},
			"faces": {
				"north": {"uv": [3, 4, 1, 5], "rotation": 180, "texture": "#1", "cullface": "down"},
				"east": {"uv": [2, 4, 1, 5], "rotation": 180, "texture": "#1", "cullface": "down"},
				"south": {"uv": [3, 4, 1, 5], "rotation": 180, "texture": "#1", "cullface": "down"},
				"west": {"uv": [3, 4, 2, 5], "rotation": 180, "texture": "#1", "cullface": "down"},
				"down": {"uv": [3, 4, 1, 5], "texture": "#1", "cullface": "down"}
			}
		},
		{
			"from": [7, -0.5, 13],
			"to": [10, 0.5, 14],
			"rotation": {"angle": 0, "axis": "y", "origin": [16, 0, 0]},
			"faces": {
				"north": {"uv": [9, 2, 6, 3], "rotation": 180, "texture": "#1", "cullface": "down"},
				"east": {"uv": [7, 2, 6, 3], "rotation": 180, "texture": "#1", "cullface": "down"},
				"south": {"uv": [9, 2, 6, 3], "rotation": 180, "texture": "#1", "cullface": "down"},
				"west": {"uv": [9, 2, 8, 3], "rotation": 180, "texture": "#1", "cullface": "down"},
				"down": {"uv": [9, 2, 6, 3], "texture": "#1", "cullface": "down"}
			}
		},
		{
			"from": [5, -0.5, 12],
			"to": [11, 0.5, 13],
			"rotation": {"angle": 0, "axis": "y", "origin": [16, 0, 0]},
			"faces": {
				"north": {"uv": [11, 3, 5, 4], "rotation": 180, "texture": "#1", "cullface": "down"},
				"east": {"uv": [6, 3, 5, 4], "rotation": 180, "texture": "#1", "cullface": "down"},
				"south": {"uv": [3, 4, 1, 5], "rotation": 180, "texture": "#1", "cullface": "down"},
				"west": {"uv": [11, 3, 10, 4], "rotation": 180, "texture": "#1", "cullface": "down"},
				"down": {"uv": [11, 3, 5, 4], "texture": "#1", "cullface": "down"}
			}
		},
		{
			"from": [6, -0.5, 11],
			"to": [9, 0.5, 12],
			"rotation": {"angle": 0, "axis": "y", "origin": [16, 0, 0]},
			"faces": {
				"north": {"uv": [10, 4, 7, 5], "rotation": 180, "texture": "#1", "cullface": "down"},
				"east": {"uv": [8, 4, 7, 5], "rotation": 180, "texture": "#1", "cullface": "down"},
				"south": {"uv": [10, 4, 7, 5], "rotation": 180, "texture": "#1", "cullface": "down"},
				"west": {"uv": [10, 4, 9, 5], "rotation": 180, "texture": "#1", "cullface": "down"},
				"down": {"uv": [10, 4, 7, 5], "texture": "#1", "cullface": "down"}
			}
		},
		{
			"from": [9, -0.5, 8],
			"to": [12, 0.5, 9],
			"rotation": {"angle": 0, "axis": "y", "origin": [16, 0, 0]},
			"faces": {
				"north": {"uv": [7, 7, 4, 8], "rotation": 180, "texture": "#1", "cullface": "down"},
				"east": {"uv": [5, 7, 4, 8], "rotation": 180, "texture": "#1", "cullface": "down"},
				"south": {"uv": [7, 7, 4, 8], "rotation": 180, "texture": "#1", "cullface": "down"},
				"west": {"uv": [7, 7, 6, 8], "rotation": 180, "texture": "#1", "cullface": "down"},
				"down": {"uv": [7, 7, 4, 8], "texture": "#1", "cullface": "down"}
			}
		},
		{
			"from": [8, -0.5, 7],
			"to": [13, 0.5, 8],
			"rotation": {"angle": 0, "axis": "y", "origin": [16, 0, 0]},
			"faces": {
				"north": {"uv": [8, 8, 3, 9], "rotation": 180, "texture": "#1", "cullface": "down"},
				"east": {"uv": [4, 8, 3, 9], "rotation": 180, "texture": "#1", "cullface": "down"},
				"south": {"uv": [8, 8, 3, 9], "rotation": 180, "texture": "#1", "cullface": "down"},
				"west": {"uv": [8, 8, 7, 9], "rotation": 180, "texture": "#1", "cullface": "down"},
				"down": {"uv": [8, 8, 3, 9], "texture": "#1", "cullface": "down"}
			}
		},
		{
			"from": [3, -0.5, 9],
			"to": [6, 0.5, 10],
			"rotation": {"angle": 0, "axis": "y", "origin": [16, 0, 0]},
			"faces": {
				"north": {"uv": [13, 6, 10, 7], "rotation": 180, "texture": "#1", "cullface": "down"},
				"east": {"uv": [11, 6, 10, 7], "rotation": 180, "texture": "#1", "cullface": "down"},
				"south": {"uv": [13, 6, 10, 7], "rotation": 180, "texture": "#1", "cullface": "down"},
				"west": {"uv": [13, 6, 12, 7], "rotation": 180, "texture": "#1", "cullface": "down"},
				"down": {"uv": [13, 6, 10, 7], "texture": "#1", "cullface": "down"}
			}
		},
		{
			"from": [3, -0.5, 3],
			"to": [6, 0.5, 4],
			"rotation": {"angle": 0, "axis": "y", "origin": [16, 0, 0]},
			"faces": {
				"north": {"uv": [13, 12, 10, 13], "rotation": 180, "texture": "#1", "cullface": "down"},
				"east": {"uv": [11, 12, 10, 13], "rotation": 180, "texture": "#1", "cullface": "down"},
				"south": {"uv": [13, 12, 10, 13], "rotation": 180, "texture": "#1", "cullface": "down"},
				"west": {"uv": [13, 12, 12, 13], "rotation": 180, "texture": "#1", "cullface": "down"},
				"down": {"uv": [13, 12, 10, 13], "texture": "#1", "cullface": "down"}
			}
		},
		{
			"from": [9, -0.5, 3],
			"to": [14, 0.5, 4],
			"rotation": {"angle": 0, "axis": "y", "origin": [16, 0, 0]},
			"faces": {
				"north": {"uv": [7, 12, 2, 13], "rotation": 180, "texture": "#1", "cullface": "down"},
				"east": {"uv": [3, 12, 2, 13], "rotation": 180, "texture": "#1", "cullface": "down"},
				"south": {"uv": [7, 12, 2, 13], "rotation": 180, "texture": "#1", "cullface": "down"},
				"west": {"uv": [7, 12, 6, 13], "rotation": 180, "texture": "#1", "cullface": "down"},
				"down": {"uv": [7, 12, 2, 13], "texture": "#1", "cullface": "down"}
			}
		},
		{
			"from": [10, -0.5, 6],
			"to": [12, 0.5, 7],
			"rotation": {"angle": 0, "axis": "y", "origin": [16, 0, 0]},
			"faces": {
				"north": {"uv": [6, 9, 4, 10], "rotation": 180, "texture": "#1", "cullface": "down"},
				"east": {"uv": [5, 9, 4, 10], "rotation": 180, "texture": "#1", "cullface": "down"},
				"south": {"uv": [6, 9, 4, 10], "rotation": 180, "texture": "#1", "cullface": "down"},
				"west": {"uv": [6, 9, 5, 10], "rotation": 180, "texture": "#1", "cullface": "down"},
				"down": {"uv": [6, 9, 4, 10], "texture": "#1", "cullface": "down"}
			}
		},
		{
			"from": [3, -0.5, 8],
			"to": [5, 0.5, 9],
			"rotation": {"angle": 0, "axis": "y", "origin": [16, 0, 0]},
			"faces": {
				"north": {"uv": [13, 7, 11, 8], "rotation": 180, "texture": "#1", "cullface": "down"},
				"east": {"uv": [12, 7, 11, 8], "rotation": 180, "texture": "#1", "cullface": "down"},
				"south": {"uv": [13, 7, 11, 8], "rotation": 180, "texture": "#1", "cullface": "down"},
				"west": {"uv": [13, 7, 12, 8], "rotation": 180, "texture": "#1", "cullface": "down"},
				"down": {"uv": [13, 7, 11, 8], "texture": "#1", "cullface": "down"}
			}
		},
		{
			"from": [4, -0.5, 2],
			"to": [6, 0.5, 3],
			"rotation": {"angle": 0, "axis": "y", "origin": [16, 0, 0]},
			"faces": {
				"north": {"uv": [12, 13, 10, 14], "rotation": 180, "texture": "#1", "cullface": "down"},
				"east": {"uv": [11, 13, 10, 14], "rotation": 180, "texture": "#1", "cullface": "down"},
				"south": {"uv": [12, 13, 10, 14], "rotation": 180, "texture": "#1", "cullface": "down"},
				"west": {"uv": [12, 13, 11, 14], "rotation": 180, "texture": "#1", "cullface": "down"},
				"down": {"uv": [12, 13, 10, 14], "texture": "#1", "cullface": "down"}
			}
		},
		{
			"from": [11, -0.5, 2],
			"to": [13, 0.5, 3],
			"rotation": {"angle": 0, "axis": "y", "origin": [16, 0, 0]},
			"faces": {
				"north": {"uv": [5, 13, 3, 14], "rotation": 180, "texture": "#1", "cullface": "down"},
				"east": {"uv": [4, 13, 3, 14], "rotation": 180, "texture": "#1", "cullface": "down"},
				"south": {"uv": [5, 13, 3, 14], "rotation": 180, "texture": "#1", "cullface": "down"},
				"west": {"uv": [5, 13, 4, 14], "rotation": 180, "texture": "#1", "cullface": "down"},
				"down": {"uv": [5, 13, 3, 14], "texture": "#1", "cullface": "down"}
			}
		},
		{
			"from": [1, -0.5, 5],
			"to": [3, 0.5, 6],
			"rotation": {"angle": 0, "axis": "y", "origin": [16, 0, 0]},
			"faces": {
				"north": {"uv": [15, 10, 13, 11], "rotation": 180, "texture": "#1", "cullface": "down"},
				"east": {"uv": [14, 10, 13, 11], "rotation": 180, "texture": "#1", "cullface": "down"},
				"south": {"uv": [15, 10, 13, 11], "rotation": 180, "texture": "#1", "cullface": "down"},
				"west": {"uv": [15, 10, 14, 11], "rotation": 180, "texture": "#1", "cullface": "down"},
				"down": {"uv": [15, 10, 13, 11], "texture": "#1", "cullface": "down"}
			}
		},
		{
			"from": [8, -0.5, 1],
			"to": [10, 0.5, 2],
			"rotation": {"angle": 0, "axis": "y", "origin": [16, 0, 0]},
			"faces": {
				"north": {"uv": [8, 14, 6, 15], "rotation": 180, "texture": "#1", "cullface": "down"},
				"east": {"uv": [8, 14, 6, 15], "rotation": 180, "texture": "#1", "cullface": "down"},
				"south": {"uv": [8, 14, 6, 15], "rotation": 180, "texture": "#1", "cullface": "down"},
				"west": {"uv": [8, 14, 7, 15], "rotation": 180, "texture": "#1", "cullface": "down"},
				"down": {"uv": [8, 14, 6, 15], "texture": "#1", "cullface": "down"}
			}
		},
		{
			"from": [2, -0.5, 13],
			"to": [4, 0.5, 14],
			"rotation": {"angle": 0, "axis": "y", "origin": [16, 0, 0]},
			"faces": {
				"north": {"uv": [14, 2, 12, 3], "rotation": 180, "texture": "#1", "cullface": "down"},
				"east": {"uv": [13, 2, 12, 3], "rotation": 180, "texture": "#1", "cullface": "down"},
				"south": {"uv": [14, 2, 12, 3], "rotation": 180, "texture": "#1", "cullface": "down"},
				"west": {"uv": [14, 2, 13, 3], "rotation": 180, "texture": "#1", "cullface": "down"},
				"down": {"uv": [14, 2, 12, 3], "texture": "#1", "cullface": "down"}
			}
		}
	],
	"groups": [
		0,
		{
			"name": "up",
			"origin": [8, 8, 8],
			"color": 0,
			"children": [1, 2, 3, 4, 5, 6, 7, 8, 9, 10, 11, 12, 13, 14, 15, 16]
		},
		{
			"name": "south",
			"origin": [8, 8, 8],
			"color": 0,
			"children": [17, 18, 19, 20, 21, 22, 23, 24, 25, 26, 27, 28, 29, 30, 31, 32]
		},
		{
			"name": "west",
			"origin": [8, 8, 8],
			"color": 0,
			"children": [33, 34, 35, 36, 37, 38, 39, 40, 41, 42, 43, 44, 45, 46, 47, 48]
		},
		{
			"name": "north",
			"origin": [8, 8, 8],
			"color": 0,
			"children": [49, 50, 51, 52, 53, 54, 55, 56, 57, 58, 59, 60, 61, 62, 63, 64]
		},
		{
			"name": "east",
			"origin": [8, 8, 8],
			"color": 0,
			"children": [65, 66, 67, 68, 69, 70, 71, 72, 73, 74, 75, 76, 77, 78, 79, 80]
		},
		{
			"name": "down",
			"origin": [8, 8, 8],
			"color": 0,
			"children": [81, 82, 83, 84, 85, 86, 87, 88, 89, 90, 91, 92, 93, 94, 95, 96]
		}
	]
}