{
	"credit": "Made with Blockbench",
	"parent": "block/block",
	"textures": {
		"1": "stone",
		"2": "copper_ore",
		"particle": "copper_ore"
	},
	"elements": [
		{
			"from": [0, 0, 0],
			"to": [16, 16, 16],
			"faces": {
				"north": {"uv": [0, 0, 16, 16], "texture": "#1", "cullface": "north"},
				"east": {"uv": [0, 0, 16, 16], "texture": "#1", "cullface": "east"},
				"south": {"uv": [0, 0, 16, 16], "texture": "#1", "cullface": "south"},
				"west": {"uv": [0, 0, 16, 16], "texture": "#1", "cullface": "west"},
				"up": {"uv": [0, 0, 16, 16], "texture": "#1", "cullface": "up"},
				"down": {"uv": [0, 0, 16, 16], "texture": "#1", "cullface": "down"}
			}
		},
		{
			"from": [2, 15.5, 2],
			"to": [4, 16.5, 3],
			"rotation": {"angle": 0, "axis": "y", "origin": [0.5, 16.5, 0.5]},
			"faces": {
				"north": {"uv": [2, 2, 4, 3], "texture": "#2", "cullface": "up"},
				"east": {"uv": [3, 2, 4, 3], "texture": "#2", "cullface": "up"},
				"south": {"uv": [2, 2, 4, 3], "texture": "#2", "cullface": "up"},
				"west": {"uv": [2, 2, 3, 3], "texture": "#2", "cullface": "up"},
				"up": {"uv": [2, 2, 4, 3], "texture": "#2", "cullface": "up"}
			}
		},
		{
			"from": [11, 15.5, 2],
			"to": [13, 16.5, 3],
			"rotation": {"angle": 0, "axis": "y", "origin": [0.5, 16.5, 0.5]},
			"faces": {
				"north": {"uv": [11, 2, 13, 3], "texture": "#2", "cullface": "up"},
				"east": {"uv": [12, 2, 13, 3], "texture": "#2", "cullface": "up"},
				"south": {"uv": [11, 2, 13, 3], "texture": "#2", "cullface": "up"},
				"west": {"uv": [11, 2, 12, 3], "texture": "#2", "cullface": "up"},
				"up": {"uv": [11, 2, 13, 3], "texture": "#2", "cullface": "up"}
			}
		},
		{
			"from": [5, 15.5, 3],
			"to": [7, 16.5, 4],
			"rotation": {"angle": 0, "axis": "y", "origin": [0.5, 16.5, 0.5]},
			"faces": {
				"north": {"uv": [5, 3, 7, 4], "texture": "#2", "cullface": "up"},
				"east": {"uv": [6, 3, 7, 4], "texture": "#2", "cullface": "up"},
				"south": {"uv": [5, 3, 7, 4], "texture": "#2", "cullface": "up"},
				"west": {"uv": [5, 3, 6, 4], "texture": "#2", "cullface": "up"},
				"up": {"uv": [5, 3, 7, 4], "texture": "#2", "cullface": "up"}
			}
		},
		{
			"from": [4, 15.5, 4],
			"to": [9, 16.5, 5],
			"rotation": {"angle": 0, "axis": "y", "origin": [0.5, 16.5, 0.5]},
			"faces": {
				"north": {"uv": [4, 4, 9, 5], "texture": "#2", "cullface": "up"},
				"east": {"uv": [8, 4, 9, 5], "texture": "#2", "cullface": "up"},
				"south": {"uv": [4, 4, 9, 5], "texture": "#2", "cullface": "up"},
				"west": {"uv": [4, 4, 5, 5], "texture": "#2", "cullface": "up"},
				"up": {"uv": [4, 4, 9, 5], "texture": "#2", "cullface": "up"}
			}
		},
		{
			"from": [3, 15.5, 5],
			"to": [7, 16.5, 6],
			"rotation": {"angle": 0, "axis": "y", "origin": [0.5, 16.5, 0.5]},
			"faces": {
				"north": {"uv": [3, 5, 7, 6], "texture": "#2", "cullface": "up"},
				"east": {"uv": [6, 5, 7, 6], "texture": "#2", "cullface": "up"},
				"south": {"uv": [3, 5, 7, 6], "texture": "#2", "cullface": "up"},
				"west": {"uv": [3, 5, 4, 6], "texture": "#2", "cullface": "up"},
				"up": {"uv": [3, 5, 7, 6], "texture": "#2", "cullface": "up"}
			}
		},
		{
			"from": [11, 15.5, 6],
			"to": [13, 16.5, 7],
			"rotation": {"angle": 0, "axis": "y", "origin": [0.5, 16.5, 0.5]},
			"faces": {
				"north": {"uv": [11, 6, 13, 7], "texture": "#2", "cullface": "up"},
				"east": {"uv": [12, 6, 13, 7], "texture": "#2", "cullface": "up"},
				"south": {"uv": [11, 6, 13, 7], "texture": "#2", "cullface": "up"},
				"west": {"uv": [11, 6, 12, 7], "texture": "#2", "cullface": "up"},
				"up": {"uv": [11, 6, 13, 7], "texture": "#2", "cullface": "up"}
			}
		},
		{
			"from": [9, 15.5, 7],
			"to": [14, 16.5, 8],
			"rotation": {"angle": 0, "axis": "y", "origin": [0.5, 16.5, 0.5]},
			"faces": {
				"north": {"uv": [9, 7, 14, 8], "texture": "#2", "cullface": "up"},
				"east": {"uv": [13, 7, 14, 8], "texture": "#2", "cullface": "up"},
				"south": {"uv": [9, 7, 14, 8], "texture": "#2", "cullface": "up"},
				"west": {"uv": [9, 7, 10, 8], "texture": "#2", "cullface": "up"},
				"up": {"uv": [9, 7, 14, 8], "texture": "#2", "cullface": "up"}
			}
		},
		{
			"from": [10, 15.5, 8],
			"to": [15, 16.5, 9],
			"rotation": {"angle": 0, "axis": "y", "origin": [0.5, 16.5, 0.5]},
			"faces": {
				"north": {"uv": [10, 8, 15, 9], "texture": "#2", "cullface": "up"},
				"east": {"uv": [14, 8, 15, 9], "texture": "#2", "cullface": "up"},
				"south": {"uv": [10, 8, 15, 9], "texture": "#2", "cullface": "up"},
				"west": {"uv": [10, 8, 11, 9], "texture": "#2", "cullface": "up"},
				"up": {"uv": [10, 8, 15, 9], "texture": "#2", "cullface": "up"}
			}
		},
		{
			"from": [11, 15.5, 9],
			"to": [12, 16.5, 10],
			"rotation": {"angle": 0, "axis": "y", "origin": [0.5, 16.5, 0.5]},
			"faces": {
				"north": {"uv": [11, 9, 12, 10], "texture": "#2", "cullface": "up"},
				"east": {"uv": [11, 9, 12, 10], "texture": "#2", "cullface": "up"},
				"south": {"uv": [11, 9, 12, 10], "texture": "#2", "cullface": "up"},
				"west": {"uv": [11, 9, 12, 10], "texture": "#2", "cullface": "up"},
				"up": {"uv": [11, 9, 12, 10], "texture": "#2", "cullface": "up"}
			}
		},
		{
			"from": [3, 15.5, 8],
			"to": [5, 16.5, 9],
			"rotation": {"angle": 0, "axis": "y", "origin": [0.5, 16.5, 0.5]},
			"faces": {
				"north": {"uv": [3, 8, 5, 9], "texture": "#2", "cullface": "up"},
				"east": {"uv": [4, 8, 5, 9], "texture": "#2", "cullface": "up"},
				"south": {"uv": [3, 8, 5, 9], "texture": "#2", "cullface": "up"},
				"west": {"uv": [3, 8, 4, 9], "texture": "#2", "cullface": "up"},
				"up": {"uv": [3, 8, 5, 9], "texture": "#2", "cullface": "up"}
			}
		},
		{
			"from": [1, 15.5, 9],
			"to": [6, 16.5, 10],
			"rotation": {"angle": 0, "axis": "y", "origin": [0.5, 16.5, 0.5]},
			"faces": {
				"north": {"uv": [1, 9, 6, 10], "texture": "#2", "cullface": "up"},
				"east": {"uv": [5, 9, 6, 10], "texture": "#2", "cullface": "up"},
				"south": {"uv": [1, 9, 6, 10], "texture": "#2", "cullface": "up"},
				"west": {"uv": [1, 9, 2, 10], "texture": "#2", "cullface": "up"},
				"up": {"uv": [1, 9, 6, 10], "texture": "#2", "cullface": "up"}
			}
		},
		{
			"from": [7, 15.5, 11],
			"to": [8, 16.5, 12],
			"rotation": {"angle": 0, "axis": "y", "origin": [0.5, 16.5, 0.5]},
			"faces": {
				"north": {"uv": [7, 11, 8, 12], "texture": "#2", "cullface": "up"},
				"east": {"uv": [7, 11, 8, 12], "texture": "#2", "cullface": "up"},
				"south": {"uv": [7, 11, 8, 12], "texture": "#2", "cullface": "up"},
				"west": {"uv": [7, 11, 8, 12], "texture": "#2", "cullface": "up"},
				"up": {"uv": [7, 11, 8, 12], "texture": "#2", "cullface": "up"}
			}
		},
		{
			"from": [5, 15.5, 12],
			"to": [10, 16.5, 13],
			"rotation": {"angle": 0, "axis": "y", "origin": [0.5, 16.5, 0.5]},
			"faces": {
				"north": {"uv": [5, 12, 10, 13], "texture": "#2", "cullface": "up"},
				"east": {"uv": [9, 12, 10, 13], "texture": "#2", "cullface": "up"},
				"south": {"uv": [5, 12, 10, 13], "texture": "#2", "cullface": "up"},
				"west": {"uv": [5, 12, 6, 13], "texture": "#2", "cullface": "up"},
				"up": {"uv": [5, 12, 10, 13], "texture": "#2", "cullface": "up"}
			}
		},
		{
			"from": [6, 15.5, 13],
			"to": [9, 16.5, 14],
			"rotation": {"angle": 0, "axis": "y", "origin": [0.5, 16.5, 0.5]},
			"faces": {
				"north": {"uv": [6, 13, 9, 14], "texture": "#2", "cullface": "up"},
				"east": {"uv": [8, 13, 9, 14], "texture": "#2", "cullface": "up"},
				"south": {"uv": [6, 13, 9, 14], "texture": "#2", "cullface": "up"},
				"west": {"uv": [6, 13, 7, 14], "texture": "#2", "cullface": "up"},
				"up": {"uv": [6, 13, 9, 14], "texture": "#2", "cullface": "up"}
			}
		},
		{
			"from": [2, 15.5, 13],
			"to": [4, 16.5, 14],
			"rotation": {"angle": 0, "axis": "y", "origin": [0.5, 16.5, 0.5]},
			"faces": {
				"north": {"uv": [2, 13, 4, 14], "texture": "#2", "cullface": "up"},
				"east": {"uv": [3, 13, 4, 14], "texture": "#2", "cullface": "up"},
				"south": {"uv": [2, 13, 4, 14], "texture": "#2", "cullface": "up"},
				"west": {"uv": [2, 13, 3, 14], "texture": "#2", "cullface": "up"},
				"up": {"uv": [2, 13, 4, 14], "texture": "#2", "cullface": "up"}
			}
		},
		{
			"from": [2, 15.5, 10],
			"to": [4, 16.5, 11],
			"rotation": {"angle": 0, "axis": "y", "origin": [0.5, 16.5, 0.5]},
			"faces": {
				"north": {"uv": [2, 10, 4, 11], "texture": "#2", "cullface": "up"},
				"east": {"uv": [3, 10, 4, 11], "texture": "#2", "cullface": "up"},
				"south": {"uv": [2, 10, 4, 11], "texture": "#2", "cullface": "up"},
				"west": {"uv": [2, 10, 3, 11], "texture": "#2", "cullface": "up"},
				"up": {"uv": [2, 10, 4, 11], "texture": "#2", "cullface": "up"}
			}
		},
		{
			"from": [13, 15.5, 13],
			"to": [15, 16.5, 14],
			"rotation": {"angle": 0, "axis": "y", "origin": [0.5, 16.5, 0.5]},
			"faces": {
				"north": {"uv": [13, 13, 15, 14], "texture": "#2", "cullface": "up"},
				"east": {"uv": [14, 13, 15, 14], "texture": "#2", "cullface": "up"},
				"south": {"uv": [13, 13, 15, 14], "texture": "#2", "cullface": "up"},
				"west": {"uv": [13, 13, 14, 14], "texture": "#2", "cullface": "up"},
				"up": {"uv": [13, 13, 15, 14], "texture": "#2", "cullface": "up"}
			}
		},
		{
			"from": [2, 13, 15.5],
			"to": [4, 14, 16.5],
			"rotation": {"angle": 0, "axis": "y", "origin": [0.5, 16.5, 0.5]},
			"faces": {
				"east": {"uv": [3, 2, 4, 3], "rotation": 270, "texture": "#2", "cullface": "south"},
				"south": {"uv": [2, 2, 4, 3], "texture": "#2", "cullface": "south"},
				"west": {"uv": [2, 2, 3, 3], "rotation": 90, "texture": "#2", "cullface": "south"},
				"up": {"uv": [2, 2, 4, 3], "rotation": 180, "texture": "#2", "cullface": "south"},
				"down": {"uv": [2, 2, 4, 3], "texture": "#2", "cullface": "south"}
			}
		},
		{
			"from": [11, 13, 15.5],
			"to": [13, 14, 16.5],
			"rotation": {"angle": 0, "axis": "y", "origin": [0.5, 16.5, 0.5]},
			"faces": {
				"east": {"uv": [12, 2, 13, 3], "rotation": 270, "texture": "#2", "cullface": "south"},
				"south": {"uv": [11, 2, 13, 3], "texture": "#2", "cullface": "south"},
				"west": {"uv": [11, 2, 12, 3], "rotation": 90, "texture": "#2", "cullface": "south"},
				"up": {"uv": [11, 2, 13, 3], "rotation": 180, "texture": "#2", "cullface": "south"},
				"down": {"uv": [11, 2, 13, 3], "texture": "#2", "cullface": "south"}
			}
		},
		{
			"from": [5, 12, 15.5],
			"to": [7, 13, 16.5],
			"rotation": {"angle": 0, "axis": "y", "origin": [0.5, 16.5, 0.5]},
			"faces": {
				"east": {"uv": [6, 3, 7, 4], "rotation": 270, "texture": "#2", "cullface": "south"},
				"south": {"uv": [5, 3, 7, 4], "texture": "#2", "cullface": "south"},
				"west": {"uv": [5, 3, 6, 4], "rotation": 90, "texture": "#2", "cullface": "south"},
				"up": {"uv": [5, 3, 7, 4], "rotation": 180, "texture": "#2", "cullface": "south"},
				"down": {"uv": [5, 3, 7, 4], "texture": "#2", "cullface": "south"}
			}
		},
		{
			"from": [4, 11, 15.5],
			"to": [9, 12, 16.5],
			"rotation": {"angle": 0, "axis": "y", "origin": [0.5, 16.5, 0.5]},
			"faces": {
				"east": {"uv": [8, 4, 9, 5], "rotation": 270, "texture": "#2", "cullface": "south"},
				"south": {"uv": [4, 4, 9, 5], "texture": "#2", "cullface": "south"},
				"west": {"uv": [4, 4, 5, 5], "rotation": 90, "texture": "#2", "cullface": "south"},
				"up": {"uv": [4, 4, 9, 5], "rotation": 180, "texture": "#2", "cullface": "south"},
				"down": {"uv": [4, 4, 9, 5], "texture": "#2", "cullface": "south"}
			}
		},
		{
			"from": [3, 10, 15.5],
			"to": [7, 11, 16.5],
			"rotation": {"angle": 0, "axis": "y", "origin": [0.5, 16.5, 0.5]},
			"faces": {
				"east": {"uv": [6, 5, 7, 6], "rotation": 270, "texture": "#2", "cullface": "south"},
				"south": {"uv": [3, 5, 7, 6], "texture": "#2", "cullface": "south"},
				"west": {"uv": [3, 5, 4, 6], "rotation": 90, "texture": "#2", "cullface": "south"},
				"up": {"uv": [3, 5, 7, 6], "rotation": 180, "texture": "#2", "cullface": "south"},
				"down": {"uv": [3, 5, 7, 6], "texture": "#2", "cullface": "south"}
			}
		},
		{
			"from": [11, 9, 15.5],
			"to": [13, 10, 16.5],
			"rotation": {"angle": 0, "axis": "y", "origin": [0.5, 16.5, 0.5]},
			"faces": {
				"east": {"uv": [12, 6, 13, 7], "rotation": 270, "texture": "#2", "cullface": "south"},
				"south": {"uv": [11, 6, 13, 7], "texture": "#2", "cullface": "south"},
				"west": {"uv": [11, 6, 12, 7], "rotation": 90, "texture": "#2", "cullface": "south"},
				"up": {"uv": [11, 6, 13, 7], "rotation": 180, "texture": "#2", "cullface": "south"},
				"down": {"uv": [11, 6, 13, 7], "texture": "#2", "cullface": "south"}
			}
		},
		{
			"from": [9, 8, 15.5],
			"to": [14, 9, 16.5],
			"rotation": {"angle": 0, "axis": "y", "origin": [0.5, 16.5, 0.5]},
			"faces": {
				"east": {"uv": [13, 7, 14, 8], "rotation": 270, "texture": "#2", "cullface": "south"},
				"south": {"uv": [9, 7, 14, 8], "texture": "#2", "cullface": "south"},
				"west": {"uv": [9, 7, 10, 8], "rotation": 90, "texture": "#2", "cullface": "south"},
				"up": {"uv": [9, 7, 14, 8], "rotation": 180, "texture": "#2", "cullface": "south"},
				"down": {"uv": [9, 7, 14, 8], "texture": "#2", "cullface": "south"}
			}
		},
		{
			"from": [10, 7, 15.5],
			"to": [15, 8, 16.5],
			"rotation": {"angle": 0, "axis": "y", "origin": [0.5, 16.5, 0.5]},
			"faces": {
				"east": {"uv": [14, 8, 15, 9], "rotation": 270, "texture": "#2", "cullface": "south"},
				"south": {"uv": [10, 8, 15, 9], "texture": "#2", "cullface": "south"},
				"west": {"uv": [10, 8, 11, 9], "rotation": 90, "texture": "#2", "cullface": "south"},
				"up": {"uv": [10, 8, 15, 9], "rotation": 180, "texture": "#2", "cullface": "south"},
				"down": {"uv": [10, 8, 15, 9], "texture": "#2", "cullface": "south"}
			}
		},
		{
			"from": [11, 6, 15.5],
			"to": [12, 7, 16.5],
			"rotation": {"angle": 0, "axis": "y", "origin": [0.5, 16.5, 0.5]},
			"faces": {
				"east": {"uv": [11, 9, 12, 10], "rotation": 270, "texture": "#2", "cullface": "south"},
				"south": {"uv": [11, 9, 12, 10], "texture": "#2", "cullface": "south"},
				"west": {"uv": [11, 9, 12, 10], "rotation": 90, "texture": "#2", "cullface": "south"},
				"up": {"uv": [11, 9, 12, 10], "rotation": 180, "texture": "#2", "cullface": "south"},
				"down": {"uv": [11, 9, 12, 10], "texture": "#2", "cullface": "south"}
			}
		},
		{
			"from": [3, 7, 15.5],
			"to": [5, 8, 16.5],
			"rotation": {"angle": 0, "axis": "y", "origin": [0.5, 16.5, 0.5]},
			"faces": {
				"east": {"uv": [4, 8, 5, 9], "rotation": 270, "texture": "#2", "cullface": "south"},
				"south": {"uv": [3, 8, 5, 9], "texture": "#2", "cullface": "south"},
				"west": {"uv": [3, 8, 4, 9], "rotation": 90, "texture": "#2", "cullface": "south"},
				"up": {"uv": [3, 8, 5, 9], "rotation": 180, "texture": "#2", "cullface": "south"},
				"down": {"uv": [3, 8, 5, 9], "texture": "#2", "cullface": "south"}
			}
		},
		{
			"from": [1, 6, 15.5],
			"to": [6, 7, 16.5],
			"rotation": {"angle": 0, "axis": "y", "origin": [0.5, 16.5, 0.5]},
			"faces": {
				"east": {"uv": [5, 9, 6, 10], "rotation": 270, "texture": "#2", "cullface": "south"},
				"south": {"uv": [1, 9, 6, 10], "texture": "#2", "cullface": "south"},
				"west": {"uv": [1, 9, 2, 10], "rotation": 90, "texture": "#2", "cullface": "south"},
				"up": {"uv": [1, 9, 6, 10], "rotation": 180, "texture": "#2", "cullface": "south"},
				"down": {"uv": [1, 9, 6, 10], "texture": "#2", "cullface": "south"}
			}
		},
		{
			"from": [7, 4, 15.5],
			"to": [8, 5, 16.5],
			"rotation": {"angle": 0, "axis": "y", "origin": [0.5, 16.5, 0.5]},
			"faces": {
				"east": {"uv": [7, 11, 8, 12], "rotation": 270, "texture": "#2", "cullface": "south"},
				"south": {"uv": [7, 11, 8, 12], "texture": "#2", "cullface": "south"},
				"west": {"uv": [7, 11, 8, 12], "rotation": 90, "texture": "#2", "cullface": "south"},
				"up": {"uv": [7, 11, 8, 12], "rotation": 180, "texture": "#2", "cullface": "south"},
				"down": {"uv": [7, 11, 8, 12], "texture": "#2", "cullface": "south"}
			}
		},
		{
			"from": [5, 3, 15.5],
			"to": [10, 4, 16.5],
			"rotation": {"angle": 0, "axis": "y", "origin": [0.5, 16.5, 0.5]},
			"faces": {
				"east": {"uv": [9, 12, 10, 13], "rotation": 270, "texture": "#2", "cullface": "south"},
				"south": {"uv": [5, 12, 10, 13], "texture": "#2", "cullface": "south"},
				"west": {"uv": [5, 12, 6, 13], "rotation": 90, "texture": "#2", "cullface": "south"},
				"up": {"uv": [5, 12, 10, 13], "rotation": 180, "texture": "#2", "cullface": "south"},
				"down": {"uv": [5, 12, 10, 13], "texture": "#2", "cullface": "south"}
			}
		},
		{
			"from": [6, 2, 15.5],
			"to": [9, 3, 16.5],
			"rotation": {"angle": 0, "axis": "y", "origin": [0.5, 16.5, 0.5]},
			"faces": {
				"east": {"uv": [8, 13, 9, 14], "rotation": 270, "texture": "#2", "cullface": "south"},
				"south": {"uv": [6, 13, 9, 14], "texture": "#2", "cullface": "south"},
				"west": {"uv": [6, 13, 7, 14], "rotation": 90, "texture": "#2", "cullface": "south"},
				"up": {"uv": [6, 13, 9, 14], "rotation": 180, "texture": "#2", "cullface": "south"},
				"down": {"uv": [6, 13, 9, 14], "texture": "#2", "cullface": "south"}
			}
		},
		{
			"from": [2, 2, 15.5],
			"to": [4, 3, 16.5],
			"rotation": {"angle": 0, "axis": "y", "origin": [0.5, 16.5, 0.5]},
			"faces": {
				"east": {"uv": [3, 13, 4, 14], "rotation": 270, "texture": "#2", "cullface": "south"},
				"south": {"uv": [2, 13, 4, 14], "texture": "#2", "cullface": "south"},
				"west": {"uv": [2, 13, 3, 14], "rotation": 90, "texture": "#2", "cullface": "south"},
				"up": {"uv": [2, 13, 4, 14], "rotation": 180, "texture": "#2", "cullface": "south"},
				"down": {"uv": [2, 13, 4, 14], "texture": "#2", "cullface": "south"}
			}
		},
		{
			"from": [2, 5, 15.5],
			"to": [4, 6, 16.5],
			"rotation": {"angle": 0, "axis": "y", "origin": [0.5, 16.5, 0.5]},
			"faces": {
				"east": {"uv": [3, 10, 4, 11], "rotation": 270, "texture": "#2", "cullface": "south"},
				"south": {"uv": [2, 10, 4, 11], "texture": "#2", "cullface": "south"},
				"west": {"uv": [2, 10, 3, 11], "rotation": 90, "texture": "#2", "cullface": "south"},
				"up": {"uv": [2, 10, 4, 11], "rotation": 180, "texture": "#2", "cullface": "south"},
				"down": {"uv": [2, 10, 4, 11], "texture": "#2", "cullface": "south"}
			}
		},
		{
			"from": [13, 2, 15.5],
			"to": [15, 3, 16.5],
			"rotation": {"angle": 0, "axis": "y", "origin": [0.5, 16.5, 0.5]},
			"faces": {
				"east": {"uv": [14, 13, 15, 14], "rotation": 270, "texture": "#2", "cullface": "south"},
				"south": {"uv": [13, 13, 15, 14], "texture": "#2", "cullface": "south"},
				"west": {"uv": [13, 13, 14, 14], "rotation": 90, "texture": "#2", "cullface": "south"},
				"up": {"uv": [13, 13, 15, 14], "rotation": 180, "texture": "#2", "cullface": "south"},
				"down": {"uv": [13, 13, 15, 14], "texture": "#2", "cullface": "south"}
			}
		},
		{
			"from": [-0.5, 13, 2],
			"to": [0.5, 14, 4],
			"rotation": {"angle": 0, "axis": "y", "origin": [0.5, 16.5, 0.5]},
			"faces": {
				"north": {"uv": [2, 2, 3, 3], "rotation": 90, "texture": "#2", "cullface": "west"},
				"south": {"uv": [3, 2, 4, 3], "rotation": 270, "texture": "#2", "cullface": "west"},
				"west": {"uv": [2, 2, 4, 3], "texture": "#2", "cullface": "west"},
				"up": {"uv": [2, 2, 4, 3], "rotation": 270, "texture": "#2", "cullface": "west"},
				"down": {"uv": [2, 2, 4, 3], "rotation": 270, "texture": "#2", "cullface": "west"}
			}
		},
		{
			"from": [-0.5, 13, 11],
			"to": [0.5, 14, 13],
			"rotation": {"angle": 0, "axis": "y", "origin": [0.5, 16.5, 0.5]},
			"faces": {
				"north": {"uv": [11, 2, 12, 3], "rotation": 90, "texture": "#2", "cullface": "west"},
				"south": {"uv": [12, 2, 13, 3], "rotation": 270, "texture": "#2", "cullface": "west"},
				"west": {"uv": [11, 2, 13, 3], "texture": "#2", "cullface": "west"},
				"up": {"uv": [11, 2, 13, 3], "rotation": 270, "texture": "#2", "cullface": "west"},
				"down": {"uv": [11, 2, 13, 3], "rotation": 270, "texture": "#2", "cullface": "west"}
			}
		},
		{
			"from": [-0.5, 12, 5],
			"to": [0.5, 13, 7],
			"rotation": {"angle": 0, "axis": "y", "origin": [0.5, 16.5, 0.5]},
			"faces": {
				"north": {"uv": [5, 3, 6, 4], "rotation": 90, "texture": "#2", "cullface": "west"},
				"south": {"uv": [6, 3, 7, 4], "rotation": 270, "texture": "#2", "cullface": "west"},
				"west": {"uv": [5, 3, 7, 4], "texture": "#2", "cullface": "west"},
				"up": {"uv": [5, 3, 7, 4], "rotation": 270, "texture": "#2", "cullface": "west"},
				"down": {"uv": [5, 3, 7, 4], "rotation": 270, "texture": "#2", "cullface": "west"}
			}
		},
		{
			"from": [-0.5, 11, 4],
			"to": [0.5, 12, 9],
			"rotation": {"angle": 0, "axis": "y", "origin": [0.5, 16.5, 0.5]},
			"faces": {
				"north": {"uv": [4, 4, 5, 5], "rotation": 90, "texture": "#2", "cullface": "west"},
				"south": {"uv": [8, 4, 9, 5], "rotation": 270, "texture": "#2", "cullface": "west"},
				"west": {"uv": [4, 4, 9, 5], "texture": "#2", "cullface": "west"},
				"up": {"uv": [4, 4, 9, 5], "rotation": 270, "texture": "#2", "cullface": "west"},
				"down": {"uv": [4, 4, 9, 5], "rotation": 270, "texture": "#2", "cullface": "west"}
			}
		},
		{
			"from": [-0.5, 10, 3],
			"to": [0.5, 11, 7],
			"rotation": {"angle": 0, "axis": "y", "origin": [0.5, 16.5, 0.5]},
			"faces": {
				"north": {"uv": [3, 5, 4, 6], "rotation": 90, "texture": "#2", "cullface": "west"},
				"south": {"uv": [6, 5, 7, 6], "rotation": 270, "texture": "#2", "cullface": "west"},
				"west": {"uv": [3, 5, 7, 6], "texture": "#2", "cullface": "west"},
				"up": {"uv": [3, 5, 7, 6], "rotation": 270, "texture": "#2", "cullface": "west"},
				"down": {"uv": [3, 5, 7, 6], "rotation": 270, "texture": "#2", "cullface": "west"}
			}
		},
		{
			"from": [-0.5, 9, 11],
			"to": [0.5, 10, 13],
			"rotation": {"angle": 0, "axis": "y", "origin": [0.5, 16.5, 0.5]},
			"faces": {
				"north": {"uv": [11, 6, 12, 7], "rotation": 90, "texture": "#2", "cullface": "west"},
				"south": {"uv": [12, 6, 13, 7], "rotation": 270, "texture": "#2", "cullface": "west"},
				"west": {"uv": [11, 6, 13, 7], "texture": "#2", "cullface": "west"},
				"up": {"uv": [11, 6, 13, 7], "rotation": 270, "texture": "#2", "cullface": "west"},
				"down": {"uv": [11, 6, 13, 7], "rotation": 270, "texture": "#2", "cullface": "west"}
			}
		},
		{
			"from": [-0.5, 8, 9],
			"to": [0.5, 9, 14],
			"rotation": {"angle": 0, "axis": "y", "origin": [0.5, 16.5, 0.5]},
			"faces": {
				"north": {"uv": [9, 7, 10, 8], "rotation": 90, "texture": "#2", "cullface": "west"},
				"south": {"uv": [13, 7, 14, 8], "rotation": 270, "texture": "#2", "cullface": "west"},
				"west": {"uv": [9, 7, 14, 8], "texture": "#2", "cullface": "west"},
				"up": {"uv": [9, 7, 14, 8], "rotation": 270, "texture": "#2", "cullface": "west"},
				"down": {"uv": [9, 7, 14, 8], "rotation": 270, "texture": "#2", "cullface": "west"}
			}
		},
		{
			"from": [-0.5, 7, 10],
			"to": [0.5, 8, 15],
			"rotation": {"angle": 0, "axis": "y", "origin": [0.5, 16.5, 0.5]},
			"faces": {
				"north": {"uv": [10, 8, 11, 9], "rotation": 90, "texture": "#2", "cullface": "west"},
				"south": {"uv": [14, 8, 15, 9], "rotation": 270, "texture": "#2", "cullface": "west"},
				"west": {"uv": [10, 8, 15, 9], "texture": "#2", "cullface": "west"},
				"up": {"uv": [10, 8, 15, 9], "rotation": 270, "texture": "#2", "cullface": "west"},
				"down": {"uv": [10, 8, 15, 9], "rotation": 270, "texture": "#2", "cullface": "west"}
			}
		},
		{
			"from": [-0.5, 6, 11],
			"to": [0.5, 7, 12],
			"rotation": {"angle": 0, "axis": "y", "origin": [0.5, 16.5, 0.5]},
			"faces": {
				"north": {"uv": [11, 9, 12, 10], "rotation": 90, "texture": "#2", "cullface": "west"},
				"south": {"uv": [11, 9, 12, 10], "rotation": 270, "texture": "#2", "cullface": "west"},
				"west": {"uv": [11, 9, 12, 10], "texture": "#2", "cullface": "west"},
				"up": {"uv": [11, 9, 12, 10], "rotation": 270, "texture": "#2", "cullface": "west"},
				"down": {"uv": [11, 9, 12, 10], "rotation": 270, "texture": "#2", "cullface": "west"}
			}
		},
		{
			"from": [-0.5, 7, 3],
			"to": [0.5, 8, 5],
			"rotation": {"angle": 0, "axis": "y", "origin": [0.5, 16.5, 0.5]},
			"faces": {
				"north": {"uv": [3, 8, 4, 9], "rotation": 90, "texture": "#2", "cullface": "west"},
				"south": {"uv": [4, 8, 5, 9], "rotation": 270, "texture": "#2", "cullface": "west"},
				"west": {"uv": [3, 8, 5, 9], "texture": "#2", "cullface": "west"},
				"up": {"uv": [3, 8, 5, 9], "rotation": 270, "texture": "#2", "cullface": "west"},
				"down": {"uv": [3, 8, 5, 9], "rotation": 270, "texture": "#2", "cullface": "west"}
			}
		},
		{
			"from": [-0.5, 6, 1],
			"to": [0.5, 7, 6],
			"rotation": {"angle": 0, "axis": "y", "origin": [0.5, 16.5, 0.5]},
			"faces": {
				"north": {"uv": [1, 9, 2, 10], "rotation": 90, "texture": "#2", "cullface": "west"},
				"south": {"uv": [5, 9, 6, 10], "rotation": 270, "texture": "#2", "cullface": "west"},
				"west": {"uv": [1, 9, 6, 10], "texture": "#2", "cullface": "west"},
				"up": {"uv": [1, 9, 6, 10], "rotation": 270, "texture": "#2", "cullface": "west"},
				"down": {"uv": [1, 9, 6, 10], "rotation": 270, "texture": "#2", "cullface": "west"}
			}
		},
		{
			"from": [-0.5, 4, 7],
			"to": [0.5, 5, 8],
			"rotation": {"angle": 0, "axis": "y", "origin": [0.5, 16.5, 0.5]},
			"faces": {
				"north": {"uv": [7, 11, 8, 12], "rotation": 90, "texture": "#2", "cullface": "west"},
				"south": {"uv": [7, 11, 8, 12], "rotation": 270, "texture": "#2", "cullface": "west"},
				"west": {"uv": [7, 11, 8, 12], "texture": "#2", "cullface": "west"},
				"up": {"uv": [7, 11, 8, 12], "rotation": 270, "texture": "#2", "cullface": "west"},
				"down": {"uv": [7, 11, 8, 12], "rotation": 270, "texture": "#2", "cullface": "west"}
			}
		},
		{
			"from": [-0.5, 3, 5],
			"to": [0.5, 4, 10],
			"rotation": {"angle": 0, "axis": "y", "origin": [0.5, 16.5, 0.5]},
			"faces": {
				"north": {"uv": [5, 12, 6, 13], "rotation": 90, "texture": "#2", "cullface": "west"},
				"south": {"uv": [9, 12, 10, 13], "rotation": 270, "texture": "#2", "cullface": "west"},
				"west": {"uv": [5, 12, 10, 13], "texture": "#2", "cullface": "west"},
				"up": {"uv": [5, 12, 10, 13], "rotation": 270, "texture": "#2", "cullface": "west"},
				"down": {"uv": [5, 12, 10, 13], "rotation": 270, "texture": "#2", "cullface": "west"}
			}
		},
		{
			"from": [-0.5, 2, 6],
			"to": [0.5, 3, 9],
			"rotation": {"angle": 0, "axis": "y", "origin": [0.5, 16.5, 0.5]},
			"faces": {
				"north": {"uv": [6, 13, 7, 14], "rotation": 90, "texture": "#2", "cullface": "west"},
				"south": {"uv": [8, 13, 9, 14], "rotation": 270, "texture": "#2", "cullface": "west"},
				"west": {"uv": [6, 13, 9, 14], "texture": "#2", "cullface": "west"},
				"up": {"uv": [6, 13, 9, 14], "rotation": 270, "texture": "#2", "cullface": "west"},
				"down": {"uv": [6, 13, 9, 14], "rotation": 270, "texture": "#2", "cullface": "west"}
			}
		},
		{
			"from": [-0.5, 2, 2],
			"to": [0.5, 3, 4],
			"rotation": {"angle": 0, "axis": "y", "origin": [0.5, 16.5, 0.5]},
			"faces": {
				"north": {"uv": [2, 13, 3, 14], "rotation": 90, "texture": "#2", "cullface": "west"},
				"south": {"uv": [3, 13, 4, 14], "rotation": 270, "texture": "#2", "cullface": "west"},
				"west": {"uv": [2, 13, 4, 14], "texture": "#2", "cullface": "west"},
				"up": {"uv": [2, 13, 4, 14], "rotation": 270, "texture": "#2", "cullface": "west"},
				"down": {"uv": [2, 13, 4, 14], "rotation": 270, "texture": "#2", "cullface": "west"}
			}
		},
		{
			"from": [-0.5, 5, 2],
			"to": [0.5, 6, 4],
			"rotation": {"angle": 0, "axis": "y", "origin": [0.5, 16.5, 0.5]},
			"faces": {
				"north": {"uv": [2, 10, 3, 11], "rotation": 90, "texture": "#2", "cullface": "west"},
				"south": {"uv": [3, 10, 4, 11], "rotation": 270, "texture": "#2", "cullface": "west"},
				"west": {"uv": [2, 10, 4, 11], "texture": "#2", "cullface": "west"},
				"up": {"uv": [2, 10, 4, 11], "rotation": 270, "texture": "#2", "cullface": "west"},
				"down": {"uv": [2, 10, 4, 11], "rotation": 270, "texture": "#2", "cullface": "west"}
			}
		},
		{
			"from": [-0.5, 2, 13],
			"to": [0.5, 3, 15],
			"rotation": {"angle": 0, "axis": "y", "origin": [0.5, 16.5, 0.5]},
			"faces": {
				"north": {"uv": [13, 13, 14, 14], "rotation": 90, "texture": "#2", "cullface": "west"},
				"south": {"uv": [14, 13, 15, 14], "rotation": 270, "texture": "#2", "cullface": "west"},
				"west": {"uv": [13, 13, 15, 14], "texture": "#2", "cullface": "west"},
				"up": {"uv": [13, 13, 15, 14], "rotation": 270, "texture": "#2", "cullface": "west"},
				"down": {"uv": [13, 13, 15, 14], "rotation": 270, "texture": "#2", "cullface": "west"}
			}
		},
		{
			"from": [12, 13, -0.5],
			"to": [14, 14, 0.5],
			"rotation": {"angle": 0, "axis": "y", "origin": [0.5, 16.5, 0.5]},
			"faces": {
				"north": {"uv": [2, 2, 4, 3], "texture": "#2", "cullface": "north"},
				"east": {"uv": [2, 2, 3, 3], "rotation": 90, "texture": "#2", "cullface": "north"},
				"west": {"uv": [3, 2, 4, 3], "rotation": 270, "texture": "#2", "cullface": "north"},
				"up": {"uv": [2, 2, 4, 3], "texture": "#2", "cullface": "north"},
				"down": {"uv": [2, 2, 4, 3], "rotation": 180, "texture": "#2", "cullface": "north"}
			}
		},
		{
			"from": [3, 13, -0.5],
			"to": [5, 14, 0.5],
			"rotation": {"angle": 0, "axis": "y", "origin": [0.5, 16.5, 0.5]},
			"faces": {
				"north": {"uv": [11, 2, 13, 3], "texture": "#2", "cullface": "north"},
				"east": {"uv": [11, 2, 12, 3], "rotation": 90, "texture": "#2", "cullface": "north"},
				"west": {"uv": [12, 2, 13, 3], "rotation": 270, "texture": "#2", "cullface": "north"},
				"up": {"uv": [11, 2, 13, 3], "texture": "#2", "cullface": "north"},
				"down": {"uv": [11, 2, 13, 3], "rotation": 180, "texture": "#2", "cullface": "north"}
			}
		},
		{
			"from": [9, 12, -0.5],
			"to": [11, 13, 0.5],
			"rotation": {"angle": 0, "axis": "y", "origin": [0.5, 16.5, 0.5]},
			"faces": {
				"north": {"uv": [5, 3, 7, 4], "texture": "#2", "cullface": "north"},
				"east": {"uv": [5, 3, 6, 4], "rotation": 90, "texture": "#2", "cullface": "north"},
				"west": {"uv": [6, 3, 7, 4], "rotation": 270, "texture": "#2", "cullface": "north"},
				"up": {"uv": [5, 3, 7, 4], "texture": "#2", "cullface": "north"},
				"down": {"uv": [5, 3, 7, 4], "rotation": 180, "texture": "#2", "cullface": "north"}
			}
		},
		{
			"from": [7, 11, -0.5],
			"to": [12, 12, 0.5],
			"rotation": {"angle": 0, "axis": "y", "origin": [0.5, 16.5, 0.5]},
			"faces": {
				"north": {"uv": [4, 4, 9, 5], "texture": "#2", "cullface": "north"},
				"east": {"uv": [4, 4, 5, 5], "rotation": 90, "texture": "#2", "cullface": "north"},
				"west": {"uv": [8, 4, 9, 5], "rotation": 270, "texture": "#2", "cullface": "north"},
				"up": {"uv": [4, 4, 9, 5], "texture": "#2", "cullface": "north"},
				"down": {"uv": [4, 4, 9, 5], "rotation": 180, "texture": "#2", "cullface": "north"}
			}
		},
		{
			"from": [9, 10, -0.5],
			"to": [13, 11, 0.5],
			"rotation": {"angle": 0, "axis": "y", "origin": [0.5, 16.5, 0.5]},
			"faces": {
				"north": {"uv": [3, 5, 7, 6], "texture": "#2", "cullface": "north"},
				"east": {"uv": [3, 5, 4, 6], "rotation": 90, "texture": "#2", "cullface": "north"},
				"west": {"uv": [6, 5, 7, 6], "rotation": 270, "texture": "#2", "cullface": "north"},
				"up": {"uv": [3, 5, 7, 6], "texture": "#2", "cullface": "north"},
				"down": {"uv": [3, 5, 7, 6], "rotation": 180, "texture": "#2", "cullface": "north"}
			}
		},
		{
			"from": [3, 9, -0.5],
			"to": [5, 10, 0.5],
			"rotation": {"angle": 0, "axis": "y", "origin": [0.5, 16.5, 0.5]},
			"faces": {
				"north": {"uv": [11, 6, 13, 7], "texture": "#2", "cullface": "north"},
				"east": {"uv": [11, 6, 12, 7], "rotation": 90, "texture": "#2", "cullface": "north"},
				"west": {"uv": [12, 6, 13, 7], "rotation": 270, "texture": "#2", "cullface": "north"},
				"up": {"uv": [11, 6, 13, 7], "texture": "#2", "cullface": "north"},
				"down": {"uv": [11, 6, 13, 7], "rotation": 180, "texture": "#2", "cullface": "north"}
			}
		},
		{
			"from": [2, 8, -0.5],
			"to": [7, 9, 0.5],
			"rotation": {"angle": 0, "axis": "y", "origin": [0.5, 16.5, 0.5]},
			"faces": {
				"north": {"uv": [9, 7, 14, 8], "texture": "#2", "cullface": "north"},
				"east": {"uv": [9, 7, 10, 8], "rotation": 90, "texture": "#2", "cullface": "north"},
				"west": {"uv": [13, 7, 14, 8], "rotation": 270, "texture": "#2", "cullface": "north"},
				"up": {"uv": [9, 7, 14, 8], "texture": "#2", "cullface": "north"},
				"down": {"uv": [9, 7, 14, 8], "rotation": 180, "texture": "#2", "cullface": "north"}
			}
		},
		{
			"from": [1, 7, -0.5],
			"to": [6, 8, 0.5],
			"rotation": {"angle": 0, "axis": "y", "origin": [0.5, 16.5, 0.5]},
			"faces": {
				"north": {"uv": [10, 8, 15, 9], "texture": "#2", "cullface": "north"},
				"east": {"uv": [10, 8, 11, 9], "rotation": 90, "texture": "#2", "cullface": "north"},
				"west": {"uv": [14, 8, 15, 9], "rotation": 270, "texture": "#2", "cullface": "north"},
				"up": {"uv": [10, 8, 15, 9], "texture": "#2", "cullface": "north"},
				"down": {"uv": [10, 8, 15, 9], "rotation": 180, "texture": "#2", "cullface": "north"}
			}
		},
		{
			"from": [4, 6, -0.5],
			"to": [5, 7, 0.5],
			"rotation": {"angle": 0, "axis": "y", "origin": [0.5, 16.5, 0.5]},
			"faces": {
				"north": {"uv": [11, 9, 12, 10], "texture": "#2", "cullface": "north"},
				"east": {"uv": [11, 9, 12, 10], "rotation": 90, "texture": "#2", "cullface": "north"},
				"west": {"uv": [11, 9, 12, 10], "rotation": 270, "texture": "#2", "cullface": "north"},
				"up": {"uv": [11, 9, 12, 10], "texture": "#2", "cullface": "north"},
				"down": {"uv": [11, 9, 12, 10], "rotation": 180, "texture": "#2", "cullface": "north"}
			}
		},
		{
			"from": [11, 7, -0.5],
			"to": [13, 8, 0.5],
			"rotation": {"angle": 0, "axis": "y", "origin": [0.5, 16.5, 0.5]},
			"faces": {
				"north": {"uv": [3, 8, 5, 9], "texture": "#2", "cullface": "north"},
				"east": {"uv": [3, 8, 4, 9], "rotation": 90, "texture": "#2", "cullface": "north"},
				"west": {"uv": [4, 8, 5, 9], "rotation": 270, "texture": "#2", "cullface": "north"},
				"up": {"uv": [3, 8, 5, 9], "texture": "#2", "cullface": "north"},
				"down": {"uv": [3, 8, 5, 9], "rotation": 180, "texture": "#2", "cullface": "north"}
			}
		},
		{
			"from": [10, 6, -0.5],
			"to": [15, 7, 0.5],
			"rotation": {"angle": 0, "axis": "y", "origin": [0.5, 16.5, 0.5]},
			"faces": {
				"north": {"uv": [1, 9, 6, 10], "texture": "#2", "cullface": "north"},
				"east": {"uv": [1, 9, 2, 10], "rotation": 90, "texture": "#2", "cullface": "north"},
				"west": {"uv": [5, 9, 6, 10], "rotation": 270, "texture": "#2", "cullface": "north"},
				"up": {"uv": [1, 9, 6, 10], "texture": "#2", "cullface": "north"},
				"down": {"uv": [1, 9, 6, 10], "rotation": 180, "texture": "#2", "cullface": "north"}
			}
		},
		{
			"from": [8, 4, -0.5],
			"to": [9, 5, 0.5],
			"rotation": {"angle": 0, "axis": "y", "origin": [0.5, 16.5, 0.5]},
			"faces": {
				"north": {"uv": [7, 11, 8, 12], "texture": "#2", "cullface": "north"},
				"east": {"uv": [7, 11, 8, 12], "rotation": 90, "texture": "#2", "cullface": "north"},
				"west": {"uv": [7, 11, 8, 12], "rotation": 270, "texture": "#2", "cullface": "north"},
				"up": {"uv": [7, 11, 8, 12], "texture": "#2", "cullface": "north"},
				"down": {"uv": [7, 11, 8, 12], "rotation": 180, "texture": "#2", "cullface": "north"}
			}
		},
		{
			"from": [6, 3, -0.5],
			"to": [11, 4, 0.5],
			"rotation": {"angle": 0, "axis": "y", "origin": [0.5, 16.5, 0.5]},
			"faces": {
				"north": {"uv": [5, 12, 10, 13], "texture": "#2", "cullface": "north"},
				"east": {"uv": [5, 12, 6, 13], "rotation": 90, "texture": "#2", "cullface": "north"},
				"west": {"uv": [9, 12, 10, 13], "rotation": 270, "texture": "#2", "cullface": "north"},
				"up": {"uv": [5, 12, 10, 13], "texture": "#2", "cullface": "north"},
				"down": {"uv": [5, 12, 10, 13], "rotation": 180, "texture": "#2", "cullface": "north"}
			}
		},
		{
			"from": [7, 2, -0.5],
			"to": [10, 3, 0.5],
			"rotation": {"angle": 0, "axis": "y", "origin": [0.5, 16.5, 0.5]},
			"faces": {
				"north": {"uv": [6, 13, 9, 14], "texture": "#2", "cullface": "north"},
				"east": {"uv": [6, 13, 7, 14], "rotation": 90, "texture": "#2", "cullface": "north"},
				"west": {"uv": [8, 13, 9, 14], "rotation": 270, "texture": "#2", "cullface": "north"},
				"up": {"uv": [6, 13, 9, 14], "texture": "#2", "cullface": "north"},
				"down": {"uv": [6, 13, 9, 14], "rotation": 180, "texture": "#2", "cullface": "north"}
			}
		},
		{
			"from": [12, 2, -0.5],
			"to": [14, 3, 0.5],
			"rotation": {"angle": 0, "axis": "y", "origin": [0.5, 16.5, 0.5]},
			"faces": {
				"north": {"uv": [2, 13, 4, 14], "texture": "#2", "cullface": "north"},
				"east": {"uv": [2, 13, 3, 14], "rotation": 90, "texture": "#2", "cullface": "north"},
				"west": {"uv": [3, 13, 4, 14], "rotation": 270, "texture": "#2", "cullface": "north"},
				"up": {"uv": [2, 13, 4, 14], "texture": "#2", "cullface": "north"},
				"down": {"uv": [2, 13, 4, 14], "rotation": 180, "texture": "#2", "cullface": "north"}
			}
		},
		{
			"from": [12, 5, -0.5],
			"to": [14, 6, 0.5],
			"rotation": {"angle": 0, "axis": "y", "origin": [0.5, 16.5, 0.5]},
			"faces": {
				"north": {"uv": [2, 10, 4, 11], "texture": "#2", "cullface": "north"},
				"east": {"uv": [2, 10, 3, 11], "rotation": 90, "texture": "#2", "cullface": "north"},
				"west": {"uv": [3, 10, 4, 11], "rotation": 270, "texture": "#2", "cullface": "north"},
				"up": {"uv": [2, 10, 4, 11], "texture": "#2", "cullface": "north"},
				"down": {"uv": [2, 10, 4, 11], "rotation": 180, "texture": "#2", "cullface": "north"}
			}
		},
		{
			"from": [1, 2, -0.5],
			"to": [3, 3, 0.5],
			"rotation": {"angle": 0, "axis": "y", "origin": [0.5, 16.5, 0.5]},
			"faces": {
				"north": {"uv": [13, 13, 15, 14], "texture": "#2", "cullface": "north"},
				"east": {"uv": [13, 13, 14, 14], "rotation": 90, "texture": "#2", "cullface": "north"},
				"west": {"uv": [14, 13, 15, 14], "rotation": 270, "texture": "#2", "cullface": "north"},
				"up": {"uv": [13, 13, 15, 14], "texture": "#2", "cullface": "north"},
				"down": {"uv": [13, 13, 15, 14], "rotation": 180, "texture": "#2", "cullface": "north"}
			}
		},
		{
			"from": [15.5, 13, 12],
			"to": [16.5, 14, 14],
			"rotation": {"angle": 0, "axis": "y", "origin": [0.5, 16.5, 0.5]},
			"faces": {
				"north": {"uv": [3, 2, 4, 3], "rotation": 270, "texture": "#2", "cullface": "east"},
				"east": {"uv": [2, 2, 4, 3], "texture": "#2", "cullface": "east"},
				"south": {"uv": [2, 2, 3, 3], "rotation": 90, "texture": "#2", "cullface": "east"},
				"up": {"uv": [2, 2, 4, 3], "rotation": 90, "texture": "#2", "cullface": "east"},
				"down": {"uv": [2, 2, 4, 3], "rotation": 90, "texture": "#2", "cullface": "east"}
			}
		},
		{
			"from": [15.5, 13, 3],
			"to": [16.5, 14, 5],
			"rotation": {"angle": 0, "axis": "y", "origin": [0.5, 16.5, 0.5]},
			"faces": {
				"north": {"uv": [12, 2, 13, 3], "rotation": 270, "texture": "#2", "cullface": "east"},
				"east": {"uv": [11, 2, 13, 3], "texture": "#2", "cullface": "east"},
				"south": {"uv": [11, 2, 12, 3], "rotation": 90, "texture": "#2", "cullface": "east"},
				"up": {"uv": [11, 2, 13, 3], "rotation": 90, "texture": "#2", "cullface": "east"},
				"down": {"uv": [11, 2, 13, 3], "rotation": 90, "texture": "#2", "cullface": "east"}
			}
		},
		{
			"from": [15.5, 12, 9],
			"to": [16.5, 13, 11],
			"rotation": {"angle": 0, "axis": "y", "origin": [0.5, 16.5, 0.5]},
			"faces": {
				"north": {"uv": [6, 3, 7, 4], "rotation": 270, "texture": "#2", "cullface": "east"},
				"east": {"uv": [5, 3, 7, 4], "texture": "#2", "cullface": "east"},
				"south": {"uv": [5, 3, 6, 4], "rotation": 90, "texture": "#2", "cullface": "east"},
				"up": {"uv": [5, 3, 7, 4], "rotation": 90, "texture": "#2", "cullface": "east"},
				"down": {"uv": [5, 3, 7, 4], "rotation": 90, "texture": "#2", "cullface": "east"}
			}
		},
		{
			"from": [15.5, 11, 7],
			"to": [16.5, 12, 12],
			"rotation": {"angle": 0, "axis": "y", "origin": [0.5, 16.5, 0.5]},
			"faces": {
				"north": {"uv": [8, 4, 9, 5], "rotation": 270, "texture": "#2", "cullface": "east"},
				"east": {"uv": [4, 4, 9, 5], "texture": "#2", "cullface": "east"},
				"south": {"uv": [4, 4, 5, 5], "rotation": 90, "texture": "#2", "cullface": "east"},
				"up": {"uv": [4, 4, 9, 5], "rotation": 90, "texture": "#2", "cullface": "east"},
				"down": {"uv": [4, 4, 9, 5], "rotation": 90, "texture": "#2", "cullface": "east"}
			}
		},
		{
			"from": [15.5, 10, 9],
			"to": [16.5, 11, 13],
			"rotation": {"angle": 0, "axis": "y", "origin": [0.5, 16.5, 0.5]},
			"faces": {
				"north": {"uv": [6, 5, 7, 6], "rotation": 270, "texture": "#2", "cullface": "east"},
				"east": {"uv": [3, 5, 7, 6], "texture": "#2", "cullface": "east"},
				"south": {"uv": [3, 5, 4, 6], "rotation": 90, "texture": "#2", "cullface": "east"},
				"up": {"uv": [3, 5, 7, 6], "rotation": 90, "texture": "#2", "cullface": "east"},
				"down": {"uv": [3, 5, 7, 6], "rotation": 90, "texture": "#2", "cullface": "east"}
			}
		},
		{
			"from": [15.5, 9, 3],
			"to": [16.5, 10, 5],
			"rotation": {"angle": 0, "axis": "y", "origin": [0.5, 16.5, 0.5]},
			"faces": {
				"north": {"uv": [12, 6, 13, 7], "rotation": 270, "texture": "#2", "cullface": "east"},
				"east": {"uv": [11, 6, 13, 7], "texture": "#2", "cullface": "east"},
				"south": {"uv": [11, 6, 12, 7], "rotation": 90, "texture": "#2", "cullface": "east"},
				"up": {"uv": [11, 6, 13, 7], "rotation": 90, "texture": "#2", "cullface": "east"},
				"down": {"uv": [11, 6, 13, 7], "rotation": 90, "texture": "#2", "cullface": "east"}
			}
		},
		{
			"from": [15.5, 8, 2],
			"to": [16.5, 9, 7],
			"rotation": {"angle": 0, "axis": "y", "origin": [0.5, 16.5, 0.5]},
			"faces": {
				"north": {"uv": [13, 7, 14, 8], "rotation": 270, "texture": "#2", "cullface": "east"},
				"east": {"uv": [9, 7, 14, 8], "texture": "#2", "cullface": "east"},
				"south": {"uv": [9, 7, 10, 8], "rotation": 90, "texture": "#2", "cullface": "east"},
				"up": {"uv": [9, 7, 14, 8], "rotation": 90, "texture": "#2", "cullface": "east"},
				"down": {"uv": [9, 7, 14, 8], "rotation": 90, "texture": "#2", "cullface": "east"}
			}
		},
		{
			"from": [15.5, 7, 1],
			"to": [16.5, 8, 6],
			"rotation": {"angle": 0, "axis": "y", "origin": [0.5, 16.5, 0.5]},
			"faces": {
				"north": {"uv": [14, 8, 15, 9], "rotation": 270, "texture": "#2", "cullface": "east"},
				"east": {"uv": [10, 8, 15, 9], "texture": "#2", "cullface": "east"},
				"south": {"uv": [10, 8, 11, 9], "rotation": 90, "texture": "#2", "cullface": "east"},
				"up": {"uv": [10, 8, 15, 9], "rotation": 90, "texture": "#2", "cullface": "east"},
				"down": {"uv": [10, 8, 15, 9], "rotation": 90, "texture": "#2", "cullface": "east"}
			}
		},
		{
			"from": [15.5, 6, 4],
			"to": [16.5, 7, 5],
			"rotation": {"angle": 0, "axis": "y", "origin": [0.5, 16.5, 0.5]},
			"faces": {
				"north": {"uv": [11, 9, 12, 10], "rotation": 270, "texture": "#2", "cullface": "east"},
				"east": {"uv": [11, 9, 12, 10], "texture": "#2", "cullface": "east"},
				"south": {"uv": [11, 9, 12, 10], "rotation": 90, "texture": "#2", "cullface": "east"},
				"up": {"uv": [11, 9, 12, 10], "rotation": 90, "texture": "#2", "cullface": "east"},
				"down": {"uv": [11, 9, 12, 10], "rotation": 90, "texture": "#2", "cullface": "east"}
			}
		},
		{
			"from": [15.5, 7, 11],
			"to": [16.5, 8, 13],
			"rotation": {"angle": 0, "axis": "y", "origin": [0.5, 16.5, 0.5]},
			"faces": {
				"north": {"uv": [4, 8, 5, 9], "rotation": 270, "texture": "#2", "cullface": "east"},
				"east": {"uv": [3, 8, 5, 9], "texture": "#2", "cullface": "east"},
				"south": {"uv": [3, 8, 4, 9], "rotation": 90, "texture": "#2", "cullface": "east"},
				"up": {"uv": [3, 8, 5, 9], "rotation": 90, "texture": "#2", "cullface": "east"},
				"down": {"uv": [3, 8, 5, 9], "rotation": 90, "texture": "#2", "cullface": "east"}
			}
		},
		{
			"from": [15.5, 6, 10],
			"to": [16.5, 7, 15],
			"rotation": {"angle": 0, "axis": "y", "origin": [0.5, 16.5, 0.5]},
			"faces": {
				"north": {"uv": [5, 9, 6, 10], "rotation": 270, "texture": "#2", "cullface": "east"},
				"east": {"uv": [1, 9, 6, 10], "texture": "#2", "cullface": "east"},
				"south": {"uv": [1, 9, 2, 10], "rotation": 90, "texture": "#2", "cullface": "east"},
				"up": {"uv": [1, 9, 6, 10], "rotation": 90, "texture": "#2", "cullface": "east"},
				"down": {"uv": [1, 9, 6, 10], "rotation": 90, "texture": "#2", "cullface": "east"}
			}
		},
		{
			"from": [15.5, 4, 8],
			"to": [16.5, 5, 9],
			"rotation": {"angle": 0, "axis": "y", "origin": [0.5, 16.5, 0.5]},
			"faces": {
				"north": {"uv": [7, 11, 8, 12], "rotation": 270, "texture": "#2", "cullface": "east"},
				"east": {"uv": [7, 11, 8, 12], "texture": "#2", "cullface": "east"},
				"south": {"uv": [7, 11, 8, 12], "rotation": 90, "texture": "#2", "cullface": "east"},
				"up": {"uv": [7, 11, 8, 12], "rotation": 90, "texture": "#2", "cullface": "east"},
				"down": {"uv": [7, 11, 8, 12], "rotation": 90, "texture": "#2", "cullface": "east"}
			}
		},
		{
			"from": [15.5, 3, 6],
			"to": [16.5, 4, 11],
			"rotation": {"angle": 0, "axis": "y", "origin": [0.5, 16.5, 0.5]},
			"faces": {
				"north": {"uv": [9, 12, 10, 13], "rotation": 270, "texture": "#2", "cullface": "east"},
				"east": {"uv": [5, 12, 10, 13], "texture": "#2", "cullface": "east"},
				"south": {"uv": [5, 12, 6, 13], "rotation": 90, "texture": "#2", "cullface": "east"},
				"up": {"uv": [5, 12, 10, 13], "rotation": 90, "texture": "#2", "cullface": "east"},
				"down": {"uv": [5, 12, 10, 13], "rotation": 90, "texture": "#2", "cullface": "east"}
			}
		},
		{
			"from": [15.5, 2, 7],
			"to": [16.5, 3, 10],
			"rotation": {"angle": 0, "axis": "y", "origin": [0.5, 16.5, 0.5]},
			"faces": {
				"north": {"uv": [8, 13, 9, 14], "rotation": 270, "texture": "#2", "cullface": "east"},
				"east": {"uv": [6, 13, 9, 14], "texture": "#2", "cullface": "east"},
				"south": {"uv": [6, 13, 7, 14], "rotation": 90, "texture": "#2", "cullface": "east"},
				"up": {"uv": [6, 13, 9, 14], "rotation": 90, "texture": "#2", "cullface": "east"},
				"down": {"uv": [6, 13, 9, 14], "rotation": 90, "texture": "#2", "cullface": "east"}
			}
		},
		{
			"from": [15.5, 2, 12],
			"to": [16.5, 3, 14],
			"rotation": {"angle": 0, "axis": "y", "origin": [0.5, 16.5, 0.5]},
			"faces": {
				"north": {"uv": [3, 13, 4, 14], "rotation": 270, "texture": "#2", "cullface": "east"},
				"east": {"uv": [2, 13, 4, 14], "texture": "#2", "cullface": "east"},
				"south": {"uv": [2, 13, 3, 14], "rotation": 90, "texture": "#2", "cullface": "east"},
				"up": {"uv": [2, 13, 4, 14], "rotation": 90, "texture": "#2", "cullface": "east"},
				"down": {"uv": [2, 13, 4, 14], "rotation": 90, "texture": "#2", "cullface": "east"}
			}
		},
		{
			"from": [15.5, 5, 12],
			"to": [16.5, 6, 14],
			"rotation": {"angle": 0, "axis": "y", "origin": [0.5, 16.5, 0.5]},
			"faces": {
				"north": {"uv": [3, 10, 4, 11], "rotation": 270, "texture": "#2", "cullface": "east"},
				"east": {"uv": [2, 10, 4, 11], "texture": "#2", "cullface": "east"},
				"south": {"uv": [2, 10, 3, 11], "rotation": 90, "texture": "#2", "cullface": "east"},
				"up": {"uv": [2, 10, 4, 11], "rotation": 90, "texture": "#2", "cullface": "east"},
				"down": {"uv": [2, 10, 4, 11], "rotation": 90, "texture": "#2", "cullface": "east"}
			}
		},
		{
			"from": [15.5, 2, 1],
			"to": [16.5, 3, 3],
			"rotation": {"angle": 0, "axis": "y", "origin": [0.5, 16.5, 0.5]},
			"faces": {
				"north": {"uv": [14, 13, 15, 14], "rotation": 270, "texture": "#2", "cullface": "east"},
				"east": {"uv": [13, 13, 15, 14], "texture": "#2", "cullface": "east"},
				"south": {"uv": [13, 13, 14, 14], "rotation": 90, "texture": "#2", "cullface": "east"},
				"up": {"uv": [13, 13, 15, 14], "rotation": 90, "texture": "#2", "cullface": "east"},
				"down": {"uv": [13, 13, 15, 14], "rotation": 90, "texture": "#2", "cullface": "east"}
			}
		},
		{
			"from": [2, -0.5, 13],
			"to": [4, 0.5, 14],
			"rotation": {"angle": 0, "axis": "y", "origin": [0.5, 16.5, 0.5]},
			"faces": {
				"north": {"uv": [2, 2, 4, 3], "rotation": 180, "texture": "#2", "cullface": "down"},
				"east": {"uv": [3, 2, 4, 3], "rotation": 180, "texture": "#2", "cullface": "down"},
				"south": {"uv": [2, 2, 4, 3], "rotation": 180, "texture": "#2", "cullface": "down"},
				"west": {"uv": [2, 2, 3, 3], "rotation": 180, "texture": "#2", "cullface": "down"},
				"down": {"uv": [2, 2, 4, 3], "texture": "#2", "cullface": "down"}
			}
		},
		{
			"from": [11, -0.5, 13],
			"to": [13, 0.5, 14],
			"rotation": {"angle": 0, "axis": "y", "origin": [0.5, 16.5, 0.5]},
			"faces": {
				"north": {"uv": [11, 2, 13, 3], "rotation": 180, "texture": "#2", "cullface": "down"},
				"east": {"uv": [12, 2, 13, 3], "rotation": 180, "texture": "#2", "cullface": "down"},
				"south": {"uv": [11, 2, 13, 3], "rotation": 180, "texture": "#2", "cullface": "down"},
				"west": {"uv": [11, 2, 12, 3], "rotation": 180, "texture": "#2", "cullface": "down"},
				"down": {"uv": [11, 2, 13, 3], "texture": "#2", "cullface": "down"}
			}
		},
		{
			"from": [5, -0.5, 12],
			"to": [7, 0.5, 13],
			"rotation": {"angle": 0, "axis": "y", "origin": [0.5, 16.5, 0.5]},
			"faces": {
				"north": {"uv": [5, 3, 7, 4], "rotation": 180, "texture": "#2", "cullface": "down"},
				"east": {"uv": [6, 3, 7, 4], "rotation": 180, "texture": "#2", "cullface": "down"},
				"south": {"uv": [5, 3, 7, 4], "rotation": 180, "texture": "#2", "cullface": "down"},
				"west": {"uv": [5, 3, 6, 4], "rotation": 180, "texture": "#2", "cullface": "down"},
				"down": {"uv": [5, 3, 7, 4], "texture": "#2", "cullface": "down"}
			}
		},
		{
			"from": [4, -0.5, 11],
			"to": [9, 0.5, 12],
			"rotation": {"angle": 0, "axis": "y", "origin": [0.5, 16.5, 0.5]},
			"faces": {
				"north": {"uv": [4, 4, 9, 5], "rotation": 180, "texture": "#2", "cullface": "down"},
				"east": {"uv": [8, 4, 9, 5], "rotation": 180, "texture": "#2", "cullface": "down"},
				"south": {"uv": [4, 4, 9, 5], "rotation": 180, "texture": "#2", "cullface": "down"},
				"west": {"uv": [4, 4, 5, 5], "rotation": 180, "texture": "#2", "cullface": "down"},
				"down": {"uv": [4, 4, 9, 5], "texture": "#2", "cullface": "down"}
			}
		},
		{
			"from": [3, -0.5, 10],
			"to": [7, 0.5, 11],
			"rotation": {"angle": 0, "axis": "y", "origin": [0.5, 16.5, 0.5]},
			"faces": {
				"north": {"uv": [3, 5, 7, 6], "rotation": 180, "texture": "#2", "cullface": "down"},
				"east": {"uv": [6, 5, 7, 6], "rotation": 180, "texture": "#2", "cullface": "down"},
				"south": {"uv": [3, 5, 7, 6], "rotation": 180, "texture": "#2", "cullface": "down"},
				"west": {"uv": [3, 5, 4, 6], "rotation": 180, "texture": "#2", "cullface": "down"},
				"down": {"uv": [3, 5, 7, 6], "texture": "#2", "cullface": "down"}
			}
		},
		{
			"from": [11, -0.5, 9],
			"to": [13, 0.5, 10],
			"rotation": {"angle": 0, "axis": "y", "origin": [0.5, 16.5, 0.5]},
			"faces": {
				"north": {"uv": [11, 6, 13, 7], "rotation": 180, "texture": "#2", "cullface": "down"},
				"east": {"uv": [12, 6, 13, 7], "rotation": 180, "texture": "#2", "cullface": "down"},
				"south": {"uv": [11, 6, 13, 7], "rotation": 180, "texture": "#2", "cullface": "down"},
				"west": {"uv": [11, 6, 12, 7], "rotation": 180, "texture": "#2", "cullface": "down"},
				"down": {"uv": [11, 6, 13, 7], "texture": "#2", "cullface": "down"}
			}
		},
		{
			"from": [9, -0.5, 8],
			"to": [14, 0.5, 9],
			"rotation": {"angle": 0, "axis": "y", "origin": [0.5, 16.5, 0.5]},
			"faces": {
				"north": {"uv": [9, 7, 14, 8], "rotation": 180, "texture": "#2", "cullface": "down"},
				"east": {"uv": [13, 7, 14, 8], "rotation": 180, "texture": "#2", "cullface": "down"},
				"south": {"uv": [9, 7, 14, 8], "rotation": 180, "texture": "#2", "cullface": "down"},
				"west": {"uv": [9, 7, 10, 8], "rotation": 180, "texture": "#2", "cullface": "down"},
				"down": {"uv": [9, 7, 14, 8], "texture": "#2", "cullface": "down"}
			}
		},
		{
			"from": [10, -0.5, 7],
			"to": [15, 0.5, 8],
			"rotation": {"angle": 0, "axis": "y", "origin": [0.5, 16.5, 0.5]},
			"faces": {
				"north": {"uv": [10, 8, 15, 9], "rotation": 180, "texture": "#2", "cullface": "down"},
				"east": {"uv": [14, 8, 15, 9], "rotation": 180, "texture": "#2", "cullface": "down"},
				"south": {"uv": [10, 8, 15, 9], "rotation": 180, "texture": "#2", "cullface": "down"},
				"west": {"uv": [10, 8, 11, 9], "rotation": 180, "texture": "#2", "cullface": "down"},
				"down": {"uv": [10, 8, 15, 9], "texture": "#2", "cullface": "down"}
			}
		},
		{
			"from": [11, -0.5, 6],
			"to": [12, 0.5, 7],
			"rotation": {"angle": 0, "axis": "y", "origin": [0.5, 16.5, 0.5]},
			"faces": {
				"north": {"uv": [11, 9, 12, 10], "rotation": 180, "texture": "#2", "cullface": "down"},
				"east": {"uv": [11, 9, 12, 10], "rotation": 180, "texture": "#2", "cullface": "down"},
				"south": {"uv": [11, 9, 12, 10], "rotation": 180, "texture": "#2", "cullface": "down"},
				"west": {"uv": [11, 9, 12, 10], "rotation": 180, "texture": "#2", "cullface": "down"},
				"down": {"uv": [11, 9, 12, 10], "texture": "#2", "cullface": "down"}
			}
		},
		{
			"from": [3, -0.5, 7],
			"to": [5, 0.5, 8],
			"rotation": {"angle": 0, "axis": "y", "origin": [0.5, 16.5, 0.5]},
			"faces": {
				"north": {"uv": [3, 8, 5, 9], "rotation": 180, "texture": "#2", "cullface": "down"},
				"east": {"uv": [4, 8, 5, 9], "rotation": 180, "texture": "#2", "cullface": "down"},
				"south": {"uv": [3, 8, 5, 9], "rotation": 180, "texture": "#2", "cullface": "down"},
				"west": {"uv": [3, 8, 4, 9], "rotation": 180, "texture": "#2", "cullface": "down"},
				"down": {"uv": [3, 8, 5, 9], "texture": "#2", "cullface": "down"}
			}
		},
		{
			"from": [1, -0.5, 6],
			"to": [6, 0.5, 7],
			"rotation": {"angle": 0, "axis": "y", "origin": [0.5, 16.5, 0.5]},
			"faces": {
				"north": {"uv": [1, 9, 6, 10], "rotation": 180, "texture": "#2", "cullface": "down"},
				"east": {"uv": [5, 9, 6, 10], "rotation": 180, "texture": "#2", "cullface": "down"},
				"south": {"uv": [1, 9, 6, 10], "rotation": 180, "texture": "#2", "cullface": "down"},
				"west": {"uv": [1, 9, 2, 10], "rotation": 180, "texture": "#2", "cullface": "down"},
				"down": {"uv": [1, 9, 6, 10], "texture": "#2", "cullface": "down"}
			}
		},
		{
			"from": [7, -0.5, 4],
			"to": [8, 0.5, 5],
			"rotation": {"angle": 0, "axis": "y", "origin": [0.5, 16.5, 0.5]},
			"faces": {
				"north": {"uv": [7, 11, 8, 12], "rotation": 180, "texture": "#2", "cullface": "down"},
				"east": {"uv": [7, 11, 8, 12], "rotation": 180, "texture": "#2", "cullface": "down"},
				"south": {"uv": [7, 11, 8, 12], "rotation": 180, "texture": "#2", "cullface": "down"},
				"west": {"uv": [7, 11, 8, 12], "rotation": 180, "texture": "#2", "cullface": "down"},
				"down": {"uv": [7, 11, 8, 12], "texture": "#2", "cullface": "down"}
			}
		},
		{
			"from": [5, -0.5, 3],
			"to": [10, 0.5, 4],
			"rotation": {"angle": 0, "axis": "y", "origin": [0.5, 16.5, 0.5]},
			"faces": {
				"north": {"uv": [5, 12, 10, 13], "rotation": 180, "texture": "#2", "cullface": "down"},
				"east": {"uv": [9, 12, 10, 13], "rotation": 180, "texture": "#2", "cullface": "down"},
				"south": {"uv": [5, 12, 10, 13], "rotation": 180, "texture": "#2", "cullface": "down"},
				"west": {"uv": [5, 12, 6, 13], "rotation": 180, "texture": "#2", "cullface": "down"},
				"down": {"uv": [5, 12, 10, 13], "texture": "#2", "cullface": "down"}
			}
		},
		{
			"from": [6, -0.5, 2],
			"to": [9, 0.5, 3],
			"rotation": {"angle": 0, "axis": "y", "origin": [0.5, 16.5, 0.5]},
			"faces": {
				"north": {"uv": [6, 13, 9, 14], "rotation": 180, "texture": "#2", "cullface": "down"},
				"east": {"uv": [8, 13, 9, 14], "rotation": 180, "texture": "#2", "cullface": "down"},
				"south": {"uv": [6, 13, 9, 14], "rotation": 180, "texture": "#2", "cullface": "down"},
				"west": {"uv": [6, 13, 7, 14], "rotation": 180, "texture": "#2", "cullface": "down"},
				"down": {"uv": [6, 13, 9, 14], "texture": "#2", "cullface": "down"}
			}
		},
		{
			"from": [2, -0.5, 2],
			"to": [4, 0.5, 3],
			"rotation": {"angle": 0, "axis": "y", "origin": [0.5, 16.5, 0.5]},
			"faces": {
				"north": {"uv": [2, 13, 4, 14], "rotation": 180, "texture": "#2", "cullface": "down"},
				"east": {"uv": [3, 13, 4, 14], "rotation": 180, "texture": "#2", "cullface": "down"},
				"south": {"uv": [2, 13, 4, 14], "rotation": 180, "texture": "#2", "cullface": "down"},
				"west": {"uv": [2, 13, 3, 14], "rotation": 180, "texture": "#2", "cullface": "down"},
				"down": {"uv": [2, 13, 4, 14], "texture": "#2", "cullface": "down"}
			}
		},
		{
			"from": [2, -0.5, 5],
			"to": [4, 0.5, 6],
			"rotation": {"angle": 0, "axis": "y", "origin": [0.5, 16.5, 0.5]},
			"faces": {
				"north": {"uv": [2, 10, 4, 11], "rotation": 180, "texture": "#2", "cullface": "down"},
				"east": {"uv": [3, 10, 4, 11], "rotation": 180, "texture": "#2", "cullface": "down"},
				"south": {"uv": [2, 10, 4, 11], "rotation": 180, "texture": "#2", "cullface": "down"},
				"west": {"uv": [2, 10, 3, 11], "rotation": 180, "texture": "#2", "cullface": "down"},
				"down": {"uv": [2, 10, 4, 11], "texture": "#2", "cullface": "down"}
			}
		},
		{
			"from": [13, -0.5, 2],
			"to": [15, 0.5, 3],
			"rotation": {"angle": 0, "axis": "y", "origin": [0.5, 16.5, 0.5]},
			"faces": {
				"north": {"uv": [13, 13, 15, 14], "rotation": 180, "texture": "#2", "cullface": "down"},
				"east": {"uv": [14, 13, 15, 14], "rotation": 180, "texture": "#2", "cullface": "down"},
				"south": {"uv": [13, 13, 15, 14], "rotation": 180, "texture": "#2", "cullface": "down"},
				"west": {"uv": [13, 13, 14, 14], "rotation": 180, "texture": "#2", "cullface": "down"},
				"down": {"uv": [13, 13, 15, 14], "texture": "#2", "cullface": "down"}
			}
		}
	],
	"groups": [
		0,
		{
			"name": "up",
			"origin": [0, 0, 0],
			"color": 0,
			"children": [1, 2, 3, 4, 5, 6, 7, 8, 9, 10, 11, 12, 13, 14, 15, 16, 17]
		},
		{
			"name": "south",
			"origin": [0, 0, 0],
			"color": 0,
			"children": [18, 19, 20, 21, 22, 23, 24, 25, 26, 27, 28, 29, 30, 31, 32, 33, 34]
		},
		{
			"name": "west",
			"origin": [0, 0, 0],
			"color": 0,
			"children": [35, 36, 37, 38, 39, 40, 41, 42, 43, 44, 45, 46, 47, 48, 49, 50, 51]
		},
		{
			"name": "north",
			"origin": [0, 0, 0],
			"color": 0,
			"children": [52, 53, 54, 55, 56, 57, 58, 59, 60, 61, 62, 63, 64, 65, 66, 67, 68]
		},
		{
			"name": "east",
			"origin": [0, 0, 0],
			"color": 0,
			"children": [69, 70, 71, 72, 73, 74, 75, 76, 77, 78, 79, 80, 81, 82, 83, 84, 85]
		},
		{
			"name": "down",
			"origin": [0, 0, 0],
			"color": 0,
			"children": [86, 87, 88, 89, 90, 91, 92, 93, 94, 95, 96, 97, 98, 99, 100, 101, 102]
		}
	]
}