{
	"credit": "Made with Blockbench",
	"parent": "block/block",
	"textures": {
		"0": "stone",
		"2": "emerald_ore",
		"particle": "emerald_ore"
	},
	"elements": [
		{
			"from": [0, 0, 0],
			"to": [16, 16, 16],
			"faces": {
				"north": {"uv": [0, 0, 16, 16], "texture": "#0", "cullface": "north"},
				"east": {"uv": [0, 0, 16, 16], "texture": "#0", "cullface": "east"},
				"south": {"uv": [0, 0, 16, 16], "texture": "#0", "cullface": "south"},
				"west": {"uv": [0, 0, 16, 16], "texture": "#0", "cullface": "west"},
				"up": {"uv": [0, 0, 16, 16], "texture": "#0", "cullface": "up"},
				"down": {"uv": [0, 0, 16, 16], "texture": "#0", "cullface": "down"}
			}
		},
		{
			"from": [2, 15.5, 2],
			"to": [4, 16.5, 3],
			"faces": {
				"north": {"uv": [2, 2, 4, 3], "texture": "#2", "cullface": "up"},
				"east": {"uv": [3, 2, 4, 3], "texture": "#2", "cullface": "up"},
				"south": {"uv": [2, 2, 4, 3], "texture": "#2", "cullface": "up"},
				"west": {"uv": [2, 2, 3, 3], "texture": "#2", "cullface": "up"},
				"up": {"uv": [2, 2, 4, 3], "texture": "#2", "cullface": "up"}
			}
		},
		{
			"from": [2, 15.5, 3],
			"to": [4, 16.5, 4],
			"faces": {
				"north": {"uv": [2, 3, 4, 4], "texture": "#2", "cullface": "up"},
				"east": {"uv": [3, 3, 4, 4], "texture": "#2", "cullface": "up"},
				"south": {"uv": [2, 3, 4, 4], "texture": "#2", "cullface": "up"},
				"west": {"uv": [2, 3, 3, 4], "texture": "#2", "cullface": "up"},
				"up": {"uv": [2, 3, 4, 4], "texture": "#2", "cullface": "up"}
			}
		},
		{
			"from": [10, 15.5, 2],
			"to": [12, 16.5, 3],
			"faces": {
				"north": {"uv": [10, 2, 12, 3], "texture": "#2", "cullface": "up"},
				"east": {"uv": [11, 2, 12, 3], "texture": "#2", "cullface": "up"},
				"south": {"uv": [10, 2, 12, 3], "texture": "#2", "cullface": "up"},
				"west": {"uv": [10, 2, 11, 3], "texture": "#2", "cullface": "up"},
				"up": {"uv": [10, 2, 12, 3], "texture": "#2", "cullface": "up"}
			}
		},
		{
			"from": [10, 15.5, 3],
			"to": [12, 16.5, 4],
			"faces": {
				"north": {"uv": [10, 3, 12, 4], "texture": "#2", "cullface": "up"},
				"east": {"uv": [11, 3, 12, 4], "texture": "#2", "cullface": "up"},
				"south": {"uv": [10, 3, 12, 4], "texture": "#2", "cullface": "up"},
				"west": {"uv": [10, 3, 11, 4], "texture": "#2", "cullface": "up"},
				"up": {"uv": [10, 3, 12, 4], "texture": "#2", "cullface": "up"}
			}
		},
		{
			"from": [13, 15.5, 7],
			"to": [15, 16.5, 8],
			"faces": {
				"north": {"uv": [13, 7, 15, 8], "texture": "#2", "cullface": "up"},
				"east": {"uv": [14, 7, 15, 8], "texture": "#2", "cullface": "up"},
				"south": {"uv": [13, 7, 15, 8], "texture": "#2", "cullface": "up"},
				"west": {"uv": [13, 7, 14, 8], "texture": "#2", "cullface": "up"},
				"up": {"uv": [13, 7, 15, 8], "texture": "#2", "cullface": "up"}
			}
		},
		{
			"from": [13, 15.5, 8],
			"to": [15, 16.5, 9],
			"faces": {
				"north": {"uv": [13, 8, 15, 9], "texture": "#2", "cullface": "up"},
				"east": {"uv": [14, 8, 15, 9], "texture": "#2", "cullface": "up"},
				"south": {"uv": [13, 8, 15, 9], "texture": "#2", "cullface": "up"},
				"west": {"uv": [13, 8, 14, 9], "texture": "#2", "cullface": "up"},
				"up": {"uv": [13, 8, 15, 9], "texture": "#2", "cullface": "up"}
			}
		},
		{
			"from": [1, 15.5, 8],
			"to": [3, 16.5, 9],
			"faces": {
				"north": {"uv": [1, 8, 3, 9], "texture": "#2", "cullface": "up"},
				"east": {"uv": [2, 8, 3, 9], "texture": "#2", "cullface": "up"},
				"south": {"uv": [1, 8, 3, 9], "texture": "#2", "cullface": "up"},
				"west": {"uv": [1, 8, 2, 9], "texture": "#2", "cullface": "up"},
				"up": {"uv": [1, 8, 3, 9], "texture": "#2", "cullface": "up"}
			}
		},
		{
			"from": [1, 15.5, 9],
			"to": [3, 16.5, 10],
			"faces": {
				"north": {"uv": [1, 9, 3, 10], "texture": "#2", "cullface": "up"},
				"east": {"uv": [2, 9, 3, 10], "texture": "#2", "cullface": "up"},
				"south": {"uv": [1, 9, 3, 10], "texture": "#2", "cullface": "up"},
				"west": {"uv": [1, 9, 2, 10], "texture": "#2", "cullface": "up"},
				"up": {"uv": [1, 9, 3, 10], "texture": "#2", "cullface": "up"}
			}
		},
		{
			"from": [4, 15.5, 13],
			"to": [6, 16.5, 14],
			"faces": {
				"north": {"uv": [4, 13, 6, 14], "texture": "#2", "cullface": "up"},
				"east": {"uv": [5, 13, 6, 14], "texture": "#2", "cullface": "up"},
				"south": {"uv": [4, 13, 6, 14], "texture": "#2", "cullface": "up"},
				"west": {"uv": [4, 13, 5, 14], "texture": "#2", "cullface": "up"},
				"up": {"uv": [4, 13, 6, 14], "texture": "#2", "cullface": "up"}
			}
		},
		{
			"from": [4, 15.5, 14],
			"to": [6, 16.5, 15],
			"faces": {
				"north": {"uv": [4, 14, 6, 15], "texture": "#2", "cullface": "up"},
				"east": {"uv": [5, 14, 6, 15], "texture": "#2", "cullface": "up"},
				"south": {"uv": [4, 14, 6, 15], "texture": "#2", "cullface": "up"},
				"west": {"uv": [4, 14, 5, 15], "texture": "#2", "cullface": "up"},
				"up": {"uv": [4, 14, 6, 15], "texture": "#2", "cullface": "up"}
			}
		},
		{
			"from": [9, 15.5, 10],
			"to": [11, 16.5, 11],
			"faces": {
				"north": {"uv": [9, 10, 11, 11], "texture": "#2", "cullface": "up"},
				"east": {"uv": [10, 10, 11, 11], "texture": "#2", "cullface": "up"},
				"south": {"uv": [9, 10, 11, 11], "texture": "#2", "cullface": "up"},
				"west": {"uv": [9, 10, 10, 11], "texture": "#2", "cullface": "up"},
				"up": {"uv": [9, 10, 11, 11], "texture": "#2", "cullface": "up"}
			}
		},
		{
			"from": [8, 15.5, 11],
			"to": [13, 16.5, 12],
			"faces": {
				"north": {"uv": [8, 11, 13, 12], "texture": "#2", "cullface": "up"},
				"east": {"uv": [12, 11, 13, 12], "texture": "#2", "cullface": "up"},
				"south": {"uv": [8, 11, 13, 12], "texture": "#2", "cullface": "up"},
				"west": {"uv": [8, 11, 9, 12], "texture": "#2", "cullface": "up"},
				"up": {"uv": [8, 11, 13, 12], "texture": "#2", "cullface": "up"}
			}
		},
		{
			"from": [8, 15.5, 12],
			"to": [13, 16.5, 13],
			"faces": {
				"north": {"uv": [8, 12, 13, 13], "texture": "#2", "cullface": "up"},
				"east": {"uv": [12, 12, 13, 13], "texture": "#2", "cullface": "up"},
				"south": {"uv": [8, 12, 13, 13], "texture": "#2", "cullface": "up"},
				"west": {"uv": [8, 12, 9, 13], "texture": "#2", "cullface": "up"},
				"up": {"uv": [8, 12, 13, 13], "texture": "#2", "cullface": "up"}
			}
		},
		{
			"from": [5, 15.5, 5],
			"to": [8, 16.5, 6],
			"faces": {
				"north": {"uv": [5, 5, 8, 6], "texture": "#2", "cullface": "up"},
				"east": {"uv": [7, 5, 8, 6], "texture": "#2", "cullface": "up"},
				"south": {"uv": [5, 5, 8, 6], "texture": "#2", "cullface": "up"},
				"west": {"uv": [5, 5, 6, 6], "texture": "#2", "cullface": "up"},
				"up": {"uv": [5, 5, 8, 6], "texture": "#2", "cullface": "up"}
			}
		},
		{
			"from": [4, 15.5, 6],
			"to": [8, 16.5, 7],
			"faces": {
				"north": {"uv": [4, 6, 8, 7], "texture": "#2", "cullface": "up"},
				"east": {"uv": [7, 6, 8, 7], "texture": "#2", "cullface": "up"},
				"south": {"uv": [4, 6, 8, 7], "texture": "#2", "cullface": "up"},
				"west": {"uv": [4, 6, 5, 7], "texture": "#2", "cullface": "up"},
				"up": {"uv": [4, 6, 8, 7], "texture": "#2", "cullface": "up"}
			}
		},
		{
			"from": [4, 15.5, 7],
			"to": [8, 16.5, 8],
			"faces": {
				"north": {"uv": [4, 7, 8, 8], "texture": "#2", "cullface": "up"},
				"east": {"uv": [7, 7, 8, 8], "texture": "#2", "cullface": "up"},
				"south": {"uv": [4, 7, 8, 8], "texture": "#2", "cullface": "up"},
				"west": {"uv": [4, 7, 5, 8], "texture": "#2", "cullface": "up"},
				"up": {"uv": [4, 7, 8, 8], "texture": "#2", "cullface": "up"}
			}
		},
		{
			"from": [4, 15.5, 8],
			"to": [6, 16.5, 9],
			"faces": {
				"north": {"uv": [4, 8, 6, 9], "texture": "#2", "cullface": "up"},
				"east": {"uv": [5, 8, 6, 9], "texture": "#2", "cullface": "up"},
				"south": {"uv": [4, 8, 6, 9], "texture": "#2", "cullface": "up"},
				"west": {"uv": [4, 8, 5, 9], "texture": "#2", "cullface": "up"},
				"up": {"uv": [4, 8, 6, 9], "texture": "#2", "cullface": "up"}
			}
		},
		{
			"from": [2, 13, 15.5],
			"to": [4, 14, 16.5],
			"faces": {
				"east": {"uv": [3, 2, 4, 3], "rotation": 270, "texture": "#2", "cullface": "south"},
				"south": {"uv": [2, 2, 4, 3], "texture": "#2", "cullface": "south"},
				"west": {"uv": [2, 2, 3, 3], "rotation": 90, "texture": "#2", "cullface": "south"},
				"up": {"uv": [2, 2, 4, 3], "rotation": 180, "texture": "#2", "cullface": "south"},
				"down": {"uv": [2, 2, 4, 3], "texture": "#2", "cullface": "south"}
			}
		},
		{
			"from": [2, 12, 15.5],
			"to": [4, 13, 16.5],
			"faces": {
				"east": {"uv": [3, 3, 4, 4], "rotation": 270, "texture": "#2", "cullface": "south"},
				"south": {"uv": [2, 3, 4, 4], "texture": "#2", "cullface": "south"},
				"west": {"uv": [2, 3, 3, 4], "rotation": 90, "texture": "#2", "cullface": "south"},
				"up": {"uv": [2, 3, 4, 4], "rotation": 180, "texture": "#2", "cullface": "south"},
				"down": {"uv": [2, 3, 4, 4], "texture": "#2", "cullface": "south"}
			}
		},
		{
			"from": [10, 13, 15.5],
			"to": [12, 14, 16.5],
			"faces": {
				"east": {"uv": [11, 2, 12, 3], "rotation": 270, "texture": "#2", "cullface": "south"},
				"south": {"uv": [10, 2, 12, 3], "texture": "#2", "cullface": "south"},
				"west": {"uv": [10, 2, 11, 3], "rotation": 90, "texture": "#2", "cullface": "south"},
				"up": {"uv": [10, 2, 12, 3], "rotation": 180, "texture": "#2", "cullface": "south"},
				"down": {"uv": [10, 2, 12, 3], "texture": "#2", "cullface": "south"}
			}
		},
		{
			"from": [10, 12, 15.5],
			"to": [12, 13, 16.5],
			"faces": {
				"east": {"uv": [11, 3, 12, 4], "rotation": 270, "texture": "#2", "cullface": "south"},
				"south": {"uv": [10, 3, 12, 4], "texture": "#2", "cullface": "south"},
				"west": {"uv": [10, 3, 11, 4], "rotation": 90, "texture": "#2", "cullface": "south"},
				"up": {"uv": [10, 3, 12, 4], "rotation": 180, "texture": "#2", "cullface": "south"},
				"down": {"uv": [10, 3, 12, 4], "texture": "#2", "cullface": "south"}
			}
		},
		{
			"from": [13, 8, 15.5],
			"to": [15, 9, 16.5],
			"faces": {
				"east": {"uv": [14, 7, 15, 8], "rotation": 270, "texture": "#2", "cullface": "south"},
				"south": {"uv": [13, 7, 15, 8], "texture": "#2", "cullface": "south"},
				"west": {"uv": [13, 7, 14, 8], "rotation": 90, "texture": "#2", "cullface": "south"},
				"up": {"uv": [13, 7, 15, 8], "rotation": 180, "texture": "#2", "cullface": "south"},
				"down": {"uv": [13, 7, 15, 8], "texture": "#2", "cullface": "south"}
			}
		},
		{
			"from": [13, 7, 15.5],
			"to": [15, 8, 16.5],
			"faces": {
				"east": {"uv": [14, 8, 15, 9], "rotation": 270, "texture": "#2", "cullface": "south"},
				"south": {"uv": [13, 8, 15, 9], "texture": "#2", "cullface": "south"},
				"west": {"uv": [13, 8, 14, 9], "rotation": 90, "texture": "#2", "cullface": "south"},
				"up": {"uv": [13, 8, 15, 9], "rotation": 180, "texture": "#2", "cullface": "south"},
				"down": {"uv": [13, 8, 15, 9], "texture": "#2", "cullface": "south"}
			}
		},
		{
			"from": [1, 7, 15.5],
			"to": [3, 8, 16.5],
			"faces": {
				"east": {"uv": [2, 8, 3, 9], "rotation": 270, "texture": "#2", "cullface": "south"},
				"south": {"uv": [1, 8, 3, 9], "texture": "#2", "cullface": "south"},
				"west": {"uv": [1, 8, 2, 9], "rotation": 90, "texture": "#2", "cullface": "south"},
				"up": {"uv": [1, 8, 3, 9], "rotation": 180, "texture": "#2", "cullface": "south"},
				"down": {"uv": [1, 8, 3, 9], "texture": "#2", "cullface": "south"}
			}
		},
		{
			"from": [1, 6, 15.5],
			"to": [3, 7, 16.5],
			"faces": {
				"east": {"uv": [2, 9, 3, 10], "rotation": 270, "texture": "#2", "cullface": "south"},
				"south": {"uv": [1, 9, 3, 10], "texture": "#2", "cullface": "south"},
				"west": {"uv": [1, 9, 2, 10], "rotation": 90, "texture": "#2", "cullface": "south"},
				"up": {"uv": [1, 9, 3, 10], "rotation": 180, "texture": "#2", "cullface": "south"},
				"down": {"uv": [1, 9, 3, 10], "texture": "#2", "cullface": "south"}
			}
		},
		{
			"from": [4, 2, 15.5],
			"to": [6, 3, 16.5],
			"faces": {
				"east": {"uv": [5, 13, 6, 14], "rotation": 270, "texture": "#2", "cullface": "south"},
				"south": {"uv": [4, 13, 6, 14], "texture": "#2", "cullface": "south"},
				"west": {"uv": [4, 13, 5, 14], "rotation": 90, "texture": "#2", "cullface": "south"},
				"up": {"uv": [4, 13, 6, 14], "rotation": 180, "texture": "#2", "cullface": "south"},
				"down": {"uv": [4, 13, 6, 14], "texture": "#2", "cullface": "south"}
			}
		},
		{
			"from": [4, 1, 15.5],
			"to": [6, 2, 16.5],
			"faces": {
				"east": {"uv": [5, 14, 6, 15], "rotation": 270, "texture": "#2", "cullface": "south"},
				"south": {"uv": [4, 14, 6, 15], "texture": "#2", "cullface": "south"},
				"west": {"uv": [4, 14, 5, 15], "rotation": 90, "texture": "#2", "cullface": "south"},
				"up": {"uv": [4, 14, 6, 15], "rotation": 180, "texture": "#2", "cullface": "south"},
				"down": {"uv": [4, 14, 6, 15], "texture": "#2", "cullface": "south"}
			}
		},
		{
			"from": [9, 5, 15.5],
			"to": [11, 6, 16.5],
			"faces": {
				"east": {"uv": [10, 10, 11, 11], "rotation": 270, "texture": "#2", "cullface": "south"},
				"south": {"uv": [9, 10, 11, 11], "texture": "#2", "cullface": "south"},
				"west": {"uv": [9, 10, 10, 11], "rotation": 90, "texture": "#2", "cullface": "south"},
				"up": {"uv": [9, 10, 11, 11], "rotation": 180, "texture": "#2", "cullface": "south"},
				"down": {"uv": [9, 10, 11, 11], "texture": "#2", "cullface": "south"}
			}
		},
		{
			"from": [8, 4, 15.5],
			"to": [13, 5, 16.5],
			"faces": {
				"east": {"uv": [12, 11, 13, 12], "rotation": 270, "texture": "#2", "cullface": "south"},
				"south": {"uv": [8, 11, 13, 12], "texture": "#2", "cullface": "south"},
				"west": {"uv": [8, 11, 9, 12], "rotation": 90, "texture": "#2", "cullface": "south"},
				"up": {"uv": [8, 11, 13, 12], "rotation": 180, "texture": "#2", "cullface": "south"},
				"down": {"uv": [8, 11, 13, 12], "texture": "#2", "cullface": "south"}
			}
		},
		{
			"from": [8, 3, 15.5],
			"to": [13, 4, 16.5],
			"faces": {
				"east": {"uv": [12, 12, 13, 13], "rotation": 270, "texture": "#2", "cullface": "south"},
				"south": {"uv": [8, 12, 13, 13], "texture": "#2", "cullface": "south"},
				"west": {"uv": [8, 12, 9, 13], "rotation": 90, "texture": "#2", "cullface": "south"},
				"up": {"uv": [8, 12, 13, 13], "rotation": 180, "texture": "#2", "cullface": "south"},
				"down": {"uv": [8, 12, 13, 13], "texture": "#2", "cullface": "south"}
			}
		},
		{
			"from": [5, 10, 15.5],
			"to": [8, 11, 16.5],
			"faces": {
				"east": {"uv": [7, 5, 8, 6], "rotation": 270, "texture": "#2", "cullface": "south"},
				"south": {"uv": [5, 5, 8, 6], "texture": "#2", "cullface": "south"},
				"west": {"uv": [5, 5, 6, 6], "rotation": 90, "texture": "#2", "cullface": "south"},
				"up": {"uv": [5, 5, 8, 6], "rotation": 180, "texture": "#2", "cullface": "south"},
				"down": {"uv": [5, 5, 8, 6], "texture": "#2", "cullface": "south"}
			}
		},
		{
			"from": [4, 9, 15.5],
			"to": [8, 10, 16.5],
			"faces": {
				"east": {"uv": [7, 6, 8, 7], "rotation": 270, "texture": "#2", "cullface": "south"},
				"south": {"uv": [4, 6, 8, 7], "texture": "#2", "cullface": "south"},
				"west": {"uv": [4, 6, 5, 7], "rotation": 90, "texture": "#2", "cullface": "south"},
				"up": {"uv": [4, 6, 8, 7], "rotation": 180, "texture": "#2", "cullface": "south"},
				"down": {"uv": [4, 6, 8, 7], "texture": "#2", "cullface": "south"}
			}
		},
		{
			"from": [4, 8, 15.5],
			"to": [8, 9, 16.5],
			"faces": {
				"east": {"uv": [7, 7, 8, 8], "rotation": 270, "texture": "#2", "cullface": "south"},
				"south": {"uv": [4, 7, 8, 8], "texture": "#2", "cullface": "south"},
				"west": {"uv": [4, 7, 5, 8], "rotation": 90, "texture": "#2", "cullface": "south"},
				"up": {"uv": [4, 7, 8, 8], "rotation": 180, "texture": "#2", "cullface": "south"},
				"down": {"uv": [4, 7, 8, 8], "texture": "#2", "cullface": "south"}
			}
		},
		{
			"from": [4, 7, 15.5],
			"to": [6, 8, 16.5],
			"faces": {
				"east": {"uv": [5, 8, 6, 9], "rotation": 270, "texture": "#2", "cullface": "south"},
				"south": {"uv": [4, 8, 6, 9], "texture": "#2", "cullface": "south"},
				"west": {"uv": [4, 8, 5, 9], "rotation": 90, "texture": "#2", "cullface": "south"},
				"up": {"uv": [4, 8, 6, 9], "rotation": 180, "texture": "#2", "cullface": "south"},
				"down": {"uv": [4, 8, 6, 9], "texture": "#2", "cullface": "south"}
			}
		},
		{
			"from": [-0.5, 13, 2],
			"to": [0.5, 14, 4],
			"faces": {
				"north": {"uv": [2, 2, 3, 3], "rotation": 90, "texture": "#2", "cullface": "west"},
				"south": {"uv": [3, 2, 4, 3], "rotation": 270, "texture": "#2", "cullface": "west"},
				"west": {"uv": [2, 2, 4, 3], "texture": "#2", "cullface": "west"},
				"up": {"uv": [2, 2, 4, 3], "rotation": 270, "texture": "#2", "cullface": "west"},
				"down": {"uv": [2, 2, 4, 3], "rotation": 270, "texture": "#2", "cullface": "west"}
			}
		},
		{
			"from": [-0.5, 12, 2],
			"to": [0.5, 13, 4],
			"faces": {
				"north": {"uv": [2, 3, 3, 4], "rotation": 90, "texture": "#2", "cullface": "west"},
				"south": {"uv": [3, 3, 4, 4], "rotation": 270, "texture": "#2", "cullface": "west"},
				"west": {"uv": [2, 3, 4, 4], "texture": "#2", "cullface": "west"},
				"up": {"uv": [2, 3, 4, 4], "rotation": 270, "texture": "#2", "cullface": "west"},
				"down": {"uv": [2, 3, 4, 4], "rotation": 270, "texture": "#2", "cullface": "west"}
			}
		},
		{
			"from": [-0.5, 13, 10],
			"to": [0.5, 14, 12],
			"faces": {
				"north": {"uv": [10, 2, 11, 3], "rotation": 90, "texture": "#2", "cullface": "west"},
				"south": {"uv": [11, 2, 12, 3], "rotation": 270, "texture": "#2", "cullface": "west"},
				"west": {"uv": [10, 2, 12, 3], "texture": "#2", "cullface": "west"},
				"up": {"uv": [10, 2, 12, 3], "rotation": 270, "texture": "#2", "cullface": "west"},
				"down": {"uv": [10, 2, 12, 3], "rotation": 270, "texture": "#2", "cullface": "west"}
			}
		},
		{
			"from": [-0.5, 12, 10],
			"to": [0.5, 13, 12],
			"faces": {
				"north": {"uv": [10, 3, 11, 4], "rotation": 90, "texture": "#2", "cullface": "west"},
				"south": {"uv": [11, 3, 12, 4], "rotation": 270, "texture": "#2", "cullface": "west"},
				"west": {"uv": [10, 3, 12, 4], "texture": "#2", "cullface": "west"},
				"up": {"uv": [10, 3, 12, 4], "rotation": 270, "texture": "#2", "cullface": "west"},
				"down": {"uv": [10, 3, 12, 4], "rotation": 270, "texture": "#2", "cullface": "west"}
			}
		},
		{
			"from": [-0.5, 8, 13],
			"to": [0.5, 9, 15],
			"faces": {
				"north": {"uv": [13, 7, 14, 8], "rotation": 90, "texture": "#2", "cullface": "west"},
				"south": {"uv": [14, 7, 15, 8], "rotation": 270, "texture": "#2", "cullface": "west"},
				"west": {"uv": [13, 7, 15, 8], "texture": "#2", "cullface": "west"},
				"up": {"uv": [13, 7, 15, 8], "rotation": 270, "texture": "#2", "cullface": "west"},
				"down": {"uv": [13, 7, 15, 8], "rotation": 270, "texture": "#2", "cullface": "west"}
			}
		},
		{
			"from": [-0.5, 7, 13],
			"to": [0.5, 8, 15],
			"faces": {
				"north": {"uv": [13, 8, 14, 9], "rotation": 90, "texture": "#2", "cullface": "west"},
				"south": {"uv": [14, 8, 15, 9], "rotation": 270, "texture": "#2", "cullface": "west"},
				"west": {"uv": [13, 8, 15, 9], "texture": "#2", "cullface": "west"},
				"up": {"uv": [13, 8, 15, 9], "rotation": 270, "texture": "#2", "cullface": "west"},
				"down": {"uv": [13, 8, 15, 9], "rotation": 270, "texture": "#2", "cullface": "west"}
			}
		},
		{
			"from": [-0.5, 7, 1],
			"to": [0.5, 8, 3],
			"faces": {
				"north": {"uv": [1, 8, 2, 9], "rotation": 90, "texture": "#2", "cullface": "west"},
				"south": {"uv": [2, 8, 3, 9], "rotation": 270, "texture": "#2", "cullface": "west"},
				"west": {"uv": [1, 8, 3, 9], "texture": "#2", "cullface": "west"},
				"up": {"uv": [1, 8, 3, 9], "rotation": 270, "texture": "#2", "cullface": "west"},
				"down": {"uv": [1, 8, 3, 9], "rotation": 270, "texture": "#2", "cullface": "west"}
			}
		},
		{
			"from": [-0.5, 6, 1],
			"to": [0.5, 7, 3],
			"faces": {
				"north": {"uv": [1, 9, 2, 10], "rotation": 90, "texture": "#2", "cullface": "west"},
				"south": {"uv": [2, 9, 3, 10], "rotation": 270, "texture": "#2", "cullface": "west"},
				"west": {"uv": [1, 9, 3, 10], "texture": "#2", "cullface": "west"},
				"up": {"uv": [1, 9, 3, 10], "rotation": 270, "texture": "#2", "cullface": "west"},
				"down": {"uv": [1, 9, 3, 10], "rotation": 270, "texture": "#2", "cullface": "west"}
			}
		},
		{
			"from": [-0.5, 2, 4],
			"to": [0.5, 3, 6],
			"faces": {
				"north": {"uv": [4, 13, 5, 14], "rotation": 90, "texture": "#2", "cullface": "west"},
				"south": {"uv": [5, 13, 6, 14], "rotation": 270, "texture": "#2", "cullface": "west"},
				"west": {"uv": [4, 13, 6, 14], "texture": "#2", "cullface": "west"},
				"up": {"uv": [4, 13, 6, 14], "rotation": 270, "texture": "#2", "cullface": "west"},
				"down": {"uv": [4, 13, 6, 14], "rotation": 270, "texture": "#2", "cullface": "west"}
			}
		},
		{
			"from": [-0.5, 1, 4],
			"to": [0.5, 2, 6],
			"faces": {
				"north": {"uv": [4, 14, 5, 15], "rotation": 90, "texture": "#2", "cullface": "west"},
				"south": {"uv": [5, 14, 6, 15], "rotation": 270, "texture": "#2", "cullface": "west"},
				"west": {"uv": [4, 14, 6, 15], "texture": "#2", "cullface": "west"},
				"up": {"uv": [4, 14, 6, 15], "rotation": 270, "texture": "#2", "cullface": "west"},
				"down": {"uv": [4, 14, 6, 15], "rotation": 270, "texture": "#2", "cullface": "west"}
			}
		},
		{
			"from": [-0.5, 5, 9],
			"to": [0.5, 6, 11],
			"faces": {
				"north": {"uv": [9, 10, 10, 11], "rotation": 90, "texture": "#2", "cullface": "west"},
				"south": {"uv": [10, 10, 11, 11], "rotation": 270, "texture": "#2", "cullface": "west"},
				"west": {"uv": [9, 10, 11, 11], "texture": "#2", "cullface": "west"},
				"up": {"uv": [9, 10, 11, 11], "rotation": 270, "texture": "#2", "cullface": "west"},
				"down": {"uv": [9, 10, 11, 11], "rotation": 270, "texture": "#2", "cullface": "west"}
			}
		},
		{
			"from": [-0.5, 4, 8],
			"to": [0.5, 5, 13],
			"faces": {
				"north": {"uv": [8, 11, 9, 12], "rotation": 90, "texture": "#2", "cullface": "west"},
				"south": {"uv": [12, 11, 13, 12], "rotation": 270, "texture": "#2", "cullface": "west"},
				"west": {"uv": [8, 11, 13, 12], "texture": "#2", "cullface": "west"},
				"up": {"uv": [8, 11, 13, 12], "rotation": 270, "texture": "#2", "cullface": "west"},
				"down": {"uv": [8, 11, 13, 12], "rotation": 270, "texture": "#2", "cullface": "west"}
			}
		},
		{
			"from": [-0.5, 3, 8],
			"to": [0.5, 4, 13],
			"faces": {
				"north": {"uv": [8, 12, 9, 13], "rotation": 90, "texture": "#2", "cullface": "west"},
				"south": {"uv": [12, 12, 13, 13], "rotation": 270, "texture": "#2", "cullface": "west"},
				"west": {"uv": [8, 12, 13, 13], "texture": "#2", "cullface": "west"},
				"up": {"uv": [8, 12, 13, 13], "rotation": 270, "texture": "#2", "cullface": "west"},
				"down": {"uv": [8, 12, 13, 13], "rotation": 270, "texture": "#2", "cullface": "west"}
			}
		},
		{
			"from": [-0.5, 10, 5],
			"to": [0.5, 11, 8],
			"faces": {
				"north": {"uv": [5, 5, 6, 6], "rotation": 90, "texture": "#2", "cullface": "west"},
				"south": {"uv": [7, 5, 8, 6], "rotation": 270, "texture": "#2", "cullface": "west"},
				"west": {"uv": [5, 5, 8, 6], "texture": "#2", "cullface": "west"},
				"up": {"uv": [5, 5, 8, 6], "rotation": 270, "texture": "#2", "cullface": "west"},
				"down": {"uv": [5, 5, 8, 6], "rotation": 270, "texture": "#2", "cullface": "west"}
			}
		},
		{
			"from": [-0.5, 9, 4],
			"to": [0.5, 10, 8],
			"faces": {
				"north": {"uv": [4, 6, 5, 7], "rotation": 90, "texture": "#2", "cullface": "west"},
				"south": {"uv": [7, 6, 8, 7], "rotation": 270, "texture": "#2", "cullface": "west"},
				"west": {"uv": [4, 6, 8, 7], "texture": "#2", "cullface": "west"},
				"up": {"uv": [4, 6, 8, 7], "rotation": 270, "texture": "#2", "cullface": "west"},
				"down": {"uv": [4, 6, 8, 7], "rotation": 270, "texture": "#2", "cullface": "west"}
			}
		},
		{
			"from": [-0.5, 8, 4],
			"to": [0.5, 9, 8],
			"faces": {
				"north": {"uv": [4, 7, 5, 8], "rotation": 90, "texture": "#2", "cullface": "west"},
				"south": {"uv": [7, 7, 8, 8], "rotation": 270, "texture": "#2", "cullface": "west"},
				"west": {"uv": [4, 7, 8, 8], "texture": "#2", "cullface": "west"},
				"up": {"uv": [4, 7, 8, 8], "rotation": 270, "texture": "#2", "cullface": "west"},
				"down": {"uv": [4, 7, 8, 8], "rotation": 270, "texture": "#2", "cullface": "west"}
			}
		},
		{
			"from": [-0.5, 7, 4],
			"to": [0.5, 8, 6],
			"faces": {
				"north": {"uv": [4, 8, 5, 9], "rotation": 90, "texture": "#2", "cullface": "west"},
				"south": {"uv": [5, 8, 6, 9], "rotation": 270, "texture": "#2", "cullface": "west"},
				"west": {"uv": [4, 8, 6, 9], "texture": "#2", "cullface": "west"},
				"up": {"uv": [4, 8, 6, 9], "rotation": 270, "texture": "#2", "cullface": "west"},
				"down": {"uv": [4, 8, 6, 9], "rotation": 270, "texture": "#2", "cullface": "west"}
			}
		},
		{
			"from": [12, 13, -0.5],
			"to": [14, 14, 0.5],
			"faces": {
				"north": {"uv": [2, 2, 4, 3], "texture": "#2", "cullface": "north"},
				"east": {"uv": [2, 2, 3, 3], "rotation": 90, "texture": "#2", "cullface": "north"},
				"west": {"uv": [3, 2, 4, 3], "rotation": 270, "texture": "#2", "cullface": "north"},
				"up": {"uv": [2, 2, 4, 3], "texture": "#2", "cullface": "north"},
				"down": {"uv": [2, 2, 4, 3], "rotation": 180, "texture": "#2", "cullface": "north"}
			}
		},
		{
			"from": [12, 12, -0.5],
			"to": [14, 13, 0.5],
			"faces": {
				"north": {"uv": [2, 3, 4, 4], "texture": "#2", "cullface": "north"},
				"east": {"uv": [2, 3, 3, 4], "rotation": 90, "texture": "#2", "cullface": "north"},
				"west": {"uv": [3, 3, 4, 4], "rotation": 270, "texture": "#2", "cullface": "north"},
				"up": {"uv": [2, 3, 4, 4], "texture": "#2", "cullface": "north"},
				"down": {"uv": [2, 3, 4, 4], "rotation": 180, "texture": "#2", "cullface": "north"}
			}
		},
		{
			"from": [4, 13, -0.5],
			"to": [6, 14, 0.5],
			"faces": {
				"north": {"uv": [10, 2, 12, 3], "texture": "#2", "cullface": "north"},
				"east": {"uv": [10, 2, 11, 3], "rotation": 90, "texture": "#2", "cullface": "north"},
				"west": {"uv": [11, 2, 12, 3], "rotation": 270, "texture": "#2", "cullface": "north"},
				"up": {"uv": [10, 2, 12, 3], "texture": "#2", "cullface": "north"},
				"down": {"uv": [10, 2, 12, 3], "rotation": 180, "texture": "#2", "cullface": "north"}
			}
		},
		{
			"from": [4, 12, -0.5],
			"to": [6, 13, 0.5],
			"faces": {
				"north": {"uv": [10, 3, 12, 4], "texture": "#2", "cullface": "north"},
				"east": {"uv": [10, 3, 11, 4], "rotation": 90, "texture": "#2", "cullface": "north"},
				"west": {"uv": [11, 3, 12, 4], "rotation": 270, "texture": "#2", "cullface": "north"},
				"up": {"uv": [10, 3, 12, 4], "texture": "#2", "cullface": "north"},
				"down": {"uv": [10, 3, 12, 4], "rotation": 180, "texture": "#2", "cullface": "north"}
			}
		},
		{
			"from": [1, 8, -0.5],
			"to": [3, 9, 0.5],
			"faces": {
				"north": {"uv": [13, 7, 15, 8], "texture": "#2", "cullface": "north"},
				"east": {"uv": [13, 7, 14, 8], "rotation": 90, "texture": "#2", "cullface": "north"},
				"west": {"uv": [14, 7, 15, 8], "rotation": 270, "texture": "#2", "cullface": "north"},
				"up": {"uv": [13, 7, 15, 8], "texture": "#2", "cullface": "north"},
				"down": {"uv": [13, 7, 15, 8], "rotation": 180, "texture": "#2", "cullface": "north"}
			}
		},
		{
			"from": [1, 7, -0.5],
			"to": [3, 8, 0.5],
			"faces": {
				"north": {"uv": [13, 8, 15, 9], "texture": "#2", "cullface": "north"},
				"east": {"uv": [13, 8, 14, 9], "rotation": 90, "texture": "#2", "cullface": "north"},
				"west": {"uv": [14, 8, 15, 9], "rotation": 270, "texture": "#2", "cullface": "north"},
				"up": {"uv": [13, 8, 15, 9], "texture": "#2", "cullface": "north"},
				"down": {"uv": [13, 8, 15, 9], "rotation": 180, "texture": "#2", "cullface": "north"}
			}
		},
		{
			"from": [13, 7, -0.5],
			"to": [15, 8, 0.5],
			"faces": {
				"north": {"uv": [1, 8, 3, 9], "texture": "#2", "cullface": "north"},
				"east": {"uv": [1, 8, 2, 9], "rotation": 90, "texture": "#2", "cullface": "north"},
				"west": {"uv": [2, 8, 3, 9], "rotation": 270, "texture": "#2", "cullface": "north"},
				"up": {"uv": [1, 8, 3, 9], "texture": "#2", "cullface": "north"},
				"down": {"uv": [1, 8, 3, 9], "rotation": 180, "texture": "#2", "cullface": "north"}
			}
		},
		{
			"from": [13, 6, -0.5],
			"to": [15, 7, 0.5],
			"faces": {
				"north": {"uv": [1, 9, 3, 10], "texture": "#2", "cullface": "north"},
				"east": {"uv": [1, 9, 2, 10], "rotation": 90, "texture": "#2", "cullface": "north"},
				"west": {"uv": [2, 9, 3, 10], "rotation": 270, "texture": "#2", "cullface": "north"},
				"up": {"uv": [1, 9, 3, 10], "texture": "#2", "cullface": "north"},
				"down": {"uv": [1, 9, 3, 10], "rotation": 180, "texture": "#2", "cullface": "north"}
			}
		},
		{
			"from": [10, 2, -0.5],
			"to": [12, 3, 0.5],
			"faces": {
				"north": {"uv": [4, 13, 6, 14], "texture": "#2", "cullface": "north"},
				"east": {"uv": [4, 13, 5, 14], "rotation": 90, "texture": "#2", "cullface": "north"},
				"west": {"uv": [5, 13, 6, 14], "rotation": 270, "texture": "#2", "cullface": "north"},
				"up": {"uv": [4, 13, 6, 14], "texture": "#2", "cullface": "north"},
				"down": {"uv": [4, 13, 6, 14], "rotation": 180, "texture": "#2", "cullface": "north"}
			}
		},
		{
			"from": [10, 1, -0.5],
			"to": [12, 2, 0.5],
			"faces": {
				"north": {"uv": [4, 14, 6, 15], "texture": "#2", "cullface": "north"},
				"east": {"uv": [4, 14, 5, 15], "rotation": 90, "texture": "#2", "cullface": "north"},
				"west": {"uv": [5, 14, 6, 15], "rotation": 270, "texture": "#2", "cullface": "north"},
				"up": {"uv": [4, 14, 6, 15], "texture": "#2", "cullface": "north"},
				"down": {"uv": [4, 14, 6, 15], "rotation": 180, "texture": "#2", "cullface": "north"}
			}
		},
		{
			"from": [5, 5, -0.5],
			"to": [7, 6, 0.5],
			"faces": {
				"north": {"uv": [9, 10, 11, 11], "texture": "#2", "cullface": "north"},
				"east": {"uv": [9, 10, 10, 11], "rotation": 90, "texture": "#2", "cullface": "north"},
				"west": {"uv": [10, 10, 11, 11], "rotation": 270, "texture": "#2", "cullface": "north"},
				"up": {"uv": [9, 10, 11, 11], "texture": "#2", "cullface": "north"},
				"down": {"uv": [9, 10, 11, 11], "rotation": 180, "texture": "#2", "cullface": "north"}
			}
		},
		{
			"from": [3, 4, -0.5],
			"to": [8, 5, 0.5],
			"faces": {
				"north": {"uv": [8, 11, 13, 12], "texture": "#2", "cullface": "north"},
				"east": {"uv": [8, 11, 9, 12], "rotation": 90, "texture": "#2", "cullface": "north"},
				"west": {"uv": [12, 11, 13, 12], "rotation": 270, "texture": "#2", "cullface": "north"},
				"up": {"uv": [8, 11, 13, 12], "texture": "#2", "cullface": "north"},
				"down": {"uv": [8, 11, 13, 12], "rotation": 180, "texture": "#2", "cullface": "north"}
			}
		},
		{
			"from": [3, 3, -0.5],
			"to": [8, 4, 0.5],
			"faces": {
				"north": {"uv": [8, 12, 13, 13], "texture": "#2", "cullface": "north"},
				"east": {"uv": [8, 12, 9, 13], "rotation": 90, "texture": "#2", "cullface": "north"},
				"west": {"uv": [12, 12, 13, 13], "rotation": 270, "texture": "#2", "cullface": "north"},
				"up": {"uv": [8, 12, 13, 13], "texture": "#2", "cullface": "north"},
				"down": {"uv": [8, 12, 13, 13], "rotation": 180, "texture": "#2", "cullface": "north"}
			}
		},
		{
			"from": [8, 10, -0.5],
			"to": [11, 11, 0.5],
			"faces": {
				"north": {"uv": [5, 5, 8, 6], "texture": "#2", "cullface": "north"},
				"east": {"uv": [5, 5, 6, 6], "rotation": 90, "texture": "#2", "cullface": "north"},
				"west": {"uv": [7, 5, 8, 6], "rotation": 270, "texture": "#2", "cullface": "north"},
				"up": {"uv": [5, 5, 8, 6], "texture": "#2", "cullface": "north"},
				"down": {"uv": [5, 5, 8, 6], "rotation": 180, "texture": "#2", "cullface": "north"}
			}
		},
		{
			"from": [8, 9, -0.5],
			"to": [12, 10, 0.5],
			"faces": {
				"north": {"uv": [4, 6, 8, 7], "texture": "#2", "cullface": "north"},
				"east": {"uv": [4, 6, 5, 7], "rotation": 90, "texture": "#2", "cullface": "north"},
				"west": {"uv": [7, 6, 8, 7], "rotation": 270, "texture": "#2", "cullface": "north"},
				"up": {"uv": [4, 6, 8, 7], "texture": "#2", "cullface": "north"},
				"down": {"uv": [4, 6, 8, 7], "rotation": 180, "texture": "#2", "cullface": "north"}
			}
		},
		{
			"from": [8, 8, -0.5],
			"to": [12, 9, 0.5],
			"faces": {
				"north": {"uv": [4, 7, 8, 8], "texture": "#2", "cullface": "north"},
				"east": {"uv": [4, 7, 5, 8], "rotation": 90, "texture": "#2", "cullface": "north"},
				"west": {"uv": [7, 7, 8, 8], "rotation": 270, "texture": "#2", "cullface": "north"},
				"up": {"uv": [4, 7, 8, 8], "texture": "#2", "cullface": "north"},
				"down": {"uv": [4, 7, 8, 8], "rotation": 180, "texture": "#2", "cullface": "north"}
			}
		},
		{
			"from": [10, 7, -0.5],
			"to": [12, 8, 0.5],
			"faces": {
				"north": {"uv": [4, 8, 6, 9], "texture": "#2", "cullface": "north"},
				"east": {"uv": [4, 8, 5, 9], "rotation": 90, "texture": "#2", "cullface": "north"},
				"west": {"uv": [5, 8, 6, 9], "rotation": 270, "texture": "#2", "cullface": "north"},
				"up": {"uv": [4, 8, 6, 9], "texture": "#2", "cullface": "north"},
				"down": {"uv": [4, 8, 6, 9], "rotation": 180, "texture": "#2", "cullface": "north"}
			}
		},
		{
			"from": [15.5, 13, 12],
			"to": [16.5, 14, 14],
			"faces": {
				"north": {"uv": [3, 2, 4, 3], "rotation": 270, "texture": "#2", "cullface": "east"},
				"east": {"uv": [2, 2, 4, 3], "texture": "#2", "cullface": "east"},
				"south": {"uv": [2, 2, 3, 3], "rotation": 90, "texture": "#2", "cullface": "east"},
				"up": {"uv": [2, 2, 4, 3], "rotation": 90, "texture": "#2", "cullface": "east"},
				"down": {"uv": [2, 2, 4, 3], "rotation": 90, "texture": "#2", "cullface": "east"}
			}
		},
		{
			"from": [15.5, 12, 12],
			"to": [16.5, 13, 14],
			"faces": {
				"north": {"uv": [3, 3, 4, 4], "rotation": 270, "texture": "#2", "cullface": "east"},
				"east": {"uv": [2, 3, 4, 4], "texture": "#2", "cullface": "east"},
				"south": {"uv": [2, 3, 3, 4], "rotation": 90, "texture": "#2", "cullface": "east"},
				"up": {"uv": [2, 3, 4, 4], "rotation": 90, "texture": "#2", "cullface": "east"},
				"down": {"uv": [2, 3, 4, 4], "rotation": 90, "texture": "#2", "cullface": "east"}
			}
		},
		{
			"from": [15.5, 13, 4],
			"to": [16.5, 14, 6],
			"faces": {
				"north": {"uv": [11, 2, 12, 3], "rotation": 270, "texture": "#2", "cullface": "east"},
				"east": {"uv": [10, 2, 12, 3], "texture": "#2", "cullface": "east"},
				"south": {"uv": [10, 2, 11, 3], "rotation": 90, "texture": "#2", "cullface": "east"},
				"up": {"uv": [10, 2, 12, 3], "rotation": 90, "texture": "#2", "cullface": "east"},
				"down": {"uv": [10, 2, 12, 3], "rotation": 90, "texture": "#2", "cullface": "east"}
			}
		},
		{
			"from": [15.5, 12, 4],
			"to": [16.5, 13, 6],
			"faces": {
				"north": {"uv": [11, 3, 12, 4], "rotation": 270, "texture": "#2", "cullface": "east"},
				"east": {"uv": [10, 3, 12, 4], "texture": "#2", "cullface": "east"},
				"south": {"uv": [10, 3, 11, 4], "rotation": 90, "texture": "#2", "cullface": "east"},
				"up": {"uv": [10, 3, 12, 4], "rotation": 90, "texture": "#2", "cullface": "east"},
				"down": {"uv": [10, 3, 12, 4], "rotation": 90, "texture": "#2", "cullface": "east"}
			}
		},
		{
			"from": [15.5, 8, 1],
			"to": [16.5, 9, 3],
			"faces": {
				"north": {"uv": [14, 7, 15, 8], "rotation": 270, "texture": "#2", "cullface": "east"},
				"east": {"uv": [13, 7, 15, 8], "texture": "#2", "cullface": "east"},
				"south": {"uv": [13, 7, 14, 8], "rotation": 90, "texture": "#2", "cullface": "east"},
				"up": {"uv": [13, 7, 15, 8], "rotation": 90, "texture": "#2", "cullface": "east"},
				"down": {"uv": [13, 7, 15, 8], "rotation": 90, "texture": "#2", "cullface": "east"}
			}
		},
		{
			"from": [15.5, 7, 1],
			"to": [16.5, 8, 3],
			"faces": {
				"north": {"uv": [14, 8, 15, 9], "rotation": 270, "texture": "#2", "cullface": "east"},
				"east": {"uv": [13, 8, 15, 9], "texture": "#2", "cullface": "east"},
				"south": {"uv": [13, 8, 14, 9], "rotation": 90, "texture": "#2", "cullface": "east"},
				"up": {"uv": [13, 8, 15, 9], "rotation": 90, "texture": "#2", "cullface": "east"},
				"down": {"uv": [13, 8, 15, 9], "rotation": 90, "texture": "#2", "cullface": "east"}
			}
		},
		{
			"from": [15.5, 7, 13],
			"to": [16.5, 8, 15],
			"faces": {
				"north": {"uv": [2, 8, 3, 9], "rotation": 270, "texture": "#2", "cullface": "east"},
				"east": {"uv": [1, 8, 3, 9], "texture": "#2", "cullface": "east"},
				"south": {"uv": [1, 8, 2, 9], "rotation": 90, "texture": "#2", "cullface": "east"},
				"up": {"uv": [1, 8, 3, 9], "rotation": 90, "texture": "#2", "cullface": "east"},
				"down": {"uv": [1, 8, 3, 9], "rotation": 90, "texture": "#2", "cullface": "east"}
			}
		},
		{
			"from": [15.5, 6, 13],
			"to": [16.5, 7, 15],
			"faces": {
				"north": {"uv": [2, 9, 3, 10], "rotation": 270, "texture": "#2", "cullface": "east"},
				"east": {"uv": [1, 9, 3, 10], "texture": "#2", "cullface": "east"},
				"south": {"uv": [1, 9, 2, 10], "rotation": 90, "texture": "#2", "cullface": "east"},
				"up": {"uv": [1, 9, 3, 10], "rotation": 90, "texture": "#2", "cullface": "east"},
				"down": {"uv": [1, 9, 3, 10], "rotation": 90, "texture": "#2", "cullface": "east"}
			}
		},
		{
			"from": [15.5, 2, 10],
			"to": [16.5, 3, 12],
			"faces": {
				"north": {"uv": [5, 13, 6, 14], "rotation": 270, "texture": "#2", "cullface": "east"},
				"east": {"uv": [4, 13, 6, 14], "texture": "#2", "cullface": "east"},
				"south": {"uv": [4, 13, 5, 14], "rotation": 90, "texture": "#2", "cullface": "east"},
				"up": {"uv": [4, 13, 6, 14], "rotation": 90, "texture": "#2", "cullface": "east"},
				"down": {"uv": [4, 13, 6, 14], "rotation": 90, "texture": "#2", "cullface": "east"}
			}
		},
		{
			"from": [15.5, 1, 10],
			"to": [16.5, 2, 12],
			"faces": {
				"north": {"uv": [5, 14, 6, 15], "rotation": 270, "texture": "#2", "cullface": "east"},
				"east": {"uv": [4, 14, 6, 15], "texture": "#2", "cullface": "east"},
				"south": {"uv": [4, 14, 5, 15], "rotation": 90, "texture": "#2", "cullface": "east"},
				"up": {"uv": [4, 14, 6, 15], "rotation": 90, "texture": "#2", "cullface": "east"},
				"down": {"uv": [4, 14, 6, 15], "rotation": 90, "texture": "#2", "cullface": "east"}
			}
		},
		{
			"from": [15.5, 5, 5],
			"to": [16.5, 6, 7],
			"faces": {
				"north": {"uv": [10, 10, 11, 11], "rotation": 270, "texture": "#2", "cullface": "east"},
				"east": {"uv": [9, 10, 11, 11], "texture": "#2", "cullface": "east"},
				"south": {"uv": [9, 10, 10, 11], "rotation": 90, "texture": "#2", "cullface": "east"},
				"up": {"uv": [9, 10, 11, 11], "rotation": 90, "texture": "#2", "cullface": "east"},
				"down": {"uv": [9, 10, 11, 11], "rotation": 90, "texture": "#2", "cullface": "east"}
			}
		},
		{
			"from": [15.5, 4, 3],
			"to": [16.5, 5, 8],
			"faces": {
				"north": {"uv": [12, 11, 13, 12], "rotation": 270, "texture": "#2", "cullface": "east"},
				"east": {"uv": [8, 11, 13, 12], "texture": "#2", "cullface": "east"},
				"south": {"uv": [8, 11, 9, 12], "rotation": 90, "texture": "#2", "cullface": "east"},
				"up": {"uv": [8, 11, 13, 12], "rotation": 90, "texture": "#2", "cullface": "east"},
				"down": {"uv": [8, 11, 13, 12], "rotation": 90, "texture": "#2", "cullface": "east"}
			}
		},
		{
			"from": [15.5, 3, 3],
			"to": [16.5, 4, 8],
			"faces": {
				"north": {"uv": [12, 12, 13, 13], "rotation": 270, "texture": "#2", "cullface": "east"},
				"east": {"uv": [8, 12, 13, 13], "texture": "#2", "cullface": "east"},
				"south": {"uv": [8, 12, 9, 13], "rotation": 90, "texture": "#2", "cullface": "east"},
				"up": {"uv": [8, 12, 13, 13], "rotation": 90, "texture": "#2", "cullface": "east"},
				"down": {"uv": [8, 12, 13, 13], "rotation": 90, "texture": "#2", "cullface": "east"}
			}
		},
		{
			"from": [15.5, 10, 8],
			"to": [16.5, 11, 11],
			"faces": {
				"north": {"uv": [7, 5, 8, 6], "rotation": 270, "texture": "#2", "cullface": "east"},
				"east": {"uv": [5, 5, 8, 6], "texture": "#2", "cullface": "east"},
				"south": {"uv": [5, 5, 6, 6], "rotation": 90, "texture": "#2", "cullface": "east"},
				"up": {"uv": [5, 5, 8, 6], "rotation": 90, "texture": "#2", "cullface": "east"},
				"down": {"uv": [5, 5, 8, 6], "rotation": 90, "texture": "#2", "cullface": "east"}
			}
		},
		{
			"from": [15.5, 9, 8],
			"to": [16.5, 10, 12],
			"faces": {
				"north": {"uv": [7, 6, 8, 7], "rotation": 270, "texture": "#2", "cullface": "east"},
				"east": {"uv": [4, 6, 8, 7], "texture": "#2", "cullface": "east"},
				"south": {"uv": [4, 6, 5, 7], "rotation": 90, "texture": "#2", "cullface": "east"},
				"up": {"uv": [4, 6, 8, 7], "rotation": 90, "texture": "#2", "cullface": "east"},
				"down": {"uv": [4, 6, 8, 7], "rotation": 90, "texture": "#2", "cullface": "east"}
			}
		},
		{
			"from": [15.5, 8, 8],
			"to": [16.5, 9, 12],
			"faces": {
				"north": {"uv": [7, 7, 8, 8], "rotation": 270, "texture": "#2", "cullface": "east"},
				"east": {"uv": [4, 7, 8, 8], "texture": "#2", "cullface": "east"},
				"south": {"uv": [4, 7, 5, 8], "rotation": 90, "texture": "#2", "cullface": "east"},
				"up": {"uv": [4, 7, 8, 8], "rotation": 90, "texture": "#2", "cullface": "east"},
				"down": {"uv": [4, 7, 8, 8], "rotation": 90, "texture": "#2", "cullface": "east"}
			}
		},
		{
			"from": [15.5, 7, 10],
			"to": [16.5, 8, 12],
			"faces": {
				"north": {"uv": [5, 8, 6, 9], "rotation": 270, "texture": "#2", "cullface": "east"},
				"east": {"uv": [4, 8, 6, 9], "texture": "#2", "cullface": "east"},
				"south": {"uv": [4, 8, 5, 9], "rotation": 90, "texture": "#2", "cullface": "east"},
				"up": {"uv": [4, 8, 6, 9], "rotation": 90, "texture": "#2", "cullface": "east"},
				"down": {"uv": [4, 8, 6, 9], "rotation": 90, "texture": "#2", "cullface": "east"}
			}
		},
		{
			"from": [2, -0.5, 13],
			"to": [4, 0.5, 14],
			"faces": {
				"north": {"uv": [2, 2, 4, 3], "rotation": 180, "texture": "#2", "cullface": "down"},
				"east": {"uv": [3, 2, 4, 3], "rotation": 180, "texture": "#2", "cullface": "down"},
				"south": {"uv": [2, 2, 4, 3], "rotation": 180, "texture": "#2", "cullface": "down"},
				"west": {"uv": [2, 2, 3, 3], "rotation": 180, "texture": "#2", "cullface": "down"},
				"down": {"uv": [2, 2, 4, 3], "texture": "#2", "cullface": "down"}
			}
		},
		{
			"from": [2, -0.5, 12],
			"to": [4, 0.5, 13],
			"faces": {
				"north": {"uv": [2, 3, 4, 4], "rotation": 180, "texture": "#2", "cullface": "down"},
				"east": {"uv": [3, 3, 4, 4], "rotation": 180, "texture": "#2", "cullface": "down"},
				"south": {"uv": [2, 3, 4, 4], "rotation": 180, "texture": "#2", "cullface": "down"},
				"west": {"uv": [2, 3, 3, 4], "rotation": 180, "texture": "#2", "cullface": "down"},
				"down": {"uv": [2, 3, 4, 4], "texture": "#2", "cullface": "down"}
			}
		},
		{
			"from": [10, -0.5, 13],
			"to": [12, 0.5, 14],
			"faces": {
				"north": {"uv": [10, 2, 12, 3], "rotation": 180, "texture": "#2", "cullface": "down"},
				"east": {"uv": [11, 2, 12, 3], "rotation": 180, "texture": "#2", "cullface": "down"},
				"south": {"uv": [10, 2, 12, 3], "rotation": 180, "texture": "#2", "cullface": "down"},
				"west": {"uv": [10, 2, 11, 3], "rotation": 180, "texture": "#2", "cullface": "down"},
				"down": {"uv": [10, 2, 12, 3], "texture": "#2", "cullface": "down"}
			}
		},
		{
			"from": [10, -0.5, 12],
			"to": [12, 0.5, 13],
			"faces": {
				"north": {"uv": [10, 3, 12, 4], "rotation": 180, "texture": "#2", "cullface": "down"},
				"east": {"uv": [11, 3, 12, 4], "rotation": 180, "texture": "#2", "cullface": "down"},
				"south": {"uv": [10, 3, 12, 4], "rotation": 180, "texture": "#2", "cullface": "down"},
				"west": {"uv": [10, 3, 11, 4], "rotation": 180, "texture": "#2", "cullface": "down"},
				"down": {"uv": [10, 3, 12, 4], "texture": "#2", "cullface": "down"}
			}
		},
		{
			"from": [13, -0.5, 8],
			"to": [15, 0.5, 9],
			"faces": {
				"north": {"uv": [13, 7, 15, 8], "rotation": 180, "texture": "#2", "cullface": "down"},
				"east": {"uv": [14, 7, 15, 8], "rotation": 180, "texture": "#2", "cullface": "down"},
				"south": {"uv": [13, 7, 15, 8], "rotation": 180, "texture": "#2", "cullface": "down"},
				"west": {"uv": [13, 7, 14, 8], "rotation": 180, "texture": "#2", "cullface": "down"},
				"down": {"uv": [13, 7, 15, 8], "texture": "#2", "cullface": "down"}
			}
		},
		{
			"from": [13, -0.5, 7],
			"to": [15, 0.5, 8],
			"faces": {
				"north": {"uv": [13, 8, 15, 9], "rotation": 180, "texture": "#2", "cullface": "down"},
				"east": {"uv": [14, 8, 15, 9], "rotation": 180, "texture": "#2", "cullface": "down"},
				"south": {"uv": [13, 8, 15, 9], "rotation": 180, "texture": "#2", "cullface": "down"},
				"west": {"uv": [13, 8, 14, 9], "rotation": 180, "texture": "#2", "cullface": "down"},
				"down": {"uv": [13, 8, 15, 9], "texture": "#2", "cullface": "down"}
			}
		},
		{
			"from": [1, -0.5, 7],
			"to": [3, 0.5, 8],
			"faces": {
				"north": {"uv": [1, 8, 3, 9], "rotation": 180, "texture": "#2", "cullface": "down"},
				"east": {"uv": [2, 8, 3, 9], "rotation": 180, "texture": "#2", "cullface": "down"},
				"south": {"uv": [1, 8, 3, 9], "rotation": 180, "texture": "#2", "cullface": "down"},
				"west": {"uv": [1, 8, 2, 9], "rotation": 180, "texture": "#2", "cullface": "down"},
				"down": {"uv": [1, 8, 3, 9], "texture": "#2", "cullface": "down"}
			}
		},
		{
			"from": [1, -0.5, 6],
			"to": [3, 0.5, 7],
			"faces": {
				"north": {"uv": [1, 9, 3, 10], "rotation": 180, "texture": "#2", "cullface": "down"},
				"east": {"uv": [2, 9, 3, 10], "rotation": 180, "texture": "#2", "cullface": "down"},
				"south": {"uv": [1, 9, 3, 10], "rotation": 180, "texture": "#2", "cullface": "down"},
				"west": {"uv": [1, 9, 2, 10], "rotation": 180, "texture": "#2", "cullface": "down"},
				"down": {"uv": [1, 9, 3, 10], "texture": "#2", "cullface": "down"}
			}
		},
		{
			"from": [4, -0.5, 2],
			"to": [6, 0.5, 3],
			"faces": {
				"north": {"uv": [4, 13, 6, 14], "rotation": 180, "texture": "#2", "cullface": "down"},
				"east": {"uv": [5, 13, 6, 14], "rotation": 180, "texture": "#2", "cullface": "down"},
				"south": {"uv": [4, 13, 6, 14], "rotation": 180, "texture": "#2", "cullface": "down"},
				"west": {"uv": [4, 13, 5, 14], "rotation": 180, "texture": "#2", "cullface": "down"},
				"down": {"uv": [4, 13, 6, 14], "texture": "#2", "cullface": "down"}
			}
		},
		{
			"from": [4, -0.5, 1],
			"to": [6, 0.5, 2],
			"faces": {
				"north": {"uv": [4, 14, 6, 15], "rotation": 180, "texture": "#2", "cullface": "down"},
				"east": {"uv": [5, 14, 6, 15], "rotation": 180, "texture": "#2", "cullface": "down"},
				"south": {"uv": [4, 14, 6, 15], "rotation": 180, "texture": "#2", "cullface": "down"},
				"west": {"uv": [4, 14, 5, 15], "rotation": 180, "texture": "#2", "cullface": "down"},
				"down": {"uv": [4, 14, 6, 15], "texture": "#2", "cullface": "down"}
			}
		},
		{
			"from": [9, -0.5, 5],
			"to": [11, 0.5, 6],
			"faces": {
				"north": {"uv": [9, 10, 11, 11], "rotation": 180, "texture": "#2", "cullface": "down"},
				"east": {"uv": [10, 10, 11, 11], "rotation": 180, "texture": "#2", "cullface": "down"},
				"south": {"uv": [9, 10, 11, 11], "rotation": 180, "texture": "#2", "cullface": "down"},
				"west": {"uv": [9, 10, 10, 11], "rotation": 180, "texture": "#2", "cullface": "down"},
				"down": {"uv": [9, 10, 11, 11], "texture": "#2", "cullface": "down"}
			}
		},
		{
			"from": [8, -0.5, 4],
			"to": [13, 0.5, 5],
			"faces": {
				"north": {"uv": [8, 11, 13, 12], "rotation": 180, "texture": "#2", "cullface": "down"},
				"east": {"uv": [12, 11, 13, 12], "rotation": 180, "texture": "#2", "cullface": "down"},
				"south": {"uv": [8, 11, 13, 12], "rotation": 180, "texture": "#2", "cullface": "down"},
				"west": {"uv": [8, 11, 9, 12], "rotation": 180, "texture": "#2", "cullface": "down"},
				"down": {"uv": [8, 11, 13, 12], "texture": "#2", "cullface": "down"}
			}
		},
		{
			"from": [8, -0.5, 3],
			"to": [13, 0.5, 4],
			"faces": {
				"north": {"uv": [8, 12, 13, 13], "rotation": 180, "texture": "#2", "cullface": "down"},
				"east": {"uv": [12, 12, 13, 13], "rotation": 180, "texture": "#2", "cullface": "down"},
				"south": {"uv": [8, 12, 13, 13], "rotation": 180, "texture": "#2", "cullface": "down"},
				"west": {"uv": [8, 12, 9, 13], "rotation": 180, "texture": "#2", "cullface": "down"},
				"down": {"uv": [8, 12, 13, 13], "texture": "#2", "cullface": "down"}
			}
		},
		{
			"from": [5, -0.5, 10],
			"to": [8, 0.5, 11],
			"faces": {
				"north": {"uv": [5, 5, 8, 6], "rotation": 180, "texture": "#2", "cullface": "down"},
				"east": {"uv": [7, 5, 8, 6], "rotation": 180, "texture": "#2", "cullface": "down"},
				"south": {"uv": [5, 5, 8, 6], "rotation": 180, "texture": "#2", "cullface": "down"},
				"west": {"uv": [5, 5, 6, 6], "rotation": 180, "texture": "#2", "cullface": "down"},
				"down": {"uv": [5, 5, 8, 6], "texture": "#2", "cullface": "down"}
			}
		},
		{
			"from": [4, -0.5, 9],
			"to": [8, 0.5, 10],
			"faces": {
				"north": {"uv": [4, 6, 8, 7], "rotation": 180, "texture": "#2", "cullface": "down"},
				"east": {"uv": [7, 6, 8, 7], "rotation": 180, "texture": "#2", "cullface": "down"},
				"south": {"uv": [4, 6, 8, 7], "rotation": 180, "texture": "#2", "cullface": "down"},
				"west": {"uv": [4, 6, 5, 7], "rotation": 180, "texture": "#2", "cullface": "down"},
				"down": {"uv": [4, 6, 8, 7], "texture": "#2", "cullface": "down"}
			}
		},
		{
			"from": [4, -0.5, 8],
			"to": [8, 0.5, 9],
			"faces": {
				"north": {"uv": [4, 7, 8, 8], "rotation": 180, "texture": "#2", "cullface": "down"},
				"east": {"uv": [7, 7, 8, 8], "rotation": 180, "texture": "#2", "cullface": "down"},
				"south": {"uv": [4, 7, 8, 8], "rotation": 180, "texture": "#2", "cullface": "down"},
				"west": {"uv": [4, 7, 5, 8], "rotation": 180, "texture": "#2", "cullface": "down"},
				"down": {"uv": [4, 7, 8, 8], "texture": "#2", "cullface": "down"}
			}
		},
		{
			"from": [4, -0.5, 7],
			"to": [6, 0.5, 8],
			"faces": {
				"north": {"uv": [4, 8, 6, 9], "rotation": 180, "texture": "#2", "cullface": "down"},
				"east": {"uv": [5, 8, 6, 9], "rotation": 180, "texture": "#2", "cullface": "down"},
				"south": {"uv": [4, 8, 6, 9], "rotation": 180, "texture": "#2", "cullface": "down"},
				"west": {"uv": [4, 8, 5, 9], "rotation": 180, "texture": "#2", "cullface": "down"},
				"down": {"uv": [4, 8, 6, 9], "texture": "#2", "cullface": "down"}
			}
		}
	],
	"groups": [
		0,
		{
			"name": "up",
			"origin": [0, 0, 0],
			"color": 0,
			"children": [1, 2, 3, 4, 5, 6, 7, 8, 9, 10, 11, 12, 13, 14, 15, 16, 17]
		},
		{
			"name": "south",
			"origin": [0, 0, 0],
			"color": 0,
			"children": [18, 19, 20, 21, 22, 23, 24, 25, 26, 27, 28, 29, 30, 31, 32, 33, 34]
		},
		{
			"name": "west",
			"origin": [0, 0, 0],
			"color": 0,
			"children": [35, 36, 37, 38, 39, 40, 41, 42, 43, 44, 45, 46, 47, 48, 49, 50, 51]
		},
		{
			"name": "north",
			"origin": [0, 0, 0],
			"color": 0,
			"children": [52, 53, 54, 55, 56, 57, 58, 59, 60, 61, 62, 63, 64, 65, 66, 67, 68]
		},
		{
			"name": "east",
			"origin": [0, 0, 0],
			"color": 0,
			"children": [69, 70, 71, 72, 73, 74, 75, 76, 77, 78, 79, 80, 81, 82, 83, 84, 85]
		},
		{
			"name": "down",
			"origin": [0, 0, 0],
			"color": 0,
			"children": [86, 87, 88, 89, 90, 91, 92, 93, 94, 95, 96, 97, 98, 99, 100, 101, 102]
		}
	]
}