{
	"credit": "Made with Blockbench",
	"parent": "block/block",
	"textures": {
		"0": "stone",
		"1": "iron_ore",
		"particle": "iron_ore"
	},
	"elements": [
		{
			"from": [0, 0, 0],
			"to": [16, 16, 16],
			"faces": {
				"north": {"uv": [0, 0, 16, 16], "texture": "#0", "cullface": "north"},
				"east": {"uv": [0, 0, 16, 16], "texture": "#0", "cullface": "east"},
				"south": {"uv": [0, 0, 16, 16], "texture": "#0", "cullface": "south"},
				"west": {"uv": [0, 0, 16, 16], "texture": "#0", "cullface": "west"},
				"up": {"uv": [0, 0, 16, 16], "texture": "#0", "cullface": "up"},
				"down": {"uv": [0, 0, 16, 16], "texture": "#0", "cullface": "down"}
			}
		},
		{
			"from": [10, 15.5, 1],
			"to": [14, 16.5, 2],
			"rotation": {"angle": 0, "axis": "y", "origin": [16.5, 16.5, 0.5]},
			"faces": {
				"north": {"uv": [10, 1, 14, 2], "texture": "#1", "cullface": "up"},
				"east": {"uv": [13, 1, 14, 2], "texture": "#1", "cullface": "up"},
				"south": {"uv": [10, 1, 14, 2], "texture": "#1", "cullface": "up"},
				"west": {"uv": [10, 1, 11, 2], "texture": "#1", "cullface": "up"},
				"up": {"uv": [10, 1, 14, 2], "texture": "#1", "cullface": "up"}
			}
		},
		{
			"from": [11, 15.5, 2],
			"to": [13, 16.5, 3],
			"rotation": {"angle": 0, "axis": "y", "origin": [16.5, 16.5, 0.5]},
			"faces": {
				"north": {"uv": [11, 2, 13, 3], "texture": "#1", "cullface": "up"},
				"east": {"uv": [12, 2, 13, 3], "texture": "#1", "cullface": "up"},
				"south": {"uv": [11, 2, 13, 3], "texture": "#1", "cullface": "up"},
				"west": {"uv": [11, 2, 12, 3], "texture": "#1", "cullface": "up"},
				"up": {"uv": [11, 2, 13, 3], "texture": "#1", "cullface": "up"}
			}
		},
		{
			"from": [2, 15.5, 2],
			"to": [5, 16.5, 3],
			"rotation": {"angle": 0, "axis": "y", "origin": [16.5, 16.5, 0.5]},
			"faces": {
				"north": {"uv": [2, 2, 5, 3], "texture": "#1", "cullface": "up"},
				"east": {"uv": [4, 2, 5, 3], "texture": "#1", "cullface": "up"},
				"south": {"uv": [2, 2, 5, 3], "texture": "#1", "cullface": "up"},
				"west": {"uv": [2, 2, 3, 3], "texture": "#1", "cullface": "up"},
				"up": {"uv": [2, 2, 5, 3], "texture": "#1", "cullface": "up"}
			}
		},
		{
			"from": [1, 15.5, 3],
			"to": [4, 16.5, 4],
			"rotation": {"angle": 0, "axis": "y", "origin": [16.5, 16.5, 0.5]},
			"faces": {
				"north": {"uv": [1, 3, 4, 4], "texture": "#1", "cullface": "up"},
				"east": {"uv": [3, 3, 4, 4], "texture": "#1", "cullface": "up"},
				"south": {"uv": [1, 3, 4, 4], "texture": "#1", "cullface": "up"},
				"west": {"uv": [1, 3, 2, 4], "texture": "#1", "cullface": "up"},
				"up": {"uv": [1, 3, 4, 4], "texture": "#1", "cullface": "up"}
			}
		},
		{
			"from": [7, 15.5, 4],
			"to": [12, 16.5, 5],
			"rotation": {"angle": 0, "axis": "y", "origin": [16.5, 16.5, 0.5]},
			"faces": {
				"north": {"uv": [7, 4, 12, 5], "texture": "#1", "cullface": "up"},
				"east": {"uv": [11, 4, 12, 5], "texture": "#1", "cullface": "up"},
				"south": {"uv": [7, 4, 12, 5], "texture": "#1", "cullface": "up"},
				"west": {"uv": [7, 4, 8, 5], "texture": "#1", "cullface": "up"},
				"up": {"uv": [7, 4, 12, 5], "texture": "#1", "cullface": "up"}
			}
		},
		{
			"from": [13, 15.5, 5],
			"to": [15, 16.5, 6],
			"rotation": {"angle": 0, "axis": "y", "origin": [16.5, 16.5, 0.5]},
			"faces": {
				"north": {"uv": [13, 5, 15, 6], "texture": "#1", "cullface": "up"},
				"east": {"uv": [14, 5, 15, 6], "texture": "#1", "cullface": "up"},
				"south": {"uv": [13, 5, 15, 6], "texture": "#1", "cullface": "up"},
				"west": {"uv": [13, 5, 14, 6], "texture": "#1", "cullface": "up"},
				"up": {"uv": [13, 5, 15, 6], "texture": "#1", "cullface": "up"}
			}
		},
		{
			"from": [9, 15.5, 8],
			"to": [13, 16.5, 9],
			"rotation": {"angle": 0, "axis": "y", "origin": [16.5, 16.5, 0.5]},
			"faces": {
				"north": {"uv": [9, 8, 13, 9], "texture": "#1", "cullface": "up"},
				"east": {"uv": [12, 8, 13, 9], "texture": "#1", "cullface": "up"},
				"south": {"uv": [9, 8, 13, 9], "texture": "#1", "cullface": "up"},
				"west": {"uv": [9, 8, 10, 9], "texture": "#1", "cullface": "up"},
				"up": {"uv": [9, 8, 13, 9], "texture": "#1", "cullface": "up"}
			}
		},
		{
			"from": [8, 15.5, 12],
			"to": [15, 16.5, 13],
			"rotation": {"angle": 0, "axis": "y", "origin": [16.5, 16.5, 0.5]},
			"faces": {
				"north": {"uv": [8, 12, 15, 13], "texture": "#1", "cullface": "up"},
				"east": {"uv": [14, 12, 15, 13], "texture": "#1", "cullface": "up"},
				"south": {"uv": [8, 12, 15, 13], "texture": "#1", "cullface": "up"},
				"west": {"uv": [8, 12, 9, 13], "texture": "#1", "cullface": "up"},
				"up": {"uv": [8, 12, 15, 13], "texture": "#1", "cullface": "up"}
			}
		},
		{
			"from": [3, 15.5, 8],
			"to": [5, 16.5, 9],
			"rotation": {"angle": 0, "axis": "y", "origin": [16.5, 16.5, 0.5]},
			"faces": {
				"north": {"uv": [3, 8, 5, 9], "texture": "#1", "cullface": "up"},
				"east": {"uv": [4, 8, 5, 9], "texture": "#1", "cullface": "up"},
				"south": {"uv": [3, 8, 5, 9], "texture": "#1", "cullface": "up"},
				"west": {"uv": [3, 8, 4, 9], "texture": "#1", "cullface": "up"},
				"up": {"uv": [3, 8, 5, 9], "texture": "#1", "cullface": "up"}
			}
		},
		{
			"from": [1, 15.5, 13],
			"to": [3, 16.5, 14],
			"rotation": {"angle": 0, "axis": "y", "origin": [16.5, 16.5, 0.5]},
			"faces": {
				"north": {"uv": [1, 13, 3, 14], "texture": "#1", "cullface": "up"},
				"east": {"uv": [2, 13, 3, 14], "texture": "#1", "cullface": "up"},
				"south": {"uv": [1, 13, 3, 14], "texture": "#1", "cullface": "up"},
				"west": {"uv": [1, 13, 2, 14], "texture": "#1", "cullface": "up"},
				"up": {"uv": [1, 13, 3, 14], "texture": "#1", "cullface": "up"}
			}
		},
		{
			"from": [2, 15.5, 14],
			"to": [4, 16.5, 15],
			"rotation": {"angle": 0, "axis": "y", "origin": [16.5, 16.5, 0.5]},
			"faces": {
				"north": {"uv": [2, 14, 4, 15], "texture": "#1", "cullface": "up"},
				"east": {"uv": [3, 14, 4, 15], "texture": "#1", "cullface": "up"},
				"south": {"uv": [2, 14, 4, 15], "texture": "#1", "cullface": "up"},
				"west": {"uv": [2, 14, 3, 15], "texture": "#1", "cullface": "up"},
				"up": {"uv": [2, 14, 4, 15], "texture": "#1", "cullface": "up"}
			}
		},
		{
			"from": [4, 15.5, 12],
			"to": [6, 16.5, 13],
			"rotation": {"angle": 0, "axis": "y", "origin": [16.5, 16.5, 0.5]},
			"faces": {
				"north": {"uv": [4, 12, 6, 13], "texture": "#1", "cullface": "up"},
				"east": {"uv": [5, 12, 6, 13], "texture": "#1", "cullface": "up"},
				"south": {"uv": [4, 12, 6, 13], "texture": "#1", "cullface": "up"},
				"west": {"uv": [4, 12, 5, 13], "texture": "#1", "cullface": "up"},
				"up": {"uv": [4, 12, 6, 13], "texture": "#1", "cullface": "up"}
			}
		},
		{
			"from": [11, 15.5, 11],
			"to": [13, 16.5, 12],
			"rotation": {"angle": 0, "axis": "y", "origin": [16.5, 16.5, 0.5]},
			"faces": {
				"north": {"uv": [11, 11, 13, 12], "texture": "#1", "cullface": "up"},
				"east": {"uv": [12, 11, 13, 12], "texture": "#1", "cullface": "up"},
				"south": {"uv": [11, 11, 13, 12], "texture": "#1", "cullface": "up"},
				"west": {"uv": [11, 11, 12, 12], "texture": "#1", "cullface": "up"},
				"up": {"uv": [11, 11, 13, 12], "texture": "#1", "cullface": "up"}
			}
		},
		{
			"from": [10, 15.5, 9],
			"to": [12, 16.5, 10],
			"rotation": {"angle": 0, "axis": "y", "origin": [16.5, 16.5, 0.5]},
			"faces": {
				"north": {"uv": [10, 9, 12, 10], "texture": "#1", "cullface": "up"},
				"east": {"uv": [11, 9, 12, 10], "texture": "#1", "cullface": "up"},
				"south": {"uv": [10, 9, 12, 10], "texture": "#1", "cullface": "up"},
				"west": {"uv": [10, 9, 11, 10], "texture": "#1", "cullface": "up"},
				"up": {"uv": [10, 9, 12, 10], "texture": "#1", "cullface": "up"}
			}
		},
		{
			"from": [4, 15.5, 10],
			"to": [6, 16.5, 11],
			"rotation": {"angle": 0, "axis": "y", "origin": [16.5, 16.5, 0.5]},
			"faces": {
				"north": {"uv": [4, 10, 6, 11], "texture": "#1", "cullface": "up"},
				"east": {"uv": [5, 10, 6, 11], "texture": "#1", "cullface": "up"},
				"south": {"uv": [4, 10, 6, 11], "texture": "#1", "cullface": "up"},
				"west": {"uv": [4, 10, 5, 11], "texture": "#1", "cullface": "up"},
				"up": {"uv": [4, 10, 6, 11], "texture": "#1", "cullface": "up"}
			}
		},
		{
			"from": [2, 15.5, 9],
			"to": [7, 16.5, 10],
			"rotation": {"angle": 0, "axis": "y", "origin": [16.5, 16.5, 0.5]},
			"faces": {
				"north": {"uv": [2, 9, 7, 10], "texture": "#1", "cullface": "up"},
				"east": {"uv": [6, 9, 7, 10], "texture": "#1", "cullface": "up"},
				"south": {"uv": [2, 9, 7, 10], "texture": "#1", "cullface": "up"},
				"west": {"uv": [2, 9, 3, 10], "texture": "#1", "cullface": "up"},
				"up": {"uv": [2, 9, 7, 10], "texture": "#1", "cullface": "up"}
			}
		},
		{
			"from": [9, 15.5, 13],
			"to": [13, 16.5, 14],
			"rotation": {"angle": 0, "axis": "y", "origin": [16.5, 16.5, 0.5]},
			"faces": {
				"north": {"uv": [9, 13, 13, 14], "texture": "#1", "cullface": "up"},
				"east": {"uv": [12, 13, 13, 14], "texture": "#1", "cullface": "up"},
				"south": {"uv": [9, 13, 13, 14], "texture": "#1", "cullface": "up"},
				"west": {"uv": [9, 13, 10, 14], "texture": "#1", "cullface": "up"},
				"up": {"uv": [9, 13, 13, 14], "texture": "#1", "cullface": "up"}
			}
		},
		{
			"from": [6, 15.5, 6],
			"to": [9, 16.5, 7],
			"rotation": {"angle": 0, "axis": "y", "origin": [16.5, 16.5, 0.5]},
			"faces": {
				"north": {"uv": [6, 6, 9, 7], "texture": "#1", "cullface": "up"},
				"east": {"uv": [8, 6, 9, 7], "texture": "#1", "cullface": "up"},
				"south": {"uv": [6, 6, 9, 7], "texture": "#1", "cullface": "up"},
				"west": {"uv": [6, 6, 7, 7], "texture": "#1", "cullface": "up"},
				"up": {"uv": [6, 6, 9, 7], "texture": "#1", "cullface": "up"}
			}
		},
		{
			"from": [4, 15.5, 5],
			"to": [11, 16.5, 6],
			"rotation": {"angle": 0, "axis": "y", "origin": [16.5, 16.5, 0.5]},
			"faces": {
				"north": {"uv": [4, 5, 11, 6], "texture": "#1", "cullface": "up"},
				"east": {"uv": [10, 5, 11, 6], "texture": "#1", "cullface": "up"},
				"south": {"uv": [4, 5, 11, 6], "texture": "#1", "cullface": "up"},
				"west": {"uv": [4, 5, 5, 6], "texture": "#1", "cullface": "up"},
				"up": {"uv": [4, 5, 11, 6], "texture": "#1", "cullface": "up"}
			}
		},
		{
			"from": [10, 14, 15.5],
			"to": [14, 15, 16.5],
			"rotation": {"angle": 0, "axis": "y", "origin": [16.5, 16.5, 0.5]},
			"faces": {
				"east": {"uv": [13, 1, 14, 2], "rotation": 270, "texture": "#1", "cullface": "south"},
				"south": {"uv": [10, 1, 14, 2], "texture": "#1", "cullface": "south"},
				"west": {"uv": [10, 1, 11, 2], "rotation": 90, "texture": "#1", "cullface": "south"},
				"up": {"uv": [10, 1, 14, 2], "rotation": 180, "texture": "#1", "cullface": "south"},
				"down": {"uv": [10, 1, 14, 2], "texture": "#1", "cullface": "south"}
			}
		},
		{
			"from": [11, 13, 15.5],
			"to": [13, 14, 16.5],
			"rotation": {"angle": 0, "axis": "y", "origin": [16.5, 16.5, 0.5]},
			"faces": {
				"east": {"uv": [12, 2, 13, 3], "rotation": 270, "texture": "#1", "cullface": "south"},
				"south": {"uv": [11, 2, 13, 3], "texture": "#1", "cullface": "south"},
				"west": {"uv": [11, 2, 12, 3], "rotation": 90, "texture": "#1", "cullface": "south"},
				"up": {"uv": [11, 2, 13, 3], "rotation": 180, "texture": "#1", "cullface": "south"},
				"down": {"uv": [11, 2, 13, 3], "texture": "#1", "cullface": "south"}
			}
		},
		{
			"from": [2, 13, 15.5],
			"to": [5, 14, 16.5],
			"rotation": {"angle": 0, "axis": "y", "origin": [16.5, 16.5, 0.5]},
			"faces": {
				"east": {"uv": [4, 2, 5, 3], "rotation": 270, "texture": "#1", "cullface": "south"},
				"south": {"uv": [2, 2, 5, 3], "texture": "#1", "cullface": "south"},
				"west": {"uv": [2, 2, 3, 3], "rotation": 90, "texture": "#1", "cullface": "south"},
				"up": {"uv": [2, 2, 5, 3], "rotation": 180, "texture": "#1", "cullface": "south"},
				"down": {"uv": [2, 2, 5, 3], "texture": "#1", "cullface": "south"}
			}
		},
		{
			"from": [1, 12, 15.5],
			"to": [4, 13, 16.5],
			"rotation": {"angle": 0, "axis": "y", "origin": [16.5, 16.5, 0.5]},
			"faces": {
				"east": {"uv": [3, 3, 4, 4], "rotation": 270, "texture": "#1", "cullface": "south"},
				"south": {"uv": [1, 3, 4, 4], "texture": "#1", "cullface": "south"},
				"west": {"uv": [1, 3, 2, 4], "rotation": 90, "texture": "#1", "cullface": "south"},
				"up": {"uv": [1, 3, 4, 4], "rotation": 180, "texture": "#1", "cullface": "south"},
				"down": {"uv": [1, 3, 4, 4], "texture": "#1", "cullface": "south"}
			}
		},
		{
			"from": [7, 11, 15.5],
			"to": [12, 12, 16.5],
			"rotation": {"angle": 0, "axis": "y", "origin": [16.5, 16.5, 0.5]},
			"faces": {
				"east": {"uv": [11, 4, 12, 5], "rotation": 270, "texture": "#1", "cullface": "south"},
				"south": {"uv": [7, 4, 12, 5], "texture": "#1", "cullface": "south"},
				"west": {"uv": [7, 4, 8, 5], "rotation": 90, "texture": "#1", "cullface": "south"},
				"up": {"uv": [7, 4, 12, 5], "rotation": 180, "texture": "#1", "cullface": "south"},
				"down": {"uv": [7, 4, 12, 5], "texture": "#1", "cullface": "south"}
			}
		},
		{
			"from": [13, 10, 15.5],
			"to": [15, 11, 16.5],
			"rotation": {"angle": 0, "axis": "y", "origin": [16.5, 16.5, 0.5]},
			"faces": {
				"east": {"uv": [14, 5, 15, 6], "rotation": 270, "texture": "#1", "cullface": "south"},
				"south": {"uv": [13, 5, 15, 6], "texture": "#1", "cullface": "south"},
				"west": {"uv": [13, 5, 14, 6], "rotation": 90, "texture": "#1", "cullface": "south"},
				"up": {"uv": [13, 5, 15, 6], "rotation": 180, "texture": "#1", "cullface": "south"},
				"down": {"uv": [13, 5, 15, 6], "texture": "#1", "cullface": "south"}
			}
		},
		{
			"from": [9, 7, 15.5],
			"to": [13, 8, 16.5],
			"rotation": {"angle": 0, "axis": "y", "origin": [16.5, 16.5, 0.5]},
			"faces": {
				"east": {"uv": [12, 8, 13, 9], "rotation": 270, "texture": "#1", "cullface": "south"},
				"south": {"uv": [9, 8, 13, 9], "texture": "#1", "cullface": "south"},
				"west": {"uv": [9, 8, 10, 9], "rotation": 90, "texture": "#1", "cullface": "south"},
				"up": {"uv": [9, 8, 13, 9], "rotation": 180, "texture": "#1", "cullface": "south"},
				"down": {"uv": [9, 8, 13, 9], "texture": "#1", "cullface": "south"}
			}
		},
		{
			"from": [8, 3, 15.5],
			"to": [15, 4, 16.5],
			"rotation": {"angle": 0, "axis": "y", "origin": [16.5, 16.5, 0.5]},
			"faces": {
				"east": {"uv": [14, 12, 15, 13], "rotation": 270, "texture": "#1", "cullface": "south"},
				"south": {"uv": [8, 12, 15, 13], "texture": "#1", "cullface": "south"},
				"west": {"uv": [8, 12, 9, 13], "rotation": 90, "texture": "#1", "cullface": "south"},
				"up": {"uv": [8, 12, 15, 13], "rotation": 180, "texture": "#1", "cullface": "south"},
				"down": {"uv": [8, 12, 15, 13], "texture": "#1", "cullface": "south"}
			}
		},
		{
			"from": [3, 7, 15.5],
			"to": [5, 8, 16.5],
			"rotation": {"angle": 0, "axis": "y", "origin": [16.5, 16.5, 0.5]},
			"faces": {
				"east": {"uv": [4, 8, 5, 9], "rotation": 270, "texture": "#1", "cullface": "south"},
				"south": {"uv": [3, 8, 5, 9], "texture": "#1", "cullface": "south"},
				"west": {"uv": [3, 8, 4, 9], "rotation": 90, "texture": "#1", "cullface": "south"},
				"up": {"uv": [3, 8, 5, 9], "rotation": 180, "texture": "#1", "cullface": "south"},
				"down": {"uv": [3, 8, 5, 9], "texture": "#1", "cullface": "south"}
			}
		},
		{
			"from": [1, 2, 15.5],
			"to": [3, 3, 16.5],
			"rotation": {"angle": 0, "axis": "y", "origin": [16.5, 16.5, 0.5]},
			"faces": {
				"east": {"uv": [2, 13, 3, 14], "rotation": 270, "texture": "#1", "cullface": "south"},
				"south": {"uv": [1, 13, 3, 14], "texture": "#1", "cullface": "south"},
				"west": {"uv": [1, 13, 2, 14], "rotation": 90, "texture": "#1", "cullface": "south"},
				"up": {"uv": [1, 13, 3, 14], "rotation": 180, "texture": "#1", "cullface": "south"},
				"down": {"uv": [1, 13, 3, 14], "texture": "#1", "cullface": "south"}
			}
		},
		{
			"from": [2, 1, 15.5],
			"to": [4, 2, 16.5],
			"rotation": {"angle": 0, "axis": "y", "origin": [16.5, 16.5, 0.5]},
			"faces": {
				"east": {"uv": [3, 14, 4, 15], "rotation": 270, "texture": "#1", "cullface": "south"},
				"south": {"uv": [2, 14, 4, 15], "texture": "#1", "cullface": "south"},
				"west": {"uv": [2, 14, 3, 15], "rotation": 90, "texture": "#1", "cullface": "south"},
				"up": {"uv": [2, 14, 4, 15], "rotation": 180, "texture": "#1", "cullface": "south"},
				"down": {"uv": [2, 14, 4, 15], "texture": "#1", "cullface": "south"}
			}
		},
		{
			"from": [4, 3, 15.5],
			"to": [6, 4, 16.5],
			"rotation": {"angle": 0, "axis": "y", "origin": [16.5, 16.5, 0.5]},
			"faces": {
				"east": {"uv": [5, 12, 6, 13], "rotation": 270, "texture": "#1", "cullface": "south"},
				"south": {"uv": [4, 12, 6, 13], "texture": "#1", "cullface": "south"},
				"west": {"uv": [4, 12, 5, 13], "rotation": 90, "texture": "#1", "cullface": "south"},
				"up": {"uv": [4, 12, 6, 13], "rotation": 180, "texture": "#1", "cullface": "south"},
				"down": {"uv": [4, 12, 6, 13], "texture": "#1", "cullface": "south"}
			}
		},
		{
			"from": [11, 4, 15.5],
			"to": [13, 5, 16.5],
			"rotation": {"angle": 0, "axis": "y", "origin": [16.5, 16.5, 0.5]},
			"faces": {
				"east": {"uv": [12, 11, 13, 12], "rotation": 270, "texture": "#1", "cullface": "south"},
				"south": {"uv": [11, 11, 13, 12], "texture": "#1", "cullface": "south"},
				"west": {"uv": [11, 11, 12, 12], "rotation": 90, "texture": "#1", "cullface": "south"},
				"up": {"uv": [11, 11, 13, 12], "rotation": 180, "texture": "#1", "cullface": "south"},
				"down": {"uv": [11, 11, 13, 12], "texture": "#1", "cullface": "south"}
			}
		},
		{
			"from": [10, 6, 15.5],
			"to": [12, 7, 16.5],
			"rotation": {"angle": 0, "axis": "y", "origin": [16.5, 16.5, 0.5]},
			"faces": {
				"east": {"uv": [11, 9, 12, 10], "rotation": 270, "texture": "#1", "cullface": "south"},
				"south": {"uv": [10, 9, 12, 10], "texture": "#1", "cullface": "south"},
				"west": {"uv": [10, 9, 11, 10], "rotation": 90, "texture": "#1", "cullface": "south"},
				"up": {"uv": [10, 9, 12, 10], "rotation": 180, "texture": "#1", "cullface": "south"},
				"down": {"uv": [10, 9, 12, 10], "texture": "#1", "cullface": "south"}
			}
		},
		{
			"from": [4, 5, 15.5],
			"to": [6, 6, 16.5],
			"rotation": {"angle": 0, "axis": "y", "origin": [16.5, 16.5, 0.5]},
			"faces": {
				"east": {"uv": [5, 10, 6, 11], "rotation": 270, "texture": "#1", "cullface": "south"},
				"south": {"uv": [4, 10, 6, 11], "texture": "#1", "cullface": "south"},
				"west": {"uv": [4, 10, 5, 11], "rotation": 90, "texture": "#1", "cullface": "south"},
				"up": {"uv": [4, 10, 6, 11], "rotation": 180, "texture": "#1", "cullface": "south"},
				"down": {"uv": [4, 10, 6, 11], "texture": "#1", "cullface": "south"}
			}
		},
		{
			"from": [2, 6, 15.5],
			"to": [7, 7, 16.5],
			"rotation": {"angle": 0, "axis": "y", "origin": [16.5, 16.5, 0.5]},
			"faces": {
				"east": {"uv": [6, 9, 7, 10], "rotation": 270, "texture": "#1", "cullface": "south"},
				"south": {"uv": [2, 9, 7, 10], "texture": "#1", "cullface": "south"},
				"west": {"uv": [2, 9, 3, 10], "rotation": 90, "texture": "#1", "cullface": "south"},
				"up": {"uv": [2, 9, 7, 10], "rotation": 180, "texture": "#1", "cullface": "south"},
				"down": {"uv": [2, 9, 7, 10], "texture": "#1", "cullface": "south"}
			}
		},
		{
			"from": [9, 2, 15.5],
			"to": [13, 3, 16.5],
			"rotation": {"angle": 0, "axis": "y", "origin": [16.5, 16.5, 0.5]},
			"faces": {
				"east": {"uv": [12, 13, 13, 14], "rotation": 270, "texture": "#1", "cullface": "south"},
				"south": {"uv": [9, 13, 13, 14], "texture": "#1", "cullface": "south"},
				"west": {"uv": [9, 13, 10, 14], "rotation": 90, "texture": "#1", "cullface": "south"},
				"up": {"uv": [9, 13, 13, 14], "rotation": 180, "texture": "#1", "cullface": "south"},
				"down": {"uv": [9, 13, 13, 14], "texture": "#1", "cullface": "south"}
			}
		},
		{
			"from": [6, 9, 15.5],
			"to": [9, 10, 16.5],
			"rotation": {"angle": 0, "axis": "y", "origin": [16.5, 16.5, 0.5]},
			"faces": {
				"east": {"uv": [8, 6, 9, 7], "rotation": 270, "texture": "#1", "cullface": "south"},
				"south": {"uv": [6, 6, 9, 7], "texture": "#1", "cullface": "south"},
				"west": {"uv": [6, 6, 7, 7], "rotation": 90, "texture": "#1", "cullface": "south"},
				"up": {"uv": [6, 6, 9, 7], "rotation": 180, "texture": "#1", "cullface": "south"},
				"down": {"uv": [6, 6, 9, 7], "texture": "#1", "cullface": "south"}
			}
		},
		{
			"from": [4, 10, 15.5],
			"to": [11, 11, 16.5],
			"rotation": {"angle": 0, "axis": "y", "origin": [16.5, 16.5, 0.5]},
			"faces": {
				"east": {"uv": [10, 5, 11, 6], "rotation": 270, "texture": "#1", "cullface": "south"},
				"south": {"uv": [4, 5, 11, 6], "texture": "#1", "cullface": "south"},
				"west": {"uv": [4, 5, 5, 6], "rotation": 90, "texture": "#1", "cullface": "south"},
				"up": {"uv": [4, 5, 11, 6], "rotation": 180, "texture": "#1", "cullface": "south"},
				"down": {"uv": [4, 5, 11, 6], "texture": "#1", "cullface": "south"}
			}
		},
		{
			"from": [-0.5, 14, 10],
			"to": [0.5, 15, 14],
			"rotation": {"angle": 0, "axis": "y", "origin": [-9.18421, 7.76316, 16]},
			"faces": {
				"north": {"uv": [10, 1, 11, 2], "rotation": 90, "texture": "#1", "cullface": "west"},
				"south": {"uv": [13, 1, 14, 2], "rotation": 270, "texture": "#1", "cullface": "west"},
				"west": {"uv": [10, 1, 14, 2], "texture": "#1", "cullface": "west"},
				"up": {"uv": [10, 1, 14, 2], "rotation": 270, "texture": "#1", "cullface": "west"},
				"down": {"uv": [10, 1, 14, 2], "rotation": 270, "texture": "#1", "cullface": "west"}
			}
		},
		{
			"from": [-0.5, 13, 11],
			"to": [0.5, 14, 13],
			"rotation": {"angle": 0, "axis": "y", "origin": [-9.18421, 7.76316, 16]},
			"faces": {
				"north": {"uv": [11, 2, 12, 3], "rotation": 90, "texture": "#1", "cullface": "west"},
				"south": {"uv": [12, 2, 13, 3], "rotation": 270, "texture": "#1", "cullface": "west"},
				"west": {"uv": [11, 2, 13, 3], "texture": "#1", "cullface": "west"},
				"up": {"uv": [11, 2, 13, 3], "rotation": 270, "texture": "#1", "cullface": "west"},
				"down": {"uv": [11, 2, 13, 3], "rotation": 270, "texture": "#1", "cullface": "west"}
			}
		},
		{
			"from": [-0.5, 13, 2],
			"to": [0.5, 14, 5],
			"rotation": {"angle": 0, "axis": "y", "origin": [-9.18421, 7.76316, 16]},
			"faces": {
				"north": {"uv": [2, 2, 3, 3], "rotation": 90, "texture": "#1", "cullface": "west"},
				"south": {"uv": [4, 2, 5, 3], "rotation": 270, "texture": "#1", "cullface": "west"},
				"west": {"uv": [2, 2, 5, 3], "texture": "#1", "cullface": "west"},
				"up": {"uv": [2, 2, 5, 3], "rotation": 270, "texture": "#1", "cullface": "west"},
				"down": {"uv": [2, 2, 5, 3], "rotation": 270, "texture": "#1", "cullface": "west"}
			}
		},
		{
			"from": [-0.5, 12, 1],
			"to": [0.5, 13, 4],
			"rotation": {"angle": 0, "axis": "y", "origin": [-9.18421, 7.76316, 16]},
			"faces": {
				"north": {"uv": [1, 3, 2, 4], "rotation": 90, "texture": "#1", "cullface": "west"},
				"south": {"uv": [3, 3, 4, 4], "rotation": 270, "texture": "#1", "cullface": "west"},
				"west": {"uv": [1, 3, 4, 4], "texture": "#1", "cullface": "west"},
				"up": {"uv": [1, 3, 4, 4], "rotation": 270, "texture": "#1", "cullface": "west"},
				"down": {"uv": [1, 3, 4, 4], "rotation": 270, "texture": "#1", "cullface": "west"}
			}
		},
		{
			"from": [-0.5, 11, 7],
			"to": [0.5, 12, 12],
			"rotation": {"angle": 0, "axis": "y", "origin": [-9.18421, 7.76316, 16]},
			"faces": {
				"north": {"uv": [7, 4, 8, 5], "rotation": 90, "texture": "#1", "cullface": "west"},
				"south": {"uv": [11, 4, 12, 5], "rotation": 270, "texture": "#1", "cullface": "west"},
				"west": {"uv": [7, 4, 12, 5], "texture": "#1", "cullface": "west"},
				"up": {"uv": [7, 4, 12, 5], "rotation": 270, "texture": "#1", "cullface": "west"},
				"down": {"uv": [7, 4, 12, 5], "rotation": 270, "texture": "#1", "cullface": "west"}
			}
		},
		{
			"from": [-0.5, 10, 13],
			"to": [0.5, 11, 15],
			"rotation": {"angle": 0, "axis": "y", "origin": [-9.18421, 7.76316, 16]},
			"faces": {
				"north": {"uv": [13, 5, 14, 6], "rotation": 90, "texture": "#1", "cullface": "west"},
				"south": {"uv": [14, 5, 15, 6], "rotation": 270, "texture": "#1", "cullface": "west"},
				"west": {"uv": [13, 5, 15, 6], "texture": "#1", "cullface": "west"},
				"up": {"uv": [13, 5, 15, 6], "rotation": 270, "texture": "#1", "cullface": "west"},
				"down": {"uv": [13, 5, 15, 6], "rotation": 270, "texture": "#1", "cullface": "west"}
			}
		},
		{
			"from": [-0.5, 7, 9],
			"to": [0.5, 8, 13],
			"rotation": {"angle": 0, "axis": "y", "origin": [-9.18421, 7.76316, 16]},
			"faces": {
				"north": {"uv": [9, 8, 10, 9], "rotation": 90, "texture": "#1", "cullface": "west"},
				"south": {"uv": [12, 8, 13, 9], "rotation": 270, "texture": "#1", "cullface": "west"},
				"west": {"uv": [9, 8, 13, 9], "texture": "#1", "cullface": "west"},
				"up": {"uv": [9, 8, 13, 9], "rotation": 270, "texture": "#1", "cullface": "west"},
				"down": {"uv": [9, 8, 13, 9], "rotation": 270, "texture": "#1", "cullface": "west"}
			}
		},
		{
			"from": [-0.5, 3, 8],
			"to": [0.5, 4, 15],
			"rotation": {"angle": 0, "axis": "y", "origin": [-9.18421, 7.76316, 16]},
			"faces": {
				"north": {"uv": [8, 12, 9, 13], "rotation": 90, "texture": "#1", "cullface": "west"},
				"south": {"uv": [14, 12, 15, 13], "rotation": 270, "texture": "#1", "cullface": "west"},
				"west": {"uv": [8, 12, 15, 13], "texture": "#1", "cullface": "west"},
				"up": {"uv": [8, 12, 15, 13], "rotation": 270, "texture": "#1", "cullface": "west"},
				"down": {"uv": [8, 12, 15, 13], "rotation": 270, "texture": "#1", "cullface": "west"}
			}
		},
		{
			"from": [-0.5, 7, 3],
			"to": [0.5, 8, 5],
			"rotation": {"angle": 0, "axis": "y", "origin": [-9.18421, 7.76316, 16]},
			"faces": {
				"north": {"uv": [3, 8, 4, 9], "rotation": 90, "texture": "#1", "cullface": "west"},
				"south": {"uv": [4, 8, 5, 9], "rotation": 270, "texture": "#1", "cullface": "west"},
				"west": {"uv": [3, 8, 5, 9], "texture": "#1", "cullface": "west"},
				"up": {"uv": [3, 8, 5, 9], "rotation": 270, "texture": "#1", "cullface": "west"},
				"down": {"uv": [3, 8, 5, 9], "rotation": 270, "texture": "#1", "cullface": "west"}
			}
		},
		{
			"from": [-0.5, 2, 1],
			"to": [0.5, 3, 3],
			"rotation": {"angle": 0, "axis": "y", "origin": [-9.18421, 7.76316, 16]},
			"faces": {
				"north": {"uv": [1, 13, 2, 14], "rotation": 90, "texture": "#1", "cullface": "west"},
				"south": {"uv": [2, 13, 3, 14], "rotation": 270, "texture": "#1", "cullface": "west"},
				"west": {"uv": [1, 13, 3, 14], "texture": "#1", "cullface": "west"},
				"up": {"uv": [1, 13, 3, 14], "rotation": 270, "texture": "#1", "cullface": "west"},
				"down": {"uv": [1, 13, 3, 14], "rotation": 270, "texture": "#1", "cullface": "west"}
			}
		},
		{
			"from": [-0.5, 1, 2],
			"to": [0.5, 2, 4],
			"rotation": {"angle": 0, "axis": "y", "origin": [-9.18421, 7.76316, 16]},
			"faces": {
				"north": {"uv": [2, 14, 3, 15], "rotation": 90, "texture": "#1", "cullface": "west"},
				"south": {"uv": [3, 14, 4, 15], "rotation": 270, "texture": "#1", "cullface": "west"},
				"west": {"uv": [2, 14, 4, 15], "texture": "#1", "cullface": "west"},
				"up": {"uv": [2, 14, 4, 15], "rotation": 270, "texture": "#1", "cullface": "west"},
				"down": {"uv": [2, 14, 4, 15], "rotation": 270, "texture": "#1", "cullface": "west"}
			}
		},
		{
			"from": [-0.5, 3, 4],
			"to": [0.5, 4, 6],
			"rotation": {"angle": 0, "axis": "y", "origin": [-9.18421, 7.76316, 16]},
			"faces": {
				"north": {"uv": [4, 12, 5, 13], "rotation": 90, "texture": "#1", "cullface": "west"},
				"south": {"uv": [5, 12, 6, 13], "rotation": 270, "texture": "#1", "cullface": "west"},
				"west": {"uv": [4, 12, 6, 13], "texture": "#1", "cullface": "west"},
				"up": {"uv": [4, 12, 6, 13], "rotation": 270, "texture": "#1", "cullface": "west"},
				"down": {"uv": [4, 12, 6, 13], "rotation": 270, "texture": "#1", "cullface": "west"}
			}
		},
		{
			"from": [-0.5, 4, 11],
			"to": [0.5, 5, 13],
			"rotation": {"angle": 0, "axis": "y", "origin": [-9.18421, 7.76316, 16]},
			"faces": {
				"north": {"uv": [11, 11, 12, 12], "rotation": 90, "texture": "#1", "cullface": "west"},
				"south": {"uv": [12, 11, 13, 12], "rotation": 270, "texture": "#1", "cullface": "west"},
				"west": {"uv": [11, 11, 13, 12], "texture": "#1", "cullface": "west"},
				"up": {"uv": [11, 11, 13, 12], "rotation": 270, "texture": "#1", "cullface": "west"},
				"down": {"uv": [11, 11, 13, 12], "rotation": 270, "texture": "#1", "cullface": "west"}
			}
		},
		{
			"from": [-0.5, 6, 10],
			"to": [0.5, 7, 12],
			"rotation": {"angle": 0, "axis": "y", "origin": [-9.18421, 7.76316, 16]},
			"faces": {
				"north": {"uv": [10, 9, 11, 10], "rotation": 90, "texture": "#1", "cullface": "west"},
				"south": {"uv": [11, 9, 12, 10], "rotation": 270, "texture": "#1", "cullface": "west"},
				"west": {"uv": [10, 9, 12, 10], "texture": "#1", "cullface": "west"},
				"up": {"uv": [10, 9, 12, 10], "rotation": 270, "texture": "#1", "cullface": "west"},
				"down": {"uv": [10, 9, 12, 10], "rotation": 270, "texture": "#1", "cullface": "west"}
			}
		},
		{
			"from": [-0.5, 5, 4],
			"to": [0.5, 6, 6],
			"rotation": {"angle": 0, "axis": "y", "origin": [-9.18421, 7.76316, 16]},
			"faces": {
				"north": {"uv": [4, 10, 5, 11], "rotation": 90, "texture": "#1", "cullface": "west"},
				"south": {"uv": [5, 10, 6, 11], "rotation": 270, "texture": "#1", "cullface": "west"},
				"west": {"uv": [4, 10, 6, 11], "texture": "#1", "cullface": "west"},
				"up": {"uv": [4, 10, 6, 11], "rotation": 270, "texture": "#1", "cullface": "west"},
				"down": {"uv": [4, 10, 6, 11], "rotation": 270, "texture": "#1", "cullface": "west"}
			}
		},
		{
			"from": [-0.5, 6, 2],
			"to": [0.5, 7, 7],
			"rotation": {"angle": 0, "axis": "y", "origin": [-9.18421, 7.76316, 16]},
			"faces": {
				"north": {"uv": [2, 9, 3, 10], "rotation": 90, "texture": "#1", "cullface": "west"},
				"south": {"uv": [6, 9, 7, 10], "rotation": 270, "texture": "#1", "cullface": "west"},
				"west": {"uv": [2, 9, 7, 10], "texture": "#1", "cullface": "west"},
				"up": {"uv": [2, 9, 7, 10], "rotation": 270, "texture": "#1", "cullface": "west"},
				"down": {"uv": [2, 9, 7, 10], "rotation": 270, "texture": "#1", "cullface": "west"}
			}
		},
		{
			"from": [-0.5, 2, 9],
			"to": [0.5, 3, 13],
			"rotation": {"angle": 0, "axis": "y", "origin": [-9.18421, 7.76316, 16]},
			"faces": {
				"north": {"uv": [9, 13, 10, 14], "rotation": 90, "texture": "#1", "cullface": "west"},
				"south": {"uv": [12, 13, 13, 14], "rotation": 270, "texture": "#1", "cullface": "west"},
				"west": {"uv": [9, 13, 13, 14], "texture": "#1", "cullface": "west"},
				"up": {"uv": [9, 13, 13, 14], "rotation": 270, "texture": "#1", "cullface": "west"},
				"down": {"uv": [9, 13, 13, 14], "rotation": 270, "texture": "#1", "cullface": "west"}
			}
		},
		{
			"from": [-0.5, 9, 6],
			"to": [0.5, 10, 9],
			"rotation": {"angle": 0, "axis": "y", "origin": [-9.18421, 7.76316, 16]},
			"faces": {
				"north": {"uv": [6, 6, 7, 7], "rotation": 90, "texture": "#1", "cullface": "west"},
				"south": {"uv": [8, 6, 9, 7], "rotation": 270, "texture": "#1", "cullface": "west"},
				"west": {"uv": [6, 6, 9, 7], "texture": "#1", "cullface": "west"},
				"up": {"uv": [6, 6, 9, 7], "rotation": 270, "texture": "#1", "cullface": "west"},
				"down": {"uv": [6, 6, 9, 7], "rotation": 270, "texture": "#1", "cullface": "west"}
			}
		},
		{
			"from": [-0.5, 10, 4],
			"to": [0.5, 11, 11],
			"rotation": {"angle": 0, "axis": "y", "origin": [-9.18421, 7.76316, 16]},
			"faces": {
				"north": {"uv": [4, 5, 5, 6], "rotation": 90, "texture": "#1", "cullface": "west"},
				"south": {"uv": [10, 5, 11, 6], "rotation": 270, "texture": "#1", "cullface": "west"},
				"west": {"uv": [4, 5, 11, 6], "texture": "#1", "cullface": "west"},
				"up": {"uv": [4, 5, 11, 6], "rotation": 270, "texture": "#1", "cullface": "west"},
				"down": {"uv": [4, 5, 11, 6], "rotation": 270, "texture": "#1", "cullface": "west"}
			}
		},
		{
			"from": [2, 14, -0.5],
			"to": [6, 15, 0.5],
			"rotation": {"angle": 0, "axis": "y", "origin": [-0.18421, 7.76316, -9]},
			"faces": {
				"north": {"uv": [10, 1, 14, 2], "texture": "#1", "cullface": "north"},
				"east": {"uv": [10, 1, 11, 2], "rotation": 90, "texture": "#1", "cullface": "north"},
				"west": {"uv": [13, 1, 14, 2], "rotation": 270, "texture": "#1", "cullface": "north"},
				"up": {"uv": [10, 1, 14, 2], "texture": "#1", "cullface": "north"},
				"down": {"uv": [10, 1, 14, 2], "rotation": 180, "texture": "#1", "cullface": "north"}
			}
		},
		{
			"from": [3, 13, -0.5],
			"to": [5, 14, 0.5],
			"rotation": {"angle": 0, "axis": "y", "origin": [-0.18421, 7.76316, -9]},
			"faces": {
				"north": {"uv": [11, 2, 13, 3], "texture": "#1", "cullface": "north"},
				"east": {"uv": [11, 2, 12, 3], "rotation": 90, "texture": "#1", "cullface": "north"},
				"west": {"uv": [12, 2, 13, 3], "rotation": 270, "texture": "#1", "cullface": "north"},
				"up": {"uv": [11, 2, 13, 3], "texture": "#1", "cullface": "north"},
				"down": {"uv": [11, 2, 13, 3], "rotation": 180, "texture": "#1", "cullface": "north"}
			}
		},
		{
			"from": [11, 13, -0.5],
			"to": [14, 14, 0.5],
			"rotation": {"angle": 0, "axis": "y", "origin": [-0.18421, 7.76316, -9]},
			"faces": {
				"north": {"uv": [2, 2, 5, 3], "texture": "#1", "cullface": "north"},
				"east": {"uv": [2, 2, 3, 3], "rotation": 90, "texture": "#1", "cullface": "north"},
				"west": {"uv": [4, 2, 5, 3], "rotation": 270, "texture": "#1", "cullface": "north"},
				"up": {"uv": [2, 2, 5, 3], "texture": "#1", "cullface": "north"},
				"down": {"uv": [2, 2, 5, 3], "rotation": 180, "texture": "#1", "cullface": "north"}
			}
		},
		{
			"from": [12, 12, -0.5],
			"to": [15, 13, 0.5],
			"rotation": {"angle": 0, "axis": "y", "origin": [-0.18421, 7.76316, -9]},
			"faces": {
				"north": {"uv": [1, 3, 4, 4], "texture": "#1", "cullface": "north"},
				"east": {"uv": [1, 3, 2, 4], "rotation": 90, "texture": "#1", "cullface": "north"},
				"west": {"uv": [3, 3, 4, 4], "rotation": 270, "texture": "#1", "cullface": "north"},
				"up": {"uv": [1, 3, 4, 4], "texture": "#1", "cullface": "north"},
				"down": {"uv": [1, 3, 4, 4], "rotation": 180, "texture": "#1", "cullface": "north"}
			}
		},
		{
			"from": [4, 11, -0.5],
			"to": [9, 12, 0.5],
			"rotation": {"angle": 0, "axis": "y", "origin": [-0.18421, 7.76316, -9]},
			"faces": {
				"north": {"uv": [7, 4, 12, 5], "texture": "#1", "cullface": "north"},
				"east": {"uv": [7, 4, 8, 5], "rotation": 90, "texture": "#1", "cullface": "north"},
				"west": {"uv": [11, 4, 12, 5], "rotation": 270, "texture": "#1", "cullface": "north"},
				"up": {"uv": [7, 4, 12, 5], "texture": "#1", "cullface": "north"},
				"down": {"uv": [7, 4, 12, 5], "rotation": 180, "texture": "#1", "cullface": "north"}
			}
		},
		{
			"from": [1, 10, -0.5],
			"to": [3, 11, 0.5],
			"rotation": {"angle": 0, "axis": "y", "origin": [-0.18421, 7.76316, -9]},
			"faces": {
				"north": {"uv": [13, 5, 15, 6], "texture": "#1", "cullface": "north"},
				"east": {"uv": [13, 5, 14, 6], "rotation": 90, "texture": "#1", "cullface": "north"},
				"west": {"uv": [14, 5, 15, 6], "rotation": 270, "texture": "#1", "cullface": "north"},
				"up": {"uv": [13, 5, 15, 6], "texture": "#1", "cullface": "north"},
				"down": {"uv": [13, 5, 15, 6], "rotation": 180, "texture": "#1", "cullface": "north"}
			}
		},
		{
			"from": [3, 7, -0.5],
			"to": [7, 8, 0.5],
			"rotation": {"angle": 0, "axis": "y", "origin": [-0.18421, 7.76316, -9]},
			"faces": {
				"north": {"uv": [9, 8, 13, 9], "texture": "#1", "cullface": "north"},
				"east": {"uv": [9, 8, 10, 9], "rotation": 90, "texture": "#1", "cullface": "north"},
				"west": {"uv": [12, 8, 13, 9], "rotation": 270, "texture": "#1", "cullface": "north"},
				"up": {"uv": [9, 8, 13, 9], "texture": "#1", "cullface": "north"},
				"down": {"uv": [9, 8, 13, 9], "rotation": 180, "texture": "#1", "cullface": "north"}
			}
		},
		{
			"from": [1, 3, -0.5],
			"to": [8, 4, 0.5],
			"rotation": {"angle": 0, "axis": "y", "origin": [-0.18421, 7.76316, -9]},
			"faces": {
				"north": {"uv": [8, 12, 15, 13], "texture": "#1", "cullface": "north"},
				"east": {"uv": [8, 12, 9, 13], "rotation": 90, "texture": "#1", "cullface": "north"},
				"west": {"uv": [14, 12, 15, 13], "rotation": 270, "texture": "#1", "cullface": "north"},
				"up": {"uv": [8, 12, 15, 13], "texture": "#1", "cullface": "north"},
				"down": {"uv": [8, 12, 15, 13], "rotation": 180, "texture": "#1", "cullface": "north"}
			}
		},
		{
			"from": [11, 7, -0.5],
			"to": [13, 8, 0.5],
			"rotation": {"angle": 0, "axis": "y", "origin": [-0.18421, 7.76316, -9]},
			"faces": {
				"north": {"uv": [3, 8, 5, 9], "texture": "#1", "cullface": "north"},
				"east": {"uv": [3, 8, 4, 9], "rotation": 90, "texture": "#1", "cullface": "north"},
				"west": {"uv": [4, 8, 5, 9], "rotation": 270, "texture": "#1", "cullface": "north"},
				"up": {"uv": [3, 8, 5, 9], "texture": "#1", "cullface": "north"},
				"down": {"uv": [3, 8, 5, 9], "rotation": 180, "texture": "#1", "cullface": "north"}
			}
		},
		{
			"from": [13, 2, -0.5],
			"to": [15, 3, 0.5],
			"rotation": {"angle": 0, "axis": "y", "origin": [-0.18421, 7.76316, -9]},
			"faces": {
				"north": {"uv": [1, 13, 3, 14], "texture": "#1", "cullface": "north"},
				"east": {"uv": [1, 13, 2, 14], "rotation": 90, "texture": "#1", "cullface": "north"},
				"west": {"uv": [2, 13, 3, 14], "rotation": 270, "texture": "#1", "cullface": "north"},
				"up": {"uv": [1, 13, 3, 14], "texture": "#1", "cullface": "north"},
				"down": {"uv": [1, 13, 3, 14], "rotation": 180, "texture": "#1", "cullface": "north"}
			}
		},
		{
			"from": [12, 1, -0.5],
			"to": [14, 2, 0.5],
			"rotation": {"angle": 0, "axis": "y", "origin": [-0.18421, 7.76316, -9]},
			"faces": {
				"north": {"uv": [2, 14, 4, 15], "texture": "#1", "cullface": "north"},
				"east": {"uv": [2, 14, 3, 15], "rotation": 90, "texture": "#1", "cullface": "north"},
				"west": {"uv": [3, 14, 4, 15], "rotation": 270, "texture": "#1", "cullface": "north"},
				"up": {"uv": [2, 14, 4, 15], "texture": "#1", "cullface": "north"},
				"down": {"uv": [2, 14, 4, 15], "rotation": 180, "texture": "#1", "cullface": "north"}
			}
		},
		{
			"from": [10, 3, -0.5],
			"to": [12, 4, 0.5],
			"rotation": {"angle": 0, "axis": "y", "origin": [-0.18421, 7.76316, -9]},
			"faces": {
				"north": {"uv": [4, 12, 6, 13], "texture": "#1", "cullface": "north"},
				"east": {"uv": [4, 12, 5, 13], "rotation": 90, "texture": "#1", "cullface": "north"},
				"west": {"uv": [5, 12, 6, 13], "rotation": 270, "texture": "#1", "cullface": "north"},
				"up": {"uv": [4, 12, 6, 13], "texture": "#1", "cullface": "north"},
				"down": {"uv": [4, 12, 6, 13], "rotation": 180, "texture": "#1", "cullface": "north"}
			}
		},
		{
			"from": [3, 4, -0.5],
			"to": [5, 5, 0.5],
			"rotation": {"angle": 0, "axis": "y", "origin": [-0.18421, 7.76316, -9]},
			"faces": {
				"north": {"uv": [11, 11, 13, 12], "texture": "#1", "cullface": "north"},
				"east": {"uv": [11, 11, 12, 12], "rotation": 90, "texture": "#1", "cullface": "north"},
				"west": {"uv": [12, 11, 13, 12], "rotation": 270, "texture": "#1", "cullface": "north"},
				"up": {"uv": [11, 11, 13, 12], "texture": "#1", "cullface": "north"},
				"down": {"uv": [11, 11, 13, 12], "rotation": 180, "texture": "#1", "cullface": "north"}
			}
		},
		{
			"from": [4, 6, -0.5],
			"to": [6, 7, 0.5],
			"rotation": {"angle": 0, "axis": "y", "origin": [-0.18421, 7.76316, -9]},
			"faces": {
				"north": {"uv": [10, 9, 12, 10], "texture": "#1", "cullface": "north"},
				"east": {"uv": [10, 9, 11, 10], "rotation": 90, "texture": "#1", "cullface": "north"},
				"west": {"uv": [11, 9, 12, 10], "rotation": 270, "texture": "#1", "cullface": "north"},
				"up": {"uv": [10, 9, 12, 10], "texture": "#1", "cullface": "north"},
				"down": {"uv": [10, 9, 12, 10], "rotation": 180, "texture": "#1", "cullface": "north"}
			}
		},
		{
			"from": [10, 5, -0.5],
			"to": [12, 6, 0.5],
			"rotation": {"angle": 0, "axis": "y", "origin": [-0.18421, 7.76316, -9]},
			"faces": {
				"north": {"uv": [4, 10, 6, 11], "texture": "#1", "cullface": "north"},
				"east": {"uv": [4, 10, 5, 11], "rotation": 90, "texture": "#1", "cullface": "north"},
				"west": {"uv": [5, 10, 6, 11], "rotation": 270, "texture": "#1", "cullface": "north"},
				"up": {"uv": [4, 10, 6, 11], "texture": "#1", "cullface": "north"},
				"down": {"uv": [4, 10, 6, 11], "rotation": 180, "texture": "#1", "cullface": "north"}
			}
		},
		{
			"from": [9, 6, -0.5],
			"to": [14, 7, 0.5],
			"rotation": {"angle": 0, "axis": "y", "origin": [-0.18421, 7.76316, -9]},
			"faces": {
				"north": {"uv": [2, 9, 7, 10], "texture": "#1", "cullface": "north"},
				"east": {"uv": [2, 9, 3, 10], "rotation": 90, "texture": "#1", "cullface": "north"},
				"west": {"uv": [6, 9, 7, 10], "rotation": 270, "texture": "#1", "cullface": "north"},
				"up": {"uv": [2, 9, 7, 10], "texture": "#1", "cullface": "north"},
				"down": {"uv": [2, 9, 7, 10], "rotation": 180, "texture": "#1", "cullface": "north"}
			}
		},
		{
			"from": [3, 2, -0.5],
			"to": [7, 3, 0.5],
			"rotation": {"angle": 0, "axis": "y", "origin": [-0.18421, 7.76316, -9]},
			"faces": {
				"north": {"uv": [9, 13, 13, 14], "texture": "#1", "cullface": "north"},
				"east": {"uv": [9, 13, 10, 14], "rotation": 90, "texture": "#1", "cullface": "north"},
				"west": {"uv": [12, 13, 13, 14], "rotation": 270, "texture": "#1", "cullface": "north"},
				"up": {"uv": [9, 13, 13, 14], "texture": "#1", "cullface": "north"},
				"down": {"uv": [9, 13, 13, 14], "rotation": 180, "texture": "#1", "cullface": "north"}
			}
		},
		{
			"from": [7, 9, -0.5],
			"to": [10, 10, 0.5],
			"rotation": {"angle": 0, "axis": "y", "origin": [-0.18421, 7.76316, -9]},
			"faces": {
				"north": {"uv": [6, 6, 9, 7], "texture": "#1", "cullface": "north"},
				"east": {"uv": [6, 6, 7, 7], "rotation": 90, "texture": "#1", "cullface": "north"},
				"west": {"uv": [8, 6, 9, 7], "rotation": 270, "texture": "#1", "cullface": "north"},
				"up": {"uv": [6, 6, 9, 7], "texture": "#1", "cullface": "north"},
				"down": {"uv": [6, 6, 9, 7], "rotation": 180, "texture": "#1", "cullface": "north"}
			}
		},
		{
			"from": [5, 10, -0.5],
			"to": [12, 11, 0.5],
			"rotation": {"angle": 0, "axis": "y", "origin": [-0.18421, 7.76316, -9]},
			"faces": {
				"north": {"uv": [4, 5, 11, 6], "texture": "#1", "cullface": "north"},
				"east": {"uv": [4, 5, 5, 6], "rotation": 90, "texture": "#1", "cullface": "north"},
				"west": {"uv": [10, 5, 11, 6], "rotation": 270, "texture": "#1", "cullface": "north"},
				"up": {"uv": [4, 5, 11, 6], "texture": "#1", "cullface": "north"},
				"down": {"uv": [4, 5, 11, 6], "rotation": 180, "texture": "#1", "cullface": "north"}
			}
		},
		{
			"from": [15.5, 14, 2],
			"to": [16.5, 15, 6],
			"rotation": {"angle": 0, "axis": "y", "origin": [15.81579, 7.76316, 8]},
			"faces": {
				"north": {"uv": [13, 1, 14, 2], "rotation": 270, "texture": "#1", "cullface": "east"},
				"east": {"uv": [10, 1, 14, 2], "texture": "#1", "cullface": "east"},
				"south": {"uv": [10, 1, 11, 2], "rotation": 90, "texture": "#1", "cullface": "east"},
				"up": {"uv": [10, 1, 14, 2], "rotation": 90, "texture": "#1", "cullface": "east"},
				"down": {"uv": [10, 1, 14, 2], "rotation": 90, "texture": "#1", "cullface": "east"}
			}
		},
		{
			"from": [15.5, 13, 3],
			"to": [16.5, 14, 5],
			"rotation": {"angle": 0, "axis": "y", "origin": [15.81579, 7.76316, 8]},
			"faces": {
				"north": {"uv": [12, 2, 13, 3], "rotation": 270, "texture": "#1", "cullface": "east"},
				"east": {"uv": [11, 2, 13, 3], "texture": "#1", "cullface": "east"},
				"south": {"uv": [11, 2, 12, 3], "rotation": 90, "texture": "#1", "cullface": "east"},
				"up": {"uv": [11, 2, 13, 3], "rotation": 90, "texture": "#1", "cullface": "east"},
				"down": {"uv": [11, 2, 13, 3], "rotation": 90, "texture": "#1", "cullface": "east"}
			}
		},
		{
			"from": [15.5, 13, 11],
			"to": [16.5, 14, 14],
			"rotation": {"angle": 0, "axis": "y", "origin": [15.81579, 7.76316, 8]},
			"faces": {
				"north": {"uv": [4, 2, 5, 3], "rotation": 270, "texture": "#1", "cullface": "east"},
				"east": {"uv": [2, 2, 5, 3], "texture": "#1", "cullface": "east"},
				"south": {"uv": [2, 2, 3, 3], "rotation": 90, "texture": "#1", "cullface": "east"},
				"up": {"uv": [2, 2, 5, 3], "rotation": 90, "texture": "#1", "cullface": "east"},
				"down": {"uv": [2, 2, 5, 3], "rotation": 90, "texture": "#1", "cullface": "east"}
			}
		},
		{
			"from": [15.5, 12, 12],
			"to": [16.5, 13, 15],
			"rotation": {"angle": 0, "axis": "y", "origin": [15.81579, 7.76316, 8]},
			"faces": {
				"north": {"uv": [3, 3, 4, 4], "rotation": 270, "texture": "#1", "cullface": "east"},
				"east": {"uv": [1, 3, 4, 4], "texture": "#1", "cullface": "east"},
				"south": {"uv": [1, 3, 2, 4], "rotation": 90, "texture": "#1", "cullface": "east"},
				"up": {"uv": [1, 3, 4, 4], "rotation": 90, "texture": "#1", "cullface": "east"},
				"down": {"uv": [1, 3, 4, 4], "rotation": 90, "texture": "#1", "cullface": "east"}
			}
		},
		{
			"from": [15.5, 11, 4],
			"to": [16.5, 12, 9],
			"rotation": {"angle": 0, "axis": "y", "origin": [15.81579, 7.76316, 8]},
			"faces": {
				"north": {"uv": [11, 4, 12, 5], "rotation": 270, "texture": "#1", "cullface": "east"},
				"east": {"uv": [7, 4, 12, 5], "texture": "#1", "cullface": "east"},
				"south": {"uv": [7, 4, 8, 5], "rotation": 90, "texture": "#1", "cullface": "east"},
				"up": {"uv": [7, 4, 12, 5], "rotation": 90, "texture": "#1", "cullface": "east"},
				"down": {"uv": [7, 4, 12, 5], "rotation": 90, "texture": "#1", "cullface": "east"}
			}
		},
		{
			"from": [15.5, 10, 1],
			"to": [16.5, 11, 3],
			"rotation": {"angle": 0, "axis": "y", "origin": [15.81579, 7.76316, 8]},
			"faces": {
				"north": {"uv": [14, 5, 15, 6], "rotation": 270, "texture": "#1", "cullface": "east"},
				"east": {"uv": [13, 5, 15, 6], "texture": "#1", "cullface": "east"},
				"south": {"uv": [13, 5, 14, 6], "rotation": 90, "texture": "#1", "cullface": "east"},
				"up": {"uv": [13, 5, 15, 6], "rotation": 90, "texture": "#1", "cullface": "east"},
				"down": {"uv": [13, 5, 15, 6], "rotation": 90, "texture": "#1", "cullface": "east"}
			}
		},
		{
			"from": [15.5, 7, 3],
			"to": [16.5, 8, 7],
			"rotation": {"angle": 0, "axis": "y", "origin": [15.81579, 7.76316, 8]},
			"faces": {
				"north": {"uv": [12, 8, 13, 9], "rotation": 270, "texture": "#1", "cullface": "east"},
				"east": {"uv": [9, 8, 13, 9], "texture": "#1", "cullface": "east"},
				"south": {"uv": [9, 8, 10, 9], "rotation": 90, "texture": "#1", "cullface": "east"},
				"up": {"uv": [9, 8, 13, 9], "rotation": 90, "texture": "#1", "cullface": "east"},
				"down": {"uv": [9, 8, 13, 9], "rotation": 90, "texture": "#1", "cullface": "east"}
			}
		},
		{
			"from": [15.5, 3, 1],
			"to": [16.5, 4, 8],
			"rotation": {"angle": 0, "axis": "y", "origin": [15.81579, 7.76316, 8]},
			"faces": {
				"north": {"uv": [14, 12, 15, 13], "rotation": 270, "texture": "#1", "cullface": "east"},
				"east": {"uv": [8, 12, 15, 13], "texture": "#1", "cullface": "east"},
				"south": {"uv": [8, 12, 9, 13], "rotation": 90, "texture": "#1", "cullface": "east"},
				"up": {"uv": [8, 12, 15, 13], "rotation": 90, "texture": "#1", "cullface": "east"},
				"down": {"uv": [8, 12, 15, 13], "rotation": 90, "texture": "#1", "cullface": "east"}
			}
		},
		{
			"from": [15.5, 7, 11],
			"to": [16.5, 8, 13],
			"rotation": {"angle": 0, "axis": "y", "origin": [15.81579, 7.76316, 8]},
			"faces": {
				"north": {"uv": [4, 8, 5, 9], "rotation": 270, "texture": "#1", "cullface": "east"},
				"east": {"uv": [3, 8, 5, 9], "texture": "#1", "cullface": "east"},
				"south": {"uv": [3, 8, 4, 9], "rotation": 90, "texture": "#1", "cullface": "east"},
				"up": {"uv": [3, 8, 5, 9], "rotation": 90, "texture": "#1", "cullface": "east"},
				"down": {"uv": [3, 8, 5, 9], "rotation": 90, "texture": "#1", "cullface": "east"}
			}
		},
		{
			"from": [15.5, 2, 13],
			"to": [16.5, 3, 15],
			"rotation": {"angle": 0, "axis": "y", "origin": [15.81579, 7.76316, 8]},
			"faces": {
				"north": {"uv": [2, 13, 3, 14], "rotation": 270, "texture": "#1", "cullface": "east"},
				"east": {"uv": [1, 13, 3, 14], "texture": "#1", "cullface": "east"},
				"south": {"uv": [1, 13, 2, 14], "rotation": 90, "texture": "#1", "cullface": "east"},
				"up": {"uv": [1, 13, 3, 14], "rotation": 90, "texture": "#1", "cullface": "east"},
				"down": {"uv": [1, 13, 3, 14], "rotation": 90, "texture": "#1", "cullface": "east"}
			}
		},
		{
			"from": [15.5, 1, 12],
			"to": [16.5, 2, 14],
			"rotation": {"angle": 0, "axis": "y", "origin": [15.81579, 7.76316, 8]},
			"faces": {
				"north": {"uv": [3, 14, 4, 15], "rotation": 270, "texture": "#1", "cullface": "east"},
				"east": {"uv": [2, 14, 4, 15], "texture": "#1", "cullface": "east"},
				"south": {"uv": [2, 14, 3, 15], "rotation": 90, "texture": "#1", "cullface": "east"},
				"up": {"uv": [2, 14, 4, 15], "rotation": 90, "texture": "#1", "cullface": "east"},
				"down": {"uv": [2, 14, 4, 15], "rotation": 90, "texture": "#1", "cullface": "east"}
			}
		},
		{
			"from": [15.5, 3, 10],
			"to": [16.5, 4, 12],
			"rotation": {"angle": 0, "axis": "y", "origin": [15.81579, 7.76316, 8]},
			"faces": {
				"north": {"uv": [5, 12, 6, 13], "rotation": 270, "texture": "#1", "cullface": "east"},
				"east": {"uv": [4, 12, 6, 13], "texture": "#1", "cullface": "east"},
				"south": {"uv": [4, 12, 5, 13], "rotation": 90, "texture": "#1", "cullface": "east"},
				"up": {"uv": [4, 12, 6, 13], "rotation": 90, "texture": "#1", "cullface": "east"},
				"down": {"uv": [4, 12, 6, 13], "rotation": 90, "texture": "#1", "cullface": "east"}
			}
		},
		{
			"from": [15.5, 4, 3],
			"to": [16.5, 5, 5],
			"rotation": {"angle": 0, "axis": "y", "origin": [15.81579, 7.76316, 8]},
			"faces": {
				"north": {"uv": [12, 11, 13, 12], "rotation": 270, "texture": "#1", "cullface": "east"},
				"east": {"uv": [11, 11, 13, 12], "texture": "#1", "cullface": "east"},
				"south": {"uv": [11, 11, 12, 12], "rotation": 90, "texture": "#1", "cullface": "east"},
				"up": {"uv": [11, 11, 13, 12], "rotation": 90, "texture": "#1", "cullface": "east"},
				"down": {"uv": [11, 11, 13, 12], "rotation": 90, "texture": "#1", "cullface": "east"}
			}
		},
		{
			"from": [15.5, 6, 4],
			"to": [16.5, 7, 6],
			"rotation": {"angle": 0, "axis": "y", "origin": [15.81579, 7.76316, 8]},
			"faces": {
				"north": {"uv": [11, 9, 12, 10], "rotation": 270, "texture": "#1", "cullface": "east"},
				"east": {"uv": [10, 9, 12, 10], "texture": "#1", "cullface": "east"},
				"south": {"uv": [10, 9, 11, 10], "rotation": 90, "texture": "#1", "cullface": "east"},
				"up": {"uv": [10, 9, 12, 10], "rotation": 90, "texture": "#1", "cullface": "east"},
				"down": {"uv": [10, 9, 12, 10], "rotation": 90, "texture": "#1", "cullface": "east"}
			}
		},
		{
			"from": [15.5, 5, 10],
			"to": [16.5, 6, 12],
			"rotation": {"angle": 0, "axis": "y", "origin": [15.81579, 7.76316, 8]},
			"faces": {
				"north": {"uv": [5, 10, 6, 11], "rotation": 270, "texture": "#1", "cullface": "east"},
				"east": {"uv": [4, 10, 6, 11], "texture": "#1", "cullface": "east"},
				"south": {"uv": [4, 10, 5, 11], "rotation": 90, "texture": "#1", "cullface": "east"},
				"up": {"uv": [4, 10, 6, 11], "rotation": 90, "texture": "#1", "cullface": "east"},
				"down": {"uv": [4, 10, 6, 11], "rotation": 90, "texture": "#1", "cullface": "east"}
			}
		},
		{
			"from": [15.5, 6, 9],
			"to": [16.5, 7, 14],
			"rotation": {"angle": 0, "axis": "y", "origin": [15.81579, 7.76316, 8]},
			"faces": {
				"north": {"uv": [6, 9, 7, 10], "rotation": 270, "texture": "#1", "cullface": "east"},
				"east": {"uv": [2, 9, 7, 10], "texture": "#1", "cullface": "east"},
				"south": {"uv": [2, 9, 3, 10], "rotation": 90, "texture": "#1", "cullface": "east"},
				"up": {"uv": [2, 9, 7, 10], "rotation": 90, "texture": "#1", "cullface": "east"},
				"down": {"uv": [2, 9, 7, 10], "rotation": 90, "texture": "#1", "cullface": "east"}
			}
		},
		{
			"from": [15.5, 2, 3],
			"to": [16.5, 3, 7],
			"rotation": {"angle": 0, "axis": "y", "origin": [15.81579, 7.76316, 8]},
			"faces": {
				"north": {"uv": [12, 13, 13, 14], "rotation": 270, "texture": "#1", "cullface": "east"},
				"east": {"uv": [9, 13, 13, 14], "texture": "#1", "cullface": "east"},
				"south": {"uv": [9, 13, 10, 14], "rotation": 90, "texture": "#1", "cullface": "east"},
				"up": {"uv": [9, 13, 13, 14], "rotation": 90, "texture": "#1", "cullface": "east"},
				"down": {"uv": [9, 13, 13, 14], "rotation": 90, "texture": "#1", "cullface": "east"}
			}
		},
		{
			"from": [15.5, 9, 7],
			"to": [16.5, 10, 10],
			"rotation": {"angle": 0, "axis": "y", "origin": [15.81579, 7.76316, 8]},
			"faces": {
				"north": {"uv": [8, 6, 9, 7], "rotation": 270, "texture": "#1", "cullface": "east"},
				"east": {"uv": [6, 6, 9, 7], "texture": "#1", "cullface": "east"},
				"south": {"uv": [6, 6, 7, 7], "rotation": 90, "texture": "#1", "cullface": "east"},
				"up": {"uv": [6, 6, 9, 7], "rotation": 90, "texture": "#1", "cullface": "east"},
				"down": {"uv": [6, 6, 9, 7], "rotation": 90, "texture": "#1", "cullface": "east"}
			}
		},
		{
			"from": [15.5, 10, 5],
			"to": [16.5, 11, 12],
			"rotation": {"angle": 0, "axis": "y", "origin": [15.81579, 7.76316, 8]},
			"faces": {
				"north": {"uv": [10, 5, 11, 6], "rotation": 270, "texture": "#1", "cullface": "east"},
				"east": {"uv": [4, 5, 11, 6], "texture": "#1", "cullface": "east"},
				"south": {"uv": [4, 5, 5, 6], "rotation": 90, "texture": "#1", "cullface": "east"},
				"up": {"uv": [4, 5, 11, 6], "rotation": 90, "texture": "#1", "cullface": "east"},
				"down": {"uv": [4, 5, 11, 6], "rotation": 90, "texture": "#1", "cullface": "east"}
			}
		},
		{
			"from": [10, -0.5, 14],
			"to": [14, 0.5, 15],
			"rotation": {"angle": 0, "axis": "y", "origin": [7.81579, 0, 8.23684]},
			"faces": {
				"north": {"uv": [10, 1, 14, 2], "rotation": 180, "texture": "#1", "cullface": "down"},
				"east": {"uv": [13, 1, 14, 2], "rotation": 180, "texture": "#1", "cullface": "down"},
				"south": {"uv": [10, 1, 14, 2], "rotation": 180, "texture": "#1", "cullface": "down"},
				"west": {"uv": [10, 1, 11, 2], "rotation": 180, "texture": "#1", "cullface": "down"},
				"down": {"uv": [10, 1, 14, 2], "texture": "#1", "cullface": "down"}
			}
		},
		{
			"from": [11, -0.5, 13],
			"to": [13, 0.5, 14],
			"rotation": {"angle": 0, "axis": "y", "origin": [7.81579, 0, 8.23684]},
			"faces": {
				"north": {"uv": [11, 2, 13, 3], "rotation": 180, "texture": "#1", "cullface": "down"},
				"east": {"uv": [12, 2, 13, 3], "rotation": 180, "texture": "#1", "cullface": "down"},
				"south": {"uv": [11, 2, 13, 3], "rotation": 180, "texture": "#1", "cullface": "down"},
				"west": {"uv": [11, 2, 12, 3], "rotation": 180, "texture": "#1", "cullface": "down"},
				"down": {"uv": [11, 2, 13, 3], "texture": "#1", "cullface": "down"}
			}
		},
		{
			"from": [2, -0.5, 13],
			"to": [5, 0.5, 14],
			"rotation": {"angle": 0, "axis": "y", "origin": [7.81579, 0, 8.23684]},
			"faces": {
				"north": {"uv": [2, 2, 5, 3], "rotation": 180, "texture": "#1", "cullface": "down"},
				"east": {"uv": [4, 2, 5, 3], "rotation": 180, "texture": "#1", "cullface": "down"},
				"south": {"uv": [2, 2, 5, 3], "rotation": 180, "texture": "#1", "cullface": "down"},
				"west": {"uv": [2, 2, 3, 3], "rotation": 180, "texture": "#1", "cullface": "down"},
				"down": {"uv": [2, 2, 5, 3], "texture": "#1", "cullface": "down"}
			}
		},
		{
			"from": [1, -0.5, 12],
			"to": [4, 0.5, 13],
			"rotation": {"angle": 0, "axis": "y", "origin": [7.81579, 0, 8.23684]},
			"faces": {
				"north": {"uv": [1, 3, 4, 4], "rotation": 180, "texture": "#1", "cullface": "down"},
				"east": {"uv": [3, 3, 4, 4], "rotation": 180, "texture": "#1", "cullface": "down"},
				"south": {"uv": [1, 3, 4, 4], "rotation": 180, "texture": "#1", "cullface": "down"},
				"west": {"uv": [1, 3, 2, 4], "rotation": 180, "texture": "#1", "cullface": "down"},
				"down": {"uv": [1, 3, 4, 4], "texture": "#1", "cullface": "down"}
			}
		},
		{
			"from": [7, -0.5, 11],
			"to": [12, 0.5, 12],
			"rotation": {"angle": 0, "axis": "y", "origin": [7.81579, 0, 8.23684]},
			"faces": {
				"north": {"uv": [7, 4, 12, 5], "rotation": 180, "texture": "#1", "cullface": "down"},
				"east": {"uv": [11, 4, 12, 5], "rotation": 180, "texture": "#1", "cullface": "down"},
				"south": {"uv": [7, 4, 12, 5], "rotation": 180, "texture": "#1", "cullface": "down"},
				"west": {"uv": [7, 4, 8, 5], "rotation": 180, "texture": "#1", "cullface": "down"},
				"down": {"uv": [7, 4, 12, 5], "texture": "#1", "cullface": "down"}
			}
		},
		{
			"from": [13, -0.5, 10],
			"to": [15, 0.5, 11],
			"rotation": {"angle": 0, "axis": "y", "origin": [7.81579, 0, 8.23684]},
			"faces": {
				"north": {"uv": [13, 5, 15, 6], "rotation": 180, "texture": "#1", "cullface": "down"},
				"east": {"uv": [14, 5, 15, 6], "rotation": 180, "texture": "#1", "cullface": "down"},
				"south": {"uv": [13, 5, 15, 6], "rotation": 180, "texture": "#1", "cullface": "down"},
				"west": {"uv": [13, 5, 14, 6], "rotation": 180, "texture": "#1", "cullface": "down"},
				"down": {"uv": [13, 5, 15, 6], "texture": "#1", "cullface": "down"}
			}
		},
		{
			"from": [9, -0.5, 7],
			"to": [13, 0.5, 8],
			"rotation": {"angle": 0, "axis": "y", "origin": [7.81579, 0, 8.23684]},
			"faces": {
				"north": {"uv": [9, 8, 13, 9], "rotation": 180, "texture": "#1", "cullface": "down"},
				"east": {"uv": [12, 8, 13, 9], "rotation": 180, "texture": "#1", "cullface": "down"},
				"south": {"uv": [9, 8, 13, 9], "rotation": 180, "texture": "#1", "cullface": "down"},
				"west": {"uv": [9, 8, 10, 9], "rotation": 180, "texture": "#1", "cullface": "down"},
				"down": {"uv": [9, 8, 13, 9], "texture": "#1", "cullface": "down"}
			}
		},
		{
			"from": [8, -0.5, 3],
			"to": [15, 0.5, 4],
			"rotation": {"angle": 0, "axis": "y", "origin": [7.81579, 0, 8.23684]},
			"faces": {
				"north": {"uv": [8, 12, 15, 13], "rotation": 180, "texture": "#1", "cullface": "down"},
				"east": {"uv": [14, 12, 15, 13], "rotation": 180, "texture": "#1", "cullface": "down"},
				"south": {"uv": [8, 12, 15, 13], "rotation": 180, "texture": "#1", "cullface": "down"},
				"west": {"uv": [8, 12, 9, 13], "rotation": 180, "texture": "#1", "cullface": "down"},
				"down": {"uv": [8, 12, 15, 13], "texture": "#1", "cullface": "down"}
			}
		},
		{
			"from": [3, -0.5, 7],
			"to": [5, 0.5, 8],
			"rotation": {"angle": 0, "axis": "y", "origin": [7.81579, 0, 8.23684]},
			"faces": {
				"north": {"uv": [3, 8, 5, 9], "rotation": 180, "texture": "#1", "cullface": "down"},
				"east": {"uv": [4, 8, 5, 9], "rotation": 180, "texture": "#1", "cullface": "down"},
				"south": {"uv": [3, 8, 5, 9], "rotation": 180, "texture": "#1", "cullface": "down"},
				"west": {"uv": [3, 8, 4, 9], "rotation": 180, "texture": "#1", "cullface": "down"},
				"down": {"uv": [3, 8, 5, 9], "texture": "#1", "cullface": "down"}
			}
		},
		{
			"from": [1, -0.5, 2],
			"to": [3, 0.5, 3],
			"rotation": {"angle": 0, "axis": "y", "origin": [7.81579, 0, 8.23684]},
			"faces": {
				"north": {"uv": [1, 13, 3, 14], "rotation": 180, "texture": "#1", "cullface": "down"},
				"east": {"uv": [2, 13, 3, 14], "rotation": 180, "texture": "#1", "cullface": "down"},
				"south": {"uv": [1, 13, 3, 14], "rotation": 180, "texture": "#1", "cullface": "down"},
				"west": {"uv": [1, 13, 2, 14], "rotation": 180, "texture": "#1", "cullface": "down"},
				"down": {"uv": [1, 13, 3, 14], "texture": "#1", "cullface": "down"}
			}
		},
		{
			"from": [2, -0.5, 1],
			"to": [4, 0.5, 2],
			"rotation": {"angle": 0, "axis": "y", "origin": [7.81579, 0, 8.23684]},
			"faces": {
				"north": {"uv": [2, 14, 4, 15], "rotation": 180, "texture": "#1", "cullface": "down"},
				"east": {"uv": [3, 14, 4, 15], "rotation": 180, "texture": "#1", "cullface": "down"},
				"south": {"uv": [2, 14, 4, 15], "rotation": 180, "texture": "#1", "cullface": "down"},
				"west": {"uv": [2, 14, 3, 15], "rotation": 180, "texture": "#1", "cullface": "down"},
				"down": {"uv": [2, 14, 4, 15], "texture": "#1", "cullface": "down"}
			}
		},
		{
			"from": [4, -0.5, 3],
			"to": [6, 0.5, 4],
			"rotation": {"angle": 0, "axis": "y", "origin": [7.81579, 0, 8.23684]},
			"faces": {
				"north": {"uv": [4, 12, 6, 13], "rotation": 180, "texture": "#1", "cullface": "down"},
				"east": {"uv": [5, 12, 6, 13], "rotation": 180, "texture": "#1", "cullface": "down"},
				"south": {"uv": [4, 12, 6, 13], "rotation": 180, "texture": "#1", "cullface": "down"},
				"west": {"uv": [4, 12, 5, 13], "rotation": 180, "texture": "#1", "cullface": "down"},
				"down": {"uv": [4, 12, 6, 13], "texture": "#1", "cullface": "down"}
			}
		},
		{
			"from": [11, -0.5, 4],
			"to": [13, 0.5, 5],
			"rotation": {"angle": 0, "axis": "y", "origin": [7.81579, 0, 8.23684]},
			"faces": {
				"north": {"uv": [11, 11, 13, 12], "rotation": 180, "texture": "#1", "cullface": "down"},
				"east": {"uv": [12, 11, 13, 12], "rotation": 180, "texture": "#1", "cullface": "down"},
				"south": {"uv": [11, 11, 13, 12], "rotation": 180, "texture": "#1", "cullface": "down"},
				"west": {"uv": [11, 11, 12, 12], "rotation": 180, "texture": "#1", "cullface": "down"},
				"down": {"uv": [11, 11, 13, 12], "texture": "#1", "cullface": "down"}
			}
		},
		{
			"from": [10, -0.5, 6],
			"to": [12, 0.5, 7],
			"rotation": {"angle": 0, "axis": "y", "origin": [7.81579, 0, 8.23684]},
			"faces": {
				"north": {"uv": [10, 9, 12, 10], "rotation": 180, "texture": "#1", "cullface": "down"},
				"east": {"uv": [11, 9, 12, 10], "rotation": 180, "texture": "#1", "cullface": "down"},
				"south": {"uv": [10, 9, 12, 10], "rotation": 180, "texture": "#1", "cullface": "down"},
				"west": {"uv": [10, 9, 11, 10], "rotation": 180, "texture": "#1", "cullface": "down"},
				"down": {"uv": [10, 9, 12, 10], "texture": "#1", "cullface": "down"}
			}
		},
		{
			"from": [4, -0.5, 5],
			"to": [6, 0.5, 6],
			"rotation": {"angle": 0, "axis": "y", "origin": [7.81579, 0, 8.23684]},
			"faces": {
				"north": {"uv": [4, 10, 6, 11], "rotation": 180, "texture": "#1", "cullface": "down"},
				"east": {"uv": [5, 10, 6, 11], "rotation": 180, "texture": "#1", "cullface": "down"},
				"south": {"uv": [4, 10, 6, 11], "rotation": 180, "texture": "#1", "cullface": "down"},
				"west": {"uv": [4, 10, 5, 11], "rotation": 180, "texture": "#1", "cullface": "down"},
				"down": {"uv": [4, 10, 6, 11], "texture": "#1", "cullface": "down"}
			}
		},
		{
			"from": [2, -0.5, 6],
			"to": [7, 0.5, 7],
			"rotation": {"angle": 0, "axis": "y", "origin": [7.81579, 0, 8.23684]},
			"faces": {
				"north": {"uv": [2, 9, 7, 10], "rotation": 180, "texture": "#1", "cullface": "down"},
				"east": {"uv": [6, 9, 7, 10], "rotation": 180, "texture": "#1", "cullface": "down"},
				"south": {"uv": [2, 9, 7, 10], "rotation": 180, "texture": "#1", "cullface": "down"},
				"west": {"uv": [2, 9, 3, 10], "rotation": 180, "texture": "#1", "cullface": "down"},
				"down": {"uv": [2, 9, 7, 10], "texture": "#1", "cullface": "down"}
			}
		},
		{
			"from": [9, -0.5, 2],
			"to": [13, 0.5, 3],
			"rotation": {"angle": 0, "axis": "y", "origin": [7.81579, 0, 8.23684]},
			"faces": {
				"north": {"uv": [9, 13, 13, 14], "rotation": 180, "texture": "#1", "cullface": "down"},
				"east": {"uv": [12, 13, 13, 14], "rotation": 180, "texture": "#1", "cullface": "down"},
				"south": {"uv": [9, 13, 13, 14], "rotation": 180, "texture": "#1", "cullface": "down"},
				"west": {"uv": [9, 13, 10, 14], "rotation": 180, "texture": "#1", "cullface": "down"},
				"down": {"uv": [9, 13, 13, 14], "texture": "#1", "cullface": "down"}
			}
		},
		{
			"from": [6, -0.5, 9],
			"to": [9, 0.5, 10],
			"rotation": {"angle": 0, "axis": "y", "origin": [7.81579, 0, 8.23684]},
			"faces": {
				"north": {"uv": [6, 6, 9, 7], "rotation": 180, "texture": "#1", "cullface": "down"},
				"east": {"uv": [8, 6, 9, 7], "rotation": 180, "texture": "#1", "cullface": "down"},
				"south": {"uv": [6, 6, 9, 7], "rotation": 180, "texture": "#1", "cullface": "down"},
				"west": {"uv": [6, 6, 7, 7], "rotation": 180, "texture": "#1", "cullface": "down"},
				"down": {"uv": [6, 6, 9, 7], "texture": "#1", "cullface": "down"}
			}
		},
		{
			"from": [4, -0.5, 10],
			"to": [11, 0.5, 11],
			"rotation": {"angle": 0, "axis": "y", "origin": [7.81579, 0, 8.23684]},
			"faces": {
				"north": {"uv": [4, 5, 11, 6], "rotation": 180, "texture": "#1", "cullface": "down"},
				"east": {"uv": [10, 5, 11, 6], "rotation": 180, "texture": "#1", "cullface": "down"},
				"south": {"uv": [4, 5, 11, 6], "rotation": 180, "texture": "#1", "cullface": "down"},
				"west": {"uv": [4, 5, 5, 6], "rotation": 180, "texture": "#1", "cullface": "down"},
				"down": {"uv": [4, 5, 11, 6], "texture": "#1", "cullface": "down"}
			}
		}
	],
	"groups": [
		0,
		{
			"name": "up",
			"origin": [0, 0, 0],
			"color": 0,
			"children": [1, 2, 3, 4, 5, 6, 7, 8, 9, 10, 11, 12, 13, 14, 15, 16, 17, 18, 19]
		},
		{
			"name": "south",
			"origin": [0, 0, 0],
			"color": 0,
			"children": [20, 21, 22, 23, 24, 25, 26, 27, 28, 29, 30, 31, 32, 33, 34, 35, 36, 37, 38]
		},
		{
			"name": "west",
			"origin": [0, 0, 0],
			"color": 0,
			"children": [39, 40, 41, 42, 43, 44, 45, 46, 47, 48, 49, 50, 51, 52, 53, 54, 55, 56, 57]
		},
		{
			"name": "north",
			"origin": [0, 0, 0],
			"color": 0,
			"children": [58, 59, 60, 61, 62, 63, 64, 65, 66, 67, 68, 69, 70, 71, 72, 73, 74, 75, 76]
		},
		{
			"name": "east",
			"origin": [0, 0, 0],
			"color": 0,
			"children": [77, 78, 79, 80, 81, 82, 83, 84, 85, 86, 87, 88, 89, 90, 91, 92, 93, 94, 95]
		},
		{
			"name": "down",
			"origin": [0, 0, 0],
			"color": 0,
			"children": [96, 97, 98, 99, 100, 101, 102, 103, 104, 105, 106, 107, 108, 109, 110, 111, 112, 113, 114]
		}
	]
}