{
	"credit": "Made with Blockbench",
	"parent": "block/block",
	"textures": {
		"0": "lapis_ore",
		"2": "stone",
		"particle": "lapis_ore"
	},
	"elements": [
		{
			"from": [0, 0, 0],
			"to": [16, 16, 16],
			"faces": {
				"north": {"uv": [0, 0, 16, 16], "texture": "#2", "cullface": "north"},
				"east": {"uv": [0, 0, 16, 16], "texture": "#2", "cullface": "east"},
				"south": {"uv": [0, 0, 16, 16], "texture": "#2", "cullface": "south"},
				"west": {"uv": [0, 0, 16, 16], "texture": "#2", "cullface": "west"},
				"up": {"uv": [0, 0, 16, 16], "texture": "#2", "cullface": "up"},
				"down": {"uv": [0, 0, 16, 16], "texture": "#2", "cullface": "down"}
			}
		},
		{
			"from": [2, 15.5, 2],
			"to": [6, 16.5, 3],
			"faces": {
				"north": {"uv": [2, 2, 6, 3], "texture": "#0", "cullface": "up"},
				"east": {"uv": [5, 2, 6, 3], "texture": "#0", "cullface": "up"},
				"south": {"uv": [2, 2, 6, 3], "texture": "#0", "cullface": "up"},
				"west": {"uv": [2, 2, 3, 3], "texture": "#0", "cullface": "up"},
				"up": {"uv": [2, 2, 6, 3], "texture": "#0", "cullface": "up"}
			}
		},
		{
			"from": [5, 15.5, 3],
			"to": [6, 16.5, 4],
			"faces": {
				"north": {"uv": [5, 3, 6, 4], "texture": "#0", "cullface": "up"},
				"east": {"uv": [5, 3, 6, 4], "texture": "#0", "cullface": "up"},
				"south": {"uv": [5, 3, 6, 4], "texture": "#0", "cullface": "up"},
				"west": {"uv": [5, 3, 6, 4], "texture": "#0", "cullface": "up"},
				"up": {"uv": [5, 3, 6, 4], "texture": "#0", "cullface": "up"}
			}
		},
		{
			"from": [7, 15.5, 3],
			"to": [9, 16.5, 4],
			"faces": {
				"north": {"uv": [7, 3, 9, 4], "texture": "#0", "cullface": "up"},
				"east": {"uv": [8, 3, 9, 4], "texture": "#0", "cullface": "up"},
				"south": {"uv": [7, 3, 9, 4], "texture": "#0", "cullface": "up"},
				"west": {"uv": [7, 3, 8, 4], "texture": "#0", "cullface": "up"},
				"up": {"uv": [7, 3, 9, 4], "texture": "#0", "cullface": "up"}
			}
		},
		{
			"from": [12, 15.5, 2],
			"to": [14, 16.5, 3],
			"faces": {
				"north": {"uv": [12, 2, 14, 3], "texture": "#0", "cullface": "up"},
				"east": {"uv": [13, 2, 14, 3], "texture": "#0", "cullface": "up"},
				"south": {"uv": [12, 2, 14, 3], "texture": "#0", "cullface": "up"},
				"west": {"uv": [12, 2, 13, 3], "texture": "#0", "cullface": "up"},
				"up": {"uv": [12, 2, 14, 3], "texture": "#0", "cullface": "up"}
			}
		},
		{
			"from": [5, 15.5, 5],
			"to": [7, 16.5, 6],
			"faces": {
				"north": {"uv": [5, 5, 7, 6], "texture": "#0", "cullface": "up"},
				"east": {"uv": [6, 5, 7, 6], "texture": "#0", "cullface": "up"},
				"south": {"uv": [5, 5, 7, 6], "texture": "#0", "cullface": "up"},
				"west": {"uv": [5, 5, 6, 6], "texture": "#0", "cullface": "up"},
				"up": {"uv": [5, 5, 7, 6], "texture": "#0", "cullface": "up"}
			}
		},
		{
			"from": [10, 15.5, 5],
			"to": [12, 16.5, 6],
			"faces": {
				"north": {"uv": [10, 5, 12, 6], "texture": "#0", "cullface": "up"},
				"east": {"uv": [11, 5, 12, 6], "texture": "#0", "cullface": "up"},
				"south": {"uv": [10, 5, 12, 6], "texture": "#0", "cullface": "up"},
				"west": {"uv": [10, 5, 11, 6], "texture": "#0", "cullface": "up"},
				"up": {"uv": [10, 5, 12, 6], "texture": "#0", "cullface": "up"}
			}
		},
		{
			"from": [10, 15.5, 6],
			"to": [12, 16.5, 7],
			"faces": {
				"north": {"uv": [10, 6, 12, 7], "texture": "#0", "cullface": "up"},
				"east": {"uv": [11, 6, 12, 7], "texture": "#0", "cullface": "up"},
				"south": {"uv": [10, 6, 12, 7], "texture": "#0", "cullface": "up"},
				"west": {"uv": [10, 6, 11, 7], "texture": "#0", "cullface": "up"},
				"up": {"uv": [10, 6, 12, 7], "texture": "#0", "cullface": "up"}
			}
		},
		{
			"from": [3, 15.5, 6],
			"to": [8, 16.5, 7],
			"faces": {
				"north": {"uv": [3, 6, 8, 7], "texture": "#0", "cullface": "up"},
				"east": {"uv": [7, 6, 8, 7], "texture": "#0", "cullface": "up"},
				"south": {"uv": [3, 6, 8, 7], "texture": "#0", "cullface": "up"},
				"west": {"uv": [3, 6, 4, 7], "texture": "#0", "cullface": "up"},
				"up": {"uv": [3, 6, 8, 7], "texture": "#0", "cullface": "up"}
			}
		},
		{
			"from": [1, 15.5, 7],
			"to": [3, 16.5, 8],
			"faces": {
				"north": {"uv": [1, 7, 3, 8], "texture": "#0", "cullface": "up"},
				"east": {"uv": [2, 7, 3, 8], "texture": "#0", "cullface": "up"},
				"south": {"uv": [1, 7, 3, 8], "texture": "#0", "cullface": "up"},
				"west": {"uv": [1, 7, 2, 8], "texture": "#0", "cullface": "up"},
				"up": {"uv": [1, 7, 3, 8], "texture": "#0", "cullface": "up"}
			}
		},
		{
			"from": [1, 15.5, 8],
			"to": [3, 16.5, 9],
			"faces": {
				"north": {"uv": [1, 8, 3, 9], "texture": "#0", "cullface": "up"},
				"east": {"uv": [2, 8, 3, 9], "texture": "#0", "cullface": "up"},
				"south": {"uv": [1, 8, 3, 9], "texture": "#0", "cullface": "up"},
				"west": {"uv": [1, 8, 2, 9], "texture": "#0", "cullface": "up"},
				"up": {"uv": [1, 8, 3, 9], "texture": "#0", "cullface": "up"}
			}
		},
		{
			"from": [7, 15.5, 8],
			"to": [8, 16.5, 9],
			"faces": {
				"north": {"uv": [7, 8, 8, 9], "texture": "#0", "cullface": "up"},
				"east": {"uv": [7, 8, 8, 9], "texture": "#0", "cullface": "up"},
				"south": {"uv": [7, 8, 8, 9], "texture": "#0", "cullface": "up"},
				"west": {"uv": [7, 8, 8, 9], "texture": "#0", "cullface": "up"},
				"up": {"uv": [7, 8, 8, 9], "texture": "#0", "cullface": "up"}
			}
		},
		{
			"from": [9, 15.5, 8],
			"to": [12, 16.5, 9],
			"faces": {
				"north": {"uv": [9, 8, 12, 9], "texture": "#0", "cullface": "up"},
				"east": {"uv": [11, 8, 12, 9], "texture": "#0", "cullface": "up"},
				"south": {"uv": [9, 8, 12, 9], "texture": "#0", "cullface": "up"},
				"west": {"uv": [9, 8, 10, 9], "texture": "#0", "cullface": "up"},
				"up": {"uv": [9, 8, 12, 9], "texture": "#0", "cullface": "up"}
			}
		},
		{
			"from": [7, 15.5, 9],
			"to": [12, 16.5, 10],
			"faces": {
				"north": {"uv": [7, 9, 12, 10], "texture": "#0", "cullface": "up"},
				"east": {"uv": [11, 9, 12, 10], "texture": "#0", "cullface": "up"},
				"south": {"uv": [7, 9, 12, 10], "texture": "#0", "cullface": "up"},
				"west": {"uv": [7, 9, 8, 10], "texture": "#0", "cullface": "up"},
				"up": {"uv": [7, 9, 12, 10], "texture": "#0", "cullface": "up"}
			}
		},
		{
			"from": [8, 15.5, 10],
			"to": [11, 16.5, 11],
			"faces": {
				"north": {"uv": [8, 10, 11, 11], "texture": "#0", "cullface": "up"},
				"east": {"uv": [10, 10, 11, 11], "texture": "#0", "cullface": "up"},
				"south": {"uv": [8, 10, 11, 11], "texture": "#0", "cullface": "up"},
				"west": {"uv": [8, 10, 9, 11], "texture": "#0", "cullface": "up"},
				"up": {"uv": [8, 10, 11, 11], "texture": "#0", "cullface": "up"}
			}
		},
		{
			"from": [13, 15.5, 9],
			"to": [15, 16.5, 10],
			"faces": {
				"north": {"uv": [13, 9, 15, 10], "texture": "#0", "cullface": "up"},
				"east": {"uv": [14, 9, 15, 10], "texture": "#0", "cullface": "up"},
				"south": {"uv": [13, 9, 15, 10], "texture": "#0", "cullface": "up"},
				"west": {"uv": [13, 9, 14, 10], "texture": "#0", "cullface": "up"},
				"up": {"uv": [13, 9, 15, 10], "texture": "#0", "cullface": "up"}
			}
		},
		{
			"from": [13, 15.5, 10],
			"to": [15, 16.5, 11],
			"faces": {
				"north": {"uv": [13, 10, 15, 11], "texture": "#0", "cullface": "up"},
				"east": {"uv": [14, 10, 15, 11], "texture": "#0", "cullface": "up"},
				"south": {"uv": [13, 10, 15, 11], "texture": "#0", "cullface": "up"},
				"west": {"uv": [13, 10, 14, 11], "texture": "#0", "cullface": "up"},
				"up": {"uv": [13, 10, 15, 11], "texture": "#0", "cullface": "up"}
			}
		},
		{
			"from": [13, 15.5, 11],
			"to": [15, 16.5, 12],
			"faces": {
				"north": {"uv": [13, 11, 15, 12], "texture": "#0", "cullface": "up"},
				"east": {"uv": [14, 11, 15, 12], "texture": "#0", "cullface": "up"},
				"south": {"uv": [13, 11, 15, 12], "texture": "#0", "cullface": "up"},
				"west": {"uv": [13, 11, 14, 12], "texture": "#0", "cullface": "up"},
				"up": {"uv": [13, 11, 15, 12], "texture": "#0", "cullface": "up"}
			}
		},
		{
			"from": [13, 15.5, 12],
			"to": [15, 16.5, 13],
			"faces": {
				"north": {"uv": [13, 12, 15, 13], "texture": "#0", "cullface": "up"},
				"east": {"uv": [14, 12, 15, 13], "texture": "#0", "cullface": "up"},
				"south": {"uv": [13, 12, 15, 13], "texture": "#0", "cullface": "up"},
				"west": {"uv": [13, 12, 14, 13], "texture": "#0", "cullface": "up"},
				"up": {"uv": [13, 12, 15, 13], "texture": "#0", "cullface": "up"}
			}
		},
		{
			"from": [8, 15.5, 12],
			"to": [11, 16.5, 13],
			"faces": {
				"north": {"uv": [8, 12, 11, 13], "texture": "#0", "cullface": "up"},
				"east": {"uv": [10, 12, 11, 13], "texture": "#0", "cullface": "up"},
				"south": {"uv": [8, 12, 11, 13], "texture": "#0", "cullface": "up"},
				"west": {"uv": [8, 12, 9, 13], "texture": "#0", "cullface": "up"},
				"up": {"uv": [8, 12, 11, 13], "texture": "#0", "cullface": "up"}
			}
		},
		{
			"from": [8, 15.5, 13],
			"to": [11, 16.5, 14],
			"faces": {
				"north": {"uv": [8, 13, 11, 14], "texture": "#0", "cullface": "up"},
				"east": {"uv": [10, 13, 11, 14], "texture": "#0", "cullface": "up"},
				"south": {"uv": [8, 13, 11, 14], "texture": "#0", "cullface": "up"},
				"west": {"uv": [8, 13, 9, 14], "texture": "#0", "cullface": "up"},
				"up": {"uv": [8, 13, 11, 14], "texture": "#0", "cullface": "up"}
			}
		},
		{
			"from": [4, 15.5, 13],
			"to": [7, 16.5, 14],
			"faces": {
				"north": {"uv": [4, 13, 7, 14], "texture": "#0", "cullface": "up"},
				"east": {"uv": [6, 13, 7, 14], "texture": "#0", "cullface": "up"},
				"south": {"uv": [4, 13, 7, 14], "texture": "#0", "cullface": "up"},
				"west": {"uv": [4, 13, 5, 14], "texture": "#0", "cullface": "up"},
				"up": {"uv": [4, 13, 7, 14], "texture": "#0", "cullface": "up"}
			}
		},
		{
			"from": [5, 15.5, 12],
			"to": [6, 16.5, 13],
			"faces": {
				"north": {"uv": [5, 12, 6, 13], "texture": "#0", "cullface": "up"},
				"east": {"uv": [5, 12, 6, 13], "texture": "#0", "cullface": "up"},
				"south": {"uv": [5, 12, 6, 13], "texture": "#0", "cullface": "up"},
				"west": {"uv": [5, 12, 6, 13], "texture": "#0", "cullface": "up"},
				"up": {"uv": [5, 12, 6, 13], "texture": "#0", "cullface": "up"}
			}
		},
		{
			"from": [4, 15.5, 10],
			"to": [5, 16.5, 11],
			"faces": {
				"north": {"uv": [4, 10, 5, 11], "texture": "#0", "cullface": "up"},
				"east": {"uv": [4, 10, 5, 11], "texture": "#0", "cullface": "up"},
				"south": {"uv": [4, 10, 5, 11], "texture": "#0", "cullface": "up"},
				"west": {"uv": [4, 10, 5, 11], "texture": "#0", "cullface": "up"},
				"up": {"uv": [4, 10, 5, 11], "texture": "#0", "cullface": "up"}
			}
		},
		{
			"from": [2, 15.5, 11],
			"to": [5, 16.5, 12],
			"faces": {
				"north": {"uv": [2, 11, 5, 12], "texture": "#0", "cullface": "up"},
				"east": {"uv": [4, 11, 5, 12], "texture": "#0", "cullface": "up"},
				"south": {"uv": [2, 11, 5, 12], "texture": "#0", "cullface": "up"},
				"west": {"uv": [2, 11, 3, 12], "texture": "#0", "cullface": "up"},
				"up": {"uv": [2, 11, 5, 12], "texture": "#0", "cullface": "up"}
			}
		},
		{
			"from": [4, 15.5, 14],
			"to": [7, 16.5, 15],
			"faces": {
				"north": {"uv": [4, 14, 7, 15], "texture": "#0", "cullface": "up"},
				"east": {"uv": [6, 14, 7, 15], "texture": "#0", "cullface": "up"},
				"south": {"uv": [4, 14, 7, 15], "texture": "#0", "cullface": "up"},
				"west": {"uv": [4, 14, 5, 15], "texture": "#0", "cullface": "up"},
				"up": {"uv": [4, 14, 7, 15], "texture": "#0", "cullface": "up"}
			}
		},
		{
			"from": [2, 13, 15.5],
			"to": [6, 14, 16.5],
			"faces": {
				"east": {"uv": [5, 2, 6, 3], "rotation": 270, "texture": "#0", "cullface": "south"},
				"south": {"uv": [2, 2, 6, 3], "texture": "#0", "cullface": "south"},
				"west": {"uv": [2, 2, 3, 3], "rotation": 90, "texture": "#0", "cullface": "south"},
				"up": {"uv": [2, 2, 6, 3], "rotation": 180, "texture": "#0", "cullface": "south"},
				"down": {"uv": [2, 2, 6, 3], "texture": "#0", "cullface": "south"}
			}
		},
		{
			"from": [5, 12, 15.5],
			"to": [6, 13, 16.5],
			"faces": {
				"east": {"uv": [5, 3, 6, 4], "rotation": 270, "texture": "#0", "cullface": "south"},
				"south": {"uv": [5, 3, 6, 4], "texture": "#0", "cullface": "south"},
				"west": {"uv": [5, 3, 6, 4], "rotation": 90, "texture": "#0", "cullface": "south"},
				"up": {"uv": [5, 3, 6, 4], "rotation": 180, "texture": "#0", "cullface": "south"},
				"down": {"uv": [5, 3, 6, 4], "texture": "#0", "cullface": "south"}
			}
		},
		{
			"from": [7, 12, 15.5],
			"to": [9, 13, 16.5],
			"faces": {
				"east": {"uv": [8, 3, 9, 4], "rotation": 270, "texture": "#0", "cullface": "south"},
				"south": {"uv": [7, 3, 9, 4], "texture": "#0", "cullface": "south"},
				"west": {"uv": [7, 3, 8, 4], "rotation": 90, "texture": "#0", "cullface": "south"},
				"up": {"uv": [7, 3, 9, 4], "rotation": 180, "texture": "#0", "cullface": "south"},
				"down": {"uv": [7, 3, 9, 4], "texture": "#0", "cullface": "south"}
			}
		},
		{
			"from": [12, 13, 15.5],
			"to": [14, 14, 16.5],
			"faces": {
				"east": {"uv": [13, 2, 14, 3], "rotation": 270, "texture": "#0", "cullface": "south"},
				"south": {"uv": [12, 2, 14, 3], "texture": "#0", "cullface": "south"},
				"west": {"uv": [12, 2, 13, 3], "rotation": 90, "texture": "#0", "cullface": "south"},
				"up": {"uv": [12, 2, 14, 3], "rotation": 180, "texture": "#0", "cullface": "south"},
				"down": {"uv": [12, 2, 14, 3], "texture": "#0", "cullface": "south"}
			}
		},
		{
			"from": [5, 10, 15.5],
			"to": [7, 11, 16.5],
			"faces": {
				"east": {"uv": [6, 5, 7, 6], "rotation": 270, "texture": "#0", "cullface": "south"},
				"south": {"uv": [5, 5, 7, 6], "texture": "#0", "cullface": "south"},
				"west": {"uv": [5, 5, 6, 6], "rotation": 90, "texture": "#0", "cullface": "south"},
				"up": {"uv": [5, 5, 7, 6], "rotation": 180, "texture": "#0", "cullface": "south"},
				"down": {"uv": [5, 5, 7, 6], "texture": "#0", "cullface": "south"}
			}
		},
		{
			"from": [10, 10, 15.5],
			"to": [12, 11, 16.5],
			"faces": {
				"east": {"uv": [11, 5, 12, 6], "rotation": 270, "texture": "#0", "cullface": "south"},
				"south": {"uv": [10, 5, 12, 6], "texture": "#0", "cullface": "south"},
				"west": {"uv": [10, 5, 11, 6], "rotation": 90, "texture": "#0", "cullface": "south"},
				"up": {"uv": [10, 5, 12, 6], "rotation": 180, "texture": "#0", "cullface": "south"},
				"down": {"uv": [10, 5, 12, 6], "texture": "#0", "cullface": "south"}
			}
		},
		{
			"from": [10, 9, 15.5],
			"to": [12, 10, 16.5],
			"faces": {
				"east": {"uv": [11, 6, 12, 7], "rotation": 270, "texture": "#0", "cullface": "south"},
				"south": {"uv": [10, 6, 12, 7], "texture": "#0", "cullface": "south"},
				"west": {"uv": [10, 6, 11, 7], "rotation": 90, "texture": "#0", "cullface": "south"},
				"up": {"uv": [10, 6, 12, 7], "rotation": 180, "texture": "#0", "cullface": "south"},
				"down": {"uv": [10, 6, 12, 7], "texture": "#0", "cullface": "south"}
			}
		},
		{
			"from": [3, 9, 15.5],
			"to": [8, 10, 16.5],
			"faces": {
				"east": {"uv": [7, 6, 8, 7], "rotation": 270, "texture": "#0", "cullface": "south"},
				"south": {"uv": [3, 6, 8, 7], "texture": "#0", "cullface": "south"},
				"west": {"uv": [3, 6, 4, 7], "rotation": 90, "texture": "#0", "cullface": "south"},
				"up": {"uv": [3, 6, 8, 7], "rotation": 180, "texture": "#0", "cullface": "south"},
				"down": {"uv": [3, 6, 8, 7], "texture": "#0", "cullface": "south"}
			}
		},
		{
			"from": [1, 8, 15.5],
			"to": [3, 9, 16.5],
			"faces": {
				"east": {"uv": [2, 7, 3, 8], "rotation": 270, "texture": "#0", "cullface": "south"},
				"south": {"uv": [1, 7, 3, 8], "texture": "#0", "cullface": "south"},
				"west": {"uv": [1, 7, 2, 8], "rotation": 90, "texture": "#0", "cullface": "south"},
				"up": {"uv": [1, 7, 3, 8], "rotation": 180, "texture": "#0", "cullface": "south"},
				"down": {"uv": [1, 7, 3, 8], "texture": "#0", "cullface": "south"}
			}
		},
		{
			"from": [1, 7, 15.5],
			"to": [3, 8, 16.5],
			"faces": {
				"east": {"uv": [2, 8, 3, 9], "rotation": 270, "texture": "#0", "cullface": "south"},
				"south": {"uv": [1, 8, 3, 9], "texture": "#0", "cullface": "south"},
				"west": {"uv": [1, 8, 2, 9], "rotation": 90, "texture": "#0", "cullface": "south"},
				"up": {"uv": [1, 8, 3, 9], "rotation": 180, "texture": "#0", "cullface": "south"},
				"down": {"uv": [1, 8, 3, 9], "texture": "#0", "cullface": "south"}
			}
		},
		{
			"from": [7, 7, 15.5],
			"to": [8, 8, 16.5],
			"faces": {
				"east": {"uv": [7, 8, 8, 9], "rotation": 270, "texture": "#0", "cullface": "south"},
				"south": {"uv": [7, 8, 8, 9], "texture": "#0", "cullface": "south"},
				"west": {"uv": [7, 8, 8, 9], "rotation": 90, "texture": "#0", "cullface": "south"},
				"up": {"uv": [7, 8, 8, 9], "rotation": 180, "texture": "#0", "cullface": "south"},
				"down": {"uv": [7, 8, 8, 9], "texture": "#0", "cullface": "south"}
			}
		},
		{
			"from": [9, 7, 15.5],
			"to": [12, 8, 16.5],
			"faces": {
				"east": {"uv": [11, 8, 12, 9], "rotation": 270, "texture": "#0", "cullface": "south"},
				"south": {"uv": [9, 8, 12, 9], "texture": "#0", "cullface": "south"},
				"west": {"uv": [9, 8, 10, 9], "rotation": 90, "texture": "#0", "cullface": "south"},
				"up": {"uv": [9, 8, 12, 9], "rotation": 180, "texture": "#0", "cullface": "south"},
				"down": {"uv": [9, 8, 12, 9], "texture": "#0", "cullface": "south"}
			}
		},
		{
			"from": [7, 6, 15.5],
			"to": [12, 7, 16.5],
			"faces": {
				"east": {"uv": [11, 9, 12, 10], "rotation": 270, "texture": "#0", "cullface": "south"},
				"south": {"uv": [7, 9, 12, 10], "texture": "#0", "cullface": "south"},
				"west": {"uv": [7, 9, 8, 10], "rotation": 90, "texture": "#0", "cullface": "south"},
				"up": {"uv": [7, 9, 12, 10], "rotation": 180, "texture": "#0", "cullface": "south"},
				"down": {"uv": [7, 9, 12, 10], "texture": "#0", "cullface": "south"}
			}
		},
		{
			"from": [8, 5, 15.5],
			"to": [11, 6, 16.5],
			"faces": {
				"east": {"uv": [10, 10, 11, 11], "rotation": 270, "texture": "#0", "cullface": "south"},
				"south": {"uv": [8, 10, 11, 11], "texture": "#0", "cullface": "south"},
				"west": {"uv": [8, 10, 9, 11], "rotation": 90, "texture": "#0", "cullface": "south"},
				"up": {"uv": [8, 10, 11, 11], "rotation": 180, "texture": "#0", "cullface": "south"},
				"down": {"uv": [8, 10, 11, 11], "texture": "#0", "cullface": "south"}
			}
		},
		{
			"from": [13, 6, 15.5],
			"to": [15, 7, 16.5],
			"faces": {
				"east": {"uv": [14, 9, 15, 10], "rotation": 270, "texture": "#0", "cullface": "south"},
				"south": {"uv": [13, 9, 15, 10], "texture": "#0", "cullface": "south"},
				"west": {"uv": [13, 9, 14, 10], "rotation": 90, "texture": "#0", "cullface": "south"},
				"up": {"uv": [13, 9, 15, 10], "rotation": 180, "texture": "#0", "cullface": "south"},
				"down": {"uv": [13, 9, 15, 10], "texture": "#0", "cullface": "south"}
			}
		},
		{
			"from": [13, 5, 15.5],
			"to": [15, 6, 16.5],
			"faces": {
				"east": {"uv": [14, 10, 15, 11], "rotation": 270, "texture": "#0", "cullface": "south"},
				"south": {"uv": [13, 10, 15, 11], "texture": "#0", "cullface": "south"},
				"west": {"uv": [13, 10, 14, 11], "rotation": 90, "texture": "#0", "cullface": "south"},
				"up": {"uv": [13, 10, 15, 11], "rotation": 180, "texture": "#0", "cullface": "south"},
				"down": {"uv": [13, 10, 15, 11], "texture": "#0", "cullface": "south"}
			}
		},
		{
			"from": [13, 4, 15.5],
			"to": [15, 5, 16.5],
			"faces": {
				"east": {"uv": [14, 11, 15, 12], "rotation": 270, "texture": "#0", "cullface": "south"},
				"south": {"uv": [13, 11, 15, 12], "texture": "#0", "cullface": "south"},
				"west": {"uv": [13, 11, 14, 12], "rotation": 90, "texture": "#0", "cullface": "south"},
				"up": {"uv": [13, 11, 15, 12], "rotation": 180, "texture": "#0", "cullface": "south"},
				"down": {"uv": [13, 11, 15, 12], "texture": "#0", "cullface": "south"}
			}
		},
		{
			"from": [13, 3, 15.5],
			"to": [15, 4, 16.5],
			"faces": {
				"east": {"uv": [14, 12, 15, 13], "rotation": 270, "texture": "#0", "cullface": "south"},
				"south": {"uv": [13, 12, 15, 13], "texture": "#0", "cullface": "south"},
				"west": {"uv": [13, 12, 14, 13], "rotation": 90, "texture": "#0", "cullface": "south"},
				"up": {"uv": [13, 12, 15, 13], "rotation": 180, "texture": "#0", "cullface": "south"},
				"down": {"uv": [13, 12, 15, 13], "texture": "#0", "cullface": "south"}
			}
		},
		{
			"from": [8, 3, 15.5],
			"to": [11, 4, 16.5],
			"faces": {
				"east": {"uv": [10, 12, 11, 13], "rotation": 270, "texture": "#0", "cullface": "south"},
				"south": {"uv": [8, 12, 11, 13], "texture": "#0", "cullface": "south"},
				"west": {"uv": [8, 12, 9, 13], "rotation": 90, "texture": "#0", "cullface": "south"},
				"up": {"uv": [8, 12, 11, 13], "rotation": 180, "texture": "#0", "cullface": "south"},
				"down": {"uv": [8, 12, 11, 13], "texture": "#0", "cullface": "south"}
			}
		},
		{
			"from": [8, 2, 15.5],
			"to": [11, 3, 16.5],
			"faces": {
				"east": {"uv": [10, 13, 11, 14], "rotation": 270, "texture": "#0", "cullface": "south"},
				"south": {"uv": [8, 13, 11, 14], "texture": "#0", "cullface": "south"},
				"west": {"uv": [8, 13, 9, 14], "rotation": 90, "texture": "#0", "cullface": "south"},
				"up": {"uv": [8, 13, 11, 14], "rotation": 180, "texture": "#0", "cullface": "south"},
				"down": {"uv": [8, 13, 11, 14], "texture": "#0", "cullface": "south"}
			}
		},
		{
			"from": [4, 2, 15.5],
			"to": [7, 3, 16.5],
			"faces": {
				"east": {"uv": [6, 13, 7, 14], "rotation": 270, "texture": "#0", "cullface": "south"},
				"south": {"uv": [4, 13, 7, 14], "texture": "#0", "cullface": "south"},
				"west": {"uv": [4, 13, 5, 14], "rotation": 90, "texture": "#0", "cullface": "south"},
				"up": {"uv": [4, 13, 7, 14], "rotation": 180, "texture": "#0", "cullface": "south"},
				"down": {"uv": [4, 13, 7, 14], "texture": "#0", "cullface": "south"}
			}
		},
		{
			"from": [5, 3, 15.5],
			"to": [6, 4, 16.5],
			"faces": {
				"east": {"uv": [5, 12, 6, 13], "rotation": 270, "texture": "#0", "cullface": "south"},
				"south": {"uv": [5, 12, 6, 13], "texture": "#0", "cullface": "south"},
				"west": {"uv": [5, 12, 6, 13], "rotation": 90, "texture": "#0", "cullface": "south"},
				"up": {"uv": [5, 12, 6, 13], "rotation": 180, "texture": "#0", "cullface": "south"},
				"down": {"uv": [5, 12, 6, 13], "texture": "#0", "cullface": "south"}
			}
		},
		{
			"from": [4, 5, 15.5],
			"to": [5, 6, 16.5],
			"faces": {
				"east": {"uv": [4, 10, 5, 11], "rotation": 270, "texture": "#0", "cullface": "south"},
				"south": {"uv": [4, 10, 5, 11], "texture": "#0", "cullface": "south"},
				"west": {"uv": [4, 10, 5, 11], "rotation": 90, "texture": "#0", "cullface": "south"},
				"up": {"uv": [4, 10, 5, 11], "rotation": 180, "texture": "#0", "cullface": "south"},
				"down": {"uv": [4, 10, 5, 11], "texture": "#0", "cullface": "south"}
			}
		},
		{
			"from": [2, 4, 15.5],
			"to": [5, 5, 16.5],
			"faces": {
				"east": {"uv": [4, 11, 5, 12], "rotation": 270, "texture": "#0", "cullface": "south"},
				"south": {"uv": [2, 11, 5, 12], "texture": "#0", "cullface": "south"},
				"west": {"uv": [2, 11, 3, 12], "rotation": 90, "texture": "#0", "cullface": "south"},
				"up": {"uv": [2, 11, 5, 12], "rotation": 180, "texture": "#0", "cullface": "south"},
				"down": {"uv": [2, 11, 5, 12], "texture": "#0", "cullface": "south"}
			}
		},
		{
			"from": [4, 1, 15.5],
			"to": [7, 2, 16.5],
			"faces": {
				"east": {"uv": [6, 14, 7, 15], "rotation": 270, "texture": "#0", "cullface": "south"},
				"south": {"uv": [4, 14, 7, 15], "texture": "#0", "cullface": "south"},
				"west": {"uv": [4, 14, 5, 15], "rotation": 90, "texture": "#0", "cullface": "south"},
				"up": {"uv": [4, 14, 7, 15], "rotation": 180, "texture": "#0", "cullface": "south"},
				"down": {"uv": [4, 14, 7, 15], "texture": "#0", "cullface": "south"}
			}
		},
		{
			"from": [-0.5, 13, 2],
			"to": [0.5, 14, 6],
			"faces": {
				"north": {"uv": [2, 2, 3, 3], "rotation": 90, "texture": "#0", "cullface": "west"},
				"south": {"uv": [5, 2, 6, 3], "rotation": 270, "texture": "#0", "cullface": "west"},
				"west": {"uv": [2, 2, 6, 3], "texture": "#0", "cullface": "west"},
				"up": {"uv": [2, 2, 6, 3], "rotation": 270, "texture": "#0", "cullface": "west"},
				"down": {"uv": [2, 2, 6, 3], "rotation": 270, "texture": "#0", "cullface": "west"}
			}
		},
		{
			"from": [-0.5, 12, 5],
			"to": [0.5, 13, 6],
			"faces": {
				"north": {"uv": [5, 3, 6, 4], "rotation": 90, "texture": "#0", "cullface": "west"},
				"south": {"uv": [5, 3, 6, 4], "rotation": 270, "texture": "#0", "cullface": "west"},
				"west": {"uv": [5, 3, 6, 4], "texture": "#0", "cullface": "west"},
				"up": {"uv": [5, 3, 6, 4], "rotation": 270, "texture": "#0", "cullface": "west"},
				"down": {"uv": [5, 3, 6, 4], "rotation": 270, "texture": "#0", "cullface": "west"}
			}
		},
		{
			"from": [-0.5, 12, 7],
			"to": [0.5, 13, 9],
			"faces": {
				"north": {"uv": [7, 3, 8, 4], "rotation": 90, "texture": "#0", "cullface": "west"},
				"south": {"uv": [8, 3, 9, 4], "rotation": 270, "texture": "#0", "cullface": "west"},
				"west": {"uv": [7, 3, 9, 4], "texture": "#0", "cullface": "west"},
				"up": {"uv": [7, 3, 9, 4], "rotation": 270, "texture": "#0", "cullface": "west"},
				"down": {"uv": [7, 3, 9, 4], "rotation": 270, "texture": "#0", "cullface": "west"}
			}
		},
		{
			"from": [-0.5, 13, 12],
			"to": [0.5, 14, 14],
			"faces": {
				"north": {"uv": [12, 2, 13, 3], "rotation": 90, "texture": "#0", "cullface": "west"},
				"south": {"uv": [13, 2, 14, 3], "rotation": 270, "texture": "#0", "cullface": "west"},
				"west": {"uv": [12, 2, 14, 3], "texture": "#0", "cullface": "west"},
				"up": {"uv": [12, 2, 14, 3], "rotation": 270, "texture": "#0", "cullface": "west"},
				"down": {"uv": [12, 2, 14, 3], "rotation": 270, "texture": "#0", "cullface": "west"}
			}
		},
		{
			"from": [-0.5, 10, 5],
			"to": [0.5, 11, 7],
			"faces": {
				"north": {"uv": [5, 5, 6, 6], "rotation": 90, "texture": "#0", "cullface": "west"},
				"south": {"uv": [6, 5, 7, 6], "rotation": 270, "texture": "#0", "cullface": "west"},
				"west": {"uv": [5, 5, 7, 6], "texture": "#0", "cullface": "west"},
				"up": {"uv": [5, 5, 7, 6], "rotation": 270, "texture": "#0", "cullface": "west"},
				"down": {"uv": [5, 5, 7, 6], "rotation": 270, "texture": "#0", "cullface": "west"}
			}
		},
		{
			"from": [-0.5, 10, 10],
			"to": [0.5, 11, 12],
			"faces": {
				"north": {"uv": [10, 5, 11, 6], "rotation": 90, "texture": "#0", "cullface": "west"},
				"south": {"uv": [11, 5, 12, 6], "rotation": 270, "texture": "#0", "cullface": "west"},
				"west": {"uv": [10, 5, 12, 6], "texture": "#0", "cullface": "west"},
				"up": {"uv": [10, 5, 12, 6], "rotation": 270, "texture": "#0", "cullface": "west"},
				"down": {"uv": [10, 5, 12, 6], "rotation": 270, "texture": "#0", "cullface": "west"}
			}
		},
		{
			"from": [-0.5, 9, 10],
			"to": [0.5, 10, 12],
			"faces": {
				"north": {"uv": [10, 6, 11, 7], "rotation": 90, "texture": "#0", "cullface": "west"},
				"south": {"uv": [11, 6, 12, 7], "rotation": 270, "texture": "#0", "cullface": "west"},
				"west": {"uv": [10, 6, 12, 7], "texture": "#0", "cullface": "west"},
				"up": {"uv": [10, 6, 12, 7], "rotation": 270, "texture": "#0", "cullface": "west"},
				"down": {"uv": [10, 6, 12, 7], "rotation": 270, "texture": "#0", "cullface": "west"}
			}
		},
		{
			"from": [-0.5, 9, 3],
			"to": [0.5, 10, 8],
			"faces": {
				"north": {"uv": [3, 6, 4, 7], "rotation": 90, "texture": "#0", "cullface": "west"},
				"south": {"uv": [7, 6, 8, 7], "rotation": 270, "texture": "#0", "cullface": "west"},
				"west": {"uv": [3, 6, 8, 7], "texture": "#0", "cullface": "west"},
				"up": {"uv": [3, 6, 8, 7], "rotation": 270, "texture": "#0", "cullface": "west"},
				"down": {"uv": [3, 6, 8, 7], "rotation": 270, "texture": "#0", "cullface": "west"}
			}
		},
		{
			"from": [-0.5, 8, 1],
			"to": [0.5, 9, 3],
			"faces": {
				"north": {"uv": [1, 7, 2, 8], "rotation": 90, "texture": "#0", "cullface": "west"},
				"south": {"uv": [2, 7, 3, 8], "rotation": 270, "texture": "#0", "cullface": "west"},
				"west": {"uv": [1, 7, 3, 8], "texture": "#0", "cullface": "west"},
				"up": {"uv": [1, 7, 3, 8], "rotation": 270, "texture": "#0", "cullface": "west"},
				"down": {"uv": [1, 7, 3, 8], "rotation": 270, "texture": "#0", "cullface": "west"}
			}
		},
		{
			"from": [-0.5, 7, 1],
			"to": [0.5, 8, 3],
			"faces": {
				"north": {"uv": [1, 8, 2, 9], "rotation": 90, "texture": "#0", "cullface": "west"},
				"south": {"uv": [2, 8, 3, 9], "rotation": 270, "texture": "#0", "cullface": "west"},
				"west": {"uv": [1, 8, 3, 9], "texture": "#0", "cullface": "west"},
				"up": {"uv": [1, 8, 3, 9], "rotation": 270, "texture": "#0", "cullface": "west"},
				"down": {"uv": [1, 8, 3, 9], "rotation": 270, "texture": "#0", "cullface": "west"}
			}
		},
		{
			"from": [-0.5, 7, 7],
			"to": [0.5, 8, 8],
			"faces": {
				"north": {"uv": [7, 8, 8, 9], "rotation": 90, "texture": "#0", "cullface": "west"},
				"south": {"uv": [7, 8, 8, 9], "rotation": 270, "texture": "#0", "cullface": "west"},
				"west": {"uv": [7, 8, 8, 9], "texture": "#0", "cullface": "west"},
				"up": {"uv": [7, 8, 8, 9], "rotation": 270, "texture": "#0", "cullface": "west"},
				"down": {"uv": [7, 8, 8, 9], "rotation": 270, "texture": "#0", "cullface": "west"}
			}
		},
		{
			"from": [-0.5, 7, 9],
			"to": [0.5, 8, 12],
			"faces": {
				"north": {"uv": [9, 8, 10, 9], "rotation": 90, "texture": "#0", "cullface": "west"},
				"south": {"uv": [11, 8, 12, 9], "rotation": 270, "texture": "#0", "cullface": "west"},
				"west": {"uv": [9, 8, 12, 9], "texture": "#0", "cullface": "west"},
				"up": {"uv": [9, 8, 12, 9], "rotation": 270, "texture": "#0", "cullface": "west"},
				"down": {"uv": [9, 8, 12, 9], "rotation": 270, "texture": "#0", "cullface": "west"}
			}
		},
		{
			"from": [-0.5, 6, 7],
			"to": [0.5, 7, 12],
			"faces": {
				"north": {"uv": [7, 9, 8, 10], "rotation": 90, "texture": "#0", "cullface": "west"},
				"south": {"uv": [11, 9, 12, 10], "rotation": 270, "texture": "#0", "cullface": "west"},
				"west": {"uv": [7, 9, 12, 10], "texture": "#0", "cullface": "west"},
				"up": {"uv": [7, 9, 12, 10], "rotation": 270, "texture": "#0", "cullface": "west"},
				"down": {"uv": [7, 9, 12, 10], "rotation": 270, "texture": "#0", "cullface": "west"}
			}
		},
		{
			"from": [-0.5, 5, 8],
			"to": [0.5, 6, 11],
			"faces": {
				"north": {"uv": [8, 10, 9, 11], "rotation": 90, "texture": "#0", "cullface": "west"},
				"south": {"uv": [10, 10, 11, 11], "rotation": 270, "texture": "#0", "cullface": "west"},
				"west": {"uv": [8, 10, 11, 11], "texture": "#0", "cullface": "west"},
				"up": {"uv": [8, 10, 11, 11], "rotation": 270, "texture": "#0", "cullface": "west"},
				"down": {"uv": [8, 10, 11, 11], "rotation": 270, "texture": "#0", "cullface": "west"}
			}
		},
		{
			"from": [-0.5, 6, 13],
			"to": [0.5, 7, 15],
			"faces": {
				"north": {"uv": [13, 9, 14, 10], "rotation": 90, "texture": "#0", "cullface": "west"},
				"south": {"uv": [14, 9, 15, 10], "rotation": 270, "texture": "#0", "cullface": "west"},
				"west": {"uv": [13, 9, 15, 10], "texture": "#0", "cullface": "west"},
				"up": {"uv": [13, 9, 15, 10], "rotation": 270, "texture": "#0", "cullface": "west"},
				"down": {"uv": [13, 9, 15, 10], "rotation": 270, "texture": "#0", "cullface": "west"}
			}
		},
		{
			"from": [-0.5, 5, 13],
			"to": [0.5, 6, 15],
			"faces": {
				"north": {"uv": [13, 10, 14, 11], "rotation": 90, "texture": "#0", "cullface": "west"},
				"south": {"uv": [14, 10, 15, 11], "rotation": 270, "texture": "#0", "cullface": "west"},
				"west": {"uv": [13, 10, 15, 11], "texture": "#0", "cullface": "west"},
				"up": {"uv": [13, 10, 15, 11], "rotation": 270, "texture": "#0", "cullface": "west"},
				"down": {"uv": [13, 10, 15, 11], "rotation": 270, "texture": "#0", "cullface": "west"}
			}
		},
		{
			"from": [-0.5, 4, 13],
			"to": [0.5, 5, 15],
			"faces": {
				"north": {"uv": [13, 11, 14, 12], "rotation": 90, "texture": "#0", "cullface": "west"},
				"south": {"uv": [14, 11, 15, 12], "rotation": 270, "texture": "#0", "cullface": "west"},
				"west": {"uv": [13, 11, 15, 12], "texture": "#0", "cullface": "west"},
				"up": {"uv": [13, 11, 15, 12], "rotation": 270, "texture": "#0", "cullface": "west"},
				"down": {"uv": [13, 11, 15, 12], "rotation": 270, "texture": "#0", "cullface": "west"}
			}
		},
		{
			"from": [-0.5, 3, 13],
			"to": [0.5, 4, 15],
			"faces": {
				"north": {"uv": [13, 12, 14, 13], "rotation": 90, "texture": "#0", "cullface": "west"},
				"south": {"uv": [14, 12, 15, 13], "rotation": 270, "texture": "#0", "cullface": "west"},
				"west": {"uv": [13, 12, 15, 13], "texture": "#0", "cullface": "west"},
				"up": {"uv": [13, 12, 15, 13], "rotation": 270, "texture": "#0", "cullface": "west"},
				"down": {"uv": [13, 12, 15, 13], "rotation": 270, "texture": "#0", "cullface": "west"}
			}
		},
		{
			"from": [-0.5, 3, 8],
			"to": [0.5, 4, 11],
			"faces": {
				"north": {"uv": [8, 12, 9, 13], "rotation": 90, "texture": "#0", "cullface": "west"},
				"south": {"uv": [10, 12, 11, 13], "rotation": 270, "texture": "#0", "cullface": "west"},
				"west": {"uv": [8, 12, 11, 13], "texture": "#0", "cullface": "west"},
				"up": {"uv": [8, 12, 11, 13], "rotation": 270, "texture": "#0", "cullface": "west"},
				"down": {"uv": [8, 12, 11, 13], "rotation": 270, "texture": "#0", "cullface": "west"}
			}
		},
		{
			"from": [-0.5, 2, 8],
			"to": [0.5, 3, 11],
			"faces": {
				"north": {"uv": [8, 13, 9, 14], "rotation": 90, "texture": "#0", "cullface": "west"},
				"south": {"uv": [10, 13, 11, 14], "rotation": 270, "texture": "#0", "cullface": "west"},
				"west": {"uv": [8, 13, 11, 14], "texture": "#0", "cullface": "west"},
				"up": {"uv": [8, 13, 11, 14], "rotation": 270, "texture": "#0", "cullface": "west"},
				"down": {"uv": [8, 13, 11, 14], "rotation": 270, "texture": "#0", "cullface": "west"}
			}
		},
		{
			"from": [-0.5, 2, 4],
			"to": [0.5, 3, 7],
			"faces": {
				"north": {"uv": [4, 13, 5, 14], "rotation": 90, "texture": "#0", "cullface": "west"},
				"south": {"uv": [6, 13, 7, 14], "rotation": 270, "texture": "#0", "cullface": "west"},
				"west": {"uv": [4, 13, 7, 14], "texture": "#0", "cullface": "west"},
				"up": {"uv": [4, 13, 7, 14], "rotation": 270, "texture": "#0", "cullface": "west"},
				"down": {"uv": [4, 13, 7, 14], "rotation": 270, "texture": "#0", "cullface": "west"}
			}
		},
		{
			"from": [-0.5, 3, 5],
			"to": [0.5, 4, 6],
			"faces": {
				"north": {"uv": [5, 12, 6, 13], "rotation": 90, "texture": "#0", "cullface": "west"},
				"south": {"uv": [5, 12, 6, 13], "rotation": 270, "texture": "#0", "cullface": "west"},
				"west": {"uv": [5, 12, 6, 13], "texture": "#0", "cullface": "west"},
				"up": {"uv": [5, 12, 6, 13], "rotation": 270, "texture": "#0", "cullface": "west"},
				"down": {"uv": [5, 12, 6, 13], "rotation": 270, "texture": "#0", "cullface": "west"}
			}
		},
		{
			"from": [-0.5, 5, 4],
			"to": [0.5, 6, 5],
			"faces": {
				"north": {"uv": [4, 10, 5, 11], "rotation": 90, "texture": "#0", "cullface": "west"},
				"south": {"uv": [4, 10, 5, 11], "rotation": 270, "texture": "#0", "cullface": "west"},
				"west": {"uv": [4, 10, 5, 11], "texture": "#0", "cullface": "west"},
				"up": {"uv": [4, 10, 5, 11], "rotation": 270, "texture": "#0", "cullface": "west"},
				"down": {"uv": [4, 10, 5, 11], "rotation": 270, "texture": "#0", "cullface": "west"}
			}
		},
		{
			"from": [-0.5, 4, 2],
			"to": [0.5, 5, 5],
			"faces": {
				"north": {"uv": [2, 11, 3, 12], "rotation": 90, "texture": "#0", "cullface": "west"},
				"south": {"uv": [4, 11, 5, 12], "rotation": 270, "texture": "#0", "cullface": "west"},
				"west": {"uv": [2, 11, 5, 12], "texture": "#0", "cullface": "west"},
				"up": {"uv": [2, 11, 5, 12], "rotation": 270, "texture": "#0", "cullface": "west"},
				"down": {"uv": [2, 11, 5, 12], "rotation": 270, "texture": "#0", "cullface": "west"}
			}
		},
		{
			"from": [-0.5, 1, 4],
			"to": [0.5, 2, 7],
			"faces": {
				"north": {"uv": [4, 14, 5, 15], "rotation": 90, "texture": "#0", "cullface": "west"},
				"south": {"uv": [6, 14, 7, 15], "rotation": 270, "texture": "#0", "cullface": "west"},
				"west": {"uv": [4, 14, 7, 15], "texture": "#0", "cullface": "west"},
				"up": {"uv": [4, 14, 7, 15], "rotation": 270, "texture": "#0", "cullface": "west"},
				"down": {"uv": [4, 14, 7, 15], "rotation": 270, "texture": "#0", "cullface": "west"}
			}
		},
		{
			"from": [10, 13, -0.5],
			"to": [14, 14, 0.5],
			"faces": {
				"north": {"uv": [2, 2, 6, 3], "texture": "#0", "cullface": "north"},
				"east": {"uv": [2, 2, 3, 3], "rotation": 90, "texture": "#0", "cullface": "north"},
				"west": {"uv": [5, 2, 6, 3], "rotation": 270, "texture": "#0", "cullface": "north"},
				"up": {"uv": [2, 2, 6, 3], "texture": "#0", "cullface": "north"},
				"down": {"uv": [2, 2, 6, 3], "rotation": 180, "texture": "#0", "cullface": "north"}
			}
		},
		{
			"from": [10, 12, -0.5],
			"to": [11, 13, 0.5],
			"faces": {
				"north": {"uv": [5, 3, 6, 4], "texture": "#0", "cullface": "north"},
				"east": {"uv": [5, 3, 6, 4], "rotation": 90, "texture": "#0", "cullface": "north"},
				"west": {"uv": [5, 3, 6, 4], "rotation": 270, "texture": "#0", "cullface": "north"},
				"up": {"uv": [5, 3, 6, 4], "texture": "#0", "cullface": "north"},
				"down": {"uv": [5, 3, 6, 4], "rotation": 180, "texture": "#0", "cullface": "north"}
			}
		},
		{
			"from": [7, 12, -0.5],
			"to": [9, 13, 0.5],
			"faces": {
				"north": {"uv": [7, 3, 9, 4], "texture": "#0", "cullface": "north"},
				"east": {"uv": [7, 3, 8, 4], "rotation": 90, "texture": "#0", "cullface": "north"},
				"west": {"uv": [8, 3, 9, 4], "rotation": 270, "texture": "#0", "cullface": "north"},
				"up": {"uv": [7, 3, 9, 4], "texture": "#0", "cullface": "north"},
				"down": {"uv": [7, 3, 9, 4], "rotation": 180, "texture": "#0", "cullface": "north"}
			}
		},
		{
			"from": [2, 13, -0.5],
			"to": [4, 14, 0.5],
			"faces": {
				"north": {"uv": [12, 2, 14, 3], "texture": "#0", "cullface": "north"},
				"east": {"uv": [12, 2, 13, 3], "rotation": 90, "texture": "#0", "cullface": "north"},
				"west": {"uv": [13, 2, 14, 3], "rotation": 270, "texture": "#0", "cullface": "north"},
				"up": {"uv": [12, 2, 14, 3], "texture": "#0", "cullface": "north"},
				"down": {"uv": [12, 2, 14, 3], "rotation": 180, "texture": "#0", "cullface": "north"}
			}
		},
		{
			"from": [9, 10, -0.5],
			"to": [11, 11, 0.5],
			"faces": {
				"north": {"uv": [5, 5, 7, 6], "texture": "#0", "cullface": "north"},
				"east": {"uv": [5, 5, 6, 6], "rotation": 90, "texture": "#0", "cullface": "north"},
				"west": {"uv": [6, 5, 7, 6], "rotation": 270, "texture": "#0", "cullface": "north"},
				"up": {"uv": [5, 5, 7, 6], "texture": "#0", "cullface": "north"},
				"down": {"uv": [5, 5, 7, 6], "rotation": 180, "texture": "#0", "cullface": "north"}
			}
		},
		{
			"from": [4, 10, -0.5],
			"to": [6, 11, 0.5],
			"faces": {
				"north": {"uv": [10, 5, 12, 6], "texture": "#0", "cullface": "north"},
				"east": {"uv": [10, 5, 11, 6], "rotation": 90, "texture": "#0", "cullface": "north"},
				"west": {"uv": [11, 5, 12, 6], "rotation": 270, "texture": "#0", "cullface": "north"},
				"up": {"uv": [10, 5, 12, 6], "texture": "#0", "cullface": "north"},
				"down": {"uv": [10, 5, 12, 6], "rotation": 180, "texture": "#0", "cullface": "north"}
			}
		},
		{
			"from": [4, 9, -0.5],
			"to": [6, 10, 0.5],
			"faces": {
				"north": {"uv": [10, 6, 12, 7], "texture": "#0", "cullface": "north"},
				"east": {"uv": [10, 6, 11, 7], "rotation": 90, "texture": "#0", "cullface": "north"},
				"west": {"uv": [11, 6, 12, 7], "rotation": 270, "texture": "#0", "cullface": "north"},
				"up": {"uv": [10, 6, 12, 7], "texture": "#0", "cullface": "north"},
				"down": {"uv": [10, 6, 12, 7], "rotation": 180, "texture": "#0", "cullface": "north"}
			}
		},
		{
			"from": [8, 9, -0.5],
			"to": [13, 10, 0.5],
			"faces": {
				"north": {"uv": [3, 6, 8, 7], "texture": "#0", "cullface": "north"},
				"east": {"uv": [3, 6, 4, 7], "rotation": 90, "texture": "#0", "cullface": "north"},
				"west": {"uv": [7, 6, 8, 7], "rotation": 270, "texture": "#0", "cullface": "north"},
				"up": {"uv": [3, 6, 8, 7], "texture": "#0", "cullface": "north"},
				"down": {"uv": [3, 6, 8, 7], "rotation": 180, "texture": "#0", "cullface": "north"}
			}
		},
		{
			"from": [13, 8, -0.5],
			"to": [15, 9, 0.5],
			"faces": {
				"north": {"uv": [1, 7, 3, 8], "texture": "#0", "cullface": "north"},
				"east": {"uv": [1, 7, 2, 8], "rotation": 90, "texture": "#0", "cullface": "north"},
				"west": {"uv": [2, 7, 3, 8], "rotation": 270, "texture": "#0", "cullface": "north"},
				"up": {"uv": [1, 7, 3, 8], "texture": "#0", "cullface": "north"},
				"down": {"uv": [1, 7, 3, 8], "rotation": 180, "texture": "#0", "cullface": "north"}
			}
		},
		{
			"from": [13, 7, -0.5],
			"to": [15, 8, 0.5],
			"faces": {
				"north": {"uv": [1, 8, 3, 9], "texture": "#0", "cullface": "north"},
				"east": {"uv": [1, 8, 2, 9], "rotation": 90, "texture": "#0", "cullface": "north"},
				"west": {"uv": [2, 8, 3, 9], "rotation": 270, "texture": "#0", "cullface": "north"},
				"up": {"uv": [1, 8, 3, 9], "texture": "#0", "cullface": "north"},
				"down": {"uv": [1, 8, 3, 9], "rotation": 180, "texture": "#0", "cullface": "north"}
			}
		},
		{
			"from": [8, 7, -0.5],
			"to": [9, 8, 0.5],
			"faces": {
				"north": {"uv": [7, 8, 8, 9], "texture": "#0", "cullface": "north"},
				"east": {"uv": [7, 8, 8, 9], "rotation": 90, "texture": "#0", "cullface": "north"},
				"west": {"uv": [7, 8, 8, 9], "rotation": 270, "texture": "#0", "cullface": "north"},
				"up": {"uv": [7, 8, 8, 9], "texture": "#0", "cullface": "north"},
				"down": {"uv": [7, 8, 8, 9], "rotation": 180, "texture": "#0", "cullface": "north"}
			}
		},
		{
			"from": [4, 7, -0.5],
			"to": [7, 8, 0.5],
			"faces": {
				"north": {"uv": [9, 8, 12, 9], "texture": "#0", "cullface": "north"},
				"east": {"uv": [9, 8, 10, 9], "rotation": 90, "texture": "#0", "cullface": "north"},
				"west": {"uv": [11, 8, 12, 9], "rotation": 270, "texture": "#0", "cullface": "north"},
				"up": {"uv": [9, 8, 12, 9], "texture": "#0", "cullface": "north"},
				"down": {"uv": [9, 8, 12, 9], "rotation": 180, "texture": "#0", "cullface": "north"}
			}
		},
		{
			"from": [4, 6, -0.5],
			"to": [9, 7, 0.5],
			"faces": {
				"north": {"uv": [7, 9, 12, 10], "texture": "#0", "cullface": "north"},
				"east": {"uv": [7, 9, 8, 10], "rotation": 90, "texture": "#0", "cullface": "north"},
				"west": {"uv": [11, 9, 12, 10], "rotation": 270, "texture": "#0", "cullface": "north"},
				"up": {"uv": [7, 9, 12, 10], "texture": "#0", "cullface": "north"},
				"down": {"uv": [7, 9, 12, 10], "rotation": 180, "texture": "#0", "cullface": "north"}
			}
		},
		{
			"from": [5, 5, -0.5],
			"to": [8, 6, 0.5],
			"faces": {
				"north": {"uv": [8, 10, 11, 11], "texture": "#0", "cullface": "north"},
				"east": {"uv": [8, 10, 9, 11], "rotation": 90, "texture": "#0", "cullface": "north"},
				"west": {"uv": [10, 10, 11, 11], "rotation": 270, "texture": "#0", "cullface": "north"},
				"up": {"uv": [8, 10, 11, 11], "texture": "#0", "cullface": "north"},
				"down": {"uv": [8, 10, 11, 11], "rotation": 180, "texture": "#0", "cullface": "north"}
			}
		},
		{
			"from": [1, 6, -0.5],
			"to": [3, 7, 0.5],
			"faces": {
				"north": {"uv": [13, 9, 15, 10], "texture": "#0", "cullface": "north"},
				"east": {"uv": [13, 9, 14, 10], "rotation": 90, "texture": "#0", "cullface": "north"},
				"west": {"uv": [14, 9, 15, 10], "rotation": 270, "texture": "#0", "cullface": "north"},
				"up": {"uv": [13, 9, 15, 10], "texture": "#0", "cullface": "north"},
				"down": {"uv": [13, 9, 15, 10], "rotation": 180, "texture": "#0", "cullface": "north"}
			}
		},
		{
			"from": [1, 5, -0.5],
			"to": [3, 6, 0.5],
			"faces": {
				"north": {"uv": [13, 10, 15, 11], "texture": "#0", "cullface": "north"},
				"east": {"uv": [13, 10, 14, 11], "rotation": 90, "texture": "#0", "cullface": "north"},
				"west": {"uv": [14, 10, 15, 11], "rotation": 270, "texture": "#0", "cullface": "north"},
				"up": {"uv": [13, 10, 15, 11], "texture": "#0", "cullface": "north"},
				"down": {"uv": [13, 10, 15, 11], "rotation": 180, "texture": "#0", "cullface": "north"}
			}
		},
		{
			"from": [1, 4, -0.5],
			"to": [3, 5, 0.5],
			"faces": {
				"north": {"uv": [13, 11, 15, 12], "texture": "#0", "cullface": "north"},
				"east": {"uv": [13, 11, 14, 12], "rotation": 90, "texture": "#0", "cullface": "north"},
				"west": {"uv": [14, 11, 15, 12], "rotation": 270, "texture": "#0", "cullface": "north"},
				"up": {"uv": [13, 11, 15, 12], "texture": "#0", "cullface": "north"},
				"down": {"uv": [13, 11, 15, 12], "rotation": 180, "texture": "#0", "cullface": "north"}
			}
		},
		{
			"from": [1, 3, -0.5],
			"to": [3, 4, 0.5],
			"faces": {
				"north": {"uv": [13, 12, 15, 13], "texture": "#0", "cullface": "north"},
				"east": {"uv": [13, 12, 14, 13], "rotation": 90, "texture": "#0", "cullface": "north"},
				"west": {"uv": [14, 12, 15, 13], "rotation": 270, "texture": "#0", "cullface": "north"},
				"up": {"uv": [13, 12, 15, 13], "texture": "#0", "cullface": "north"},
				"down": {"uv": [13, 12, 15, 13], "rotation": 180, "texture": "#0", "cullface": "north"}
			}
		},
		{
			"from": [5, 3, -0.5],
			"to": [8, 4, 0.5],
			"faces": {
				"north": {"uv": [8, 12, 11, 13], "texture": "#0", "cullface": "north"},
				"east": {"uv": [8, 12, 9, 13], "rotation": 90, "texture": "#0", "cullface": "north"},
				"west": {"uv": [10, 12, 11, 13], "rotation": 270, "texture": "#0", "cullface": "north"},
				"up": {"uv": [8, 12, 11, 13], "texture": "#0", "cullface": "north"},
				"down": {"uv": [8, 12, 11, 13], "rotation": 180, "texture": "#0", "cullface": "north"}
			}
		},
		{
			"from": [5, 2, -0.5],
			"to": [8, 3, 0.5],
			"faces": {
				"north": {"uv": [8, 13, 11, 14], "texture": "#0", "cullface": "north"},
				"east": {"uv": [8, 13, 9, 14], "rotation": 90, "texture": "#0", "cullface": "north"},
				"west": {"uv": [10, 13, 11, 14], "rotation": 270, "texture": "#0", "cullface": "north"},
				"up": {"uv": [8, 13, 11, 14], "texture": "#0", "cullface": "north"},
				"down": {"uv": [8, 13, 11, 14], "rotation": 180, "texture": "#0", "cullface": "north"}
			}
		},
		{
			"from": [9, 2, -0.5],
			"to": [12, 3, 0.5],
			"faces": {
				"north": {"uv": [4, 13, 7, 14], "texture": "#0", "cullface": "north"},
				"east": {"uv": [4, 13, 5, 14], "rotation": 90, "texture": "#0", "cullface": "north"},
				"west": {"uv": [6, 13, 7, 14], "rotation": 270, "texture": "#0", "cullface": "north"},
				"up": {"uv": [4, 13, 7, 14], "texture": "#0", "cullface": "north"},
				"down": {"uv": [4, 13, 7, 14], "rotation": 180, "texture": "#0", "cullface": "north"}
			}
		},
		{
			"from": [10, 3, -0.5],
			"to": [11, 4, 0.5],
			"faces": {
				"north": {"uv": [5, 12, 6, 13], "texture": "#0", "cullface": "north"},
				"east": {"uv": [5, 12, 6, 13], "rotation": 90, "texture": "#0", "cullface": "north"},
				"west": {"uv": [5, 12, 6, 13], "rotation": 270, "texture": "#0", "cullface": "north"},
				"up": {"uv": [5, 12, 6, 13], "texture": "#0", "cullface": "north"},
				"down": {"uv": [5, 12, 6, 13], "rotation": 180, "texture": "#0", "cullface": "north"}
			}
		},
		{
			"from": [11, 5, -0.5],
			"to": [12, 6, 0.5],
			"faces": {
				"north": {"uv": [4, 10, 5, 11], "texture": "#0", "cullface": "north"},
				"east": {"uv": [4, 10, 5, 11], "rotation": 90, "texture": "#0", "cullface": "north"},
				"west": {"uv": [4, 10, 5, 11], "rotation": 270, "texture": "#0", "cullface": "north"},
				"up": {"uv": [4, 10, 5, 11], "texture": "#0", "cullface": "north"},
				"down": {"uv": [4, 10, 5, 11], "rotation": 180, "texture": "#0", "cullface": "north"}
			}
		},
		{
			"from": [11, 4, -0.5],
			"to": [14, 5, 0.5],
			"faces": {
				"north": {"uv": [2, 11, 5, 12], "texture": "#0", "cullface": "north"},
				"east": {"uv": [2, 11, 3, 12], "rotation": 90, "texture": "#0", "cullface": "north"},
				"west": {"uv": [4, 11, 5, 12], "rotation": 270, "texture": "#0", "cullface": "north"},
				"up": {"uv": [2, 11, 5, 12], "texture": "#0", "cullface": "north"},
				"down": {"uv": [2, 11, 5, 12], "rotation": 180, "texture": "#0", "cullface": "north"}
			}
		},
		{
			"from": [9, 1, -0.5],
			"to": [12, 2, 0.5],
			"faces": {
				"north": {"uv": [4, 14, 7, 15], "texture": "#0", "cullface": "north"},
				"east": {"uv": [4, 14, 5, 15], "rotation": 90, "texture": "#0", "cullface": "north"},
				"west": {"uv": [6, 14, 7, 15], "rotation": 270, "texture": "#0", "cullface": "north"},
				"up": {"uv": [4, 14, 7, 15], "texture": "#0", "cullface": "north"},
				"down": {"uv": [4, 14, 7, 15], "rotation": 180, "texture": "#0", "cullface": "north"}
			}
		},
		{
			"from": [15.5, 13, 10],
			"to": [16.5, 14, 14],
			"faces": {
				"north": {"uv": [5, 2, 6, 3], "rotation": 270, "texture": "#0", "cullface": "east"},
				"east": {"uv": [2, 2, 6, 3], "texture": "#0", "cullface": "east"},
				"south": {"uv": [2, 2, 3, 3], "rotation": 90, "texture": "#0", "cullface": "east"},
				"up": {"uv": [2, 2, 6, 3], "rotation": 90, "texture": "#0", "cullface": "east"},
				"down": {"uv": [2, 2, 6, 3], "rotation": 90, "texture": "#0", "cullface": "east"}
			}
		},
		{
			"from": [15.5, 12, 10],
			"to": [16.5, 13, 11],
			"faces": {
				"north": {"uv": [5, 3, 6, 4], "rotation": 270, "texture": "#0", "cullface": "east"},
				"east": {"uv": [5, 3, 6, 4], "texture": "#0", "cullface": "east"},
				"south": {"uv": [5, 3, 6, 4], "rotation": 90, "texture": "#0", "cullface": "east"},
				"up": {"uv": [5, 3, 6, 4], "rotation": 90, "texture": "#0", "cullface": "east"},
				"down": {"uv": [5, 3, 6, 4], "rotation": 90, "texture": "#0", "cullface": "east"}
			}
		},
		{
			"from": [15.5, 12, 7],
			"to": [16.5, 13, 9],
			"faces": {
				"north": {"uv": [8, 3, 9, 4], "rotation": 270, "texture": "#0", "cullface": "east"},
				"east": {"uv": [7, 3, 9, 4], "texture": "#0", "cullface": "east"},
				"south": {"uv": [7, 3, 8, 4], "rotation": 90, "texture": "#0", "cullface": "east"},
				"up": {"uv": [7, 3, 9, 4], "rotation": 90, "texture": "#0", "cullface": "east"},
				"down": {"uv": [7, 3, 9, 4], "rotation": 90, "texture": "#0", "cullface": "east"}
			}
		},
		{
			"from": [15.5, 13, 2],
			"to": [16.5, 14, 4],
			"faces": {
				"north": {"uv": [13, 2, 14, 3], "rotation": 270, "texture": "#0", "cullface": "east"},
				"east": {"uv": [12, 2, 14, 3], "texture": "#0", "cullface": "east"},
				"south": {"uv": [12, 2, 13, 3], "rotation": 90, "texture": "#0", "cullface": "east"},
				"up": {"uv": [12, 2, 14, 3], "rotation": 90, "texture": "#0", "cullface": "east"},
				"down": {"uv": [12, 2, 14, 3], "rotation": 90, "texture": "#0", "cullface": "east"}
			}
		},
		{
			"from": [15.5, 10, 9],
			"to": [16.5, 11, 11],
			"faces": {
				"north": {"uv": [6, 5, 7, 6], "rotation": 270, "texture": "#0", "cullface": "east"},
				"east": {"uv": [5, 5, 7, 6], "texture": "#0", "cullface": "east"},
				"south": {"uv": [5, 5, 6, 6], "rotation": 90, "texture": "#0", "cullface": "east"},
				"up": {"uv": [5, 5, 7, 6], "rotation": 90, "texture": "#0", "cullface": "east"},
				"down": {"uv": [5, 5, 7, 6], "rotation": 90, "texture": "#0", "cullface": "east"}
			}
		},
		{
			"from": [15.5, 10, 4],
			"to": [16.5, 11, 6],
			"faces": {
				"north": {"uv": [11, 5, 12, 6], "rotation": 270, "texture": "#0", "cullface": "east"},
				"east": {"uv": [10, 5, 12, 6], "texture": "#0", "cullface": "east"},
				"south": {"uv": [10, 5, 11, 6], "rotation": 90, "texture": "#0", "cullface": "east"},
				"up": {"uv": [10, 5, 12, 6], "rotation": 90, "texture": "#0", "cullface": "east"},
				"down": {"uv": [10, 5, 12, 6], "rotation": 90, "texture": "#0", "cullface": "east"}
			}
		},
		{
			"from": [15.5, 9, 4],
			"to": [16.5, 10, 6],
			"faces": {
				"north": {"uv": [11, 6, 12, 7], "rotation": 270, "texture": "#0", "cullface": "east"},
				"east": {"uv": [10, 6, 12, 7], "texture": "#0", "cullface": "east"},
				"south": {"uv": [10, 6, 11, 7], "rotation": 90, "texture": "#0", "cullface": "east"},
				"up": {"uv": [10, 6, 12, 7], "rotation": 90, "texture": "#0", "cullface": "east"},
				"down": {"uv": [10, 6, 12, 7], "rotation": 90, "texture": "#0", "cullface": "east"}
			}
		},
		{
			"from": [15.5, 9, 8],
			"to": [16.5, 10, 13],
			"faces": {
				"north": {"uv": [7, 6, 8, 7], "rotation": 270, "texture": "#0", "cullface": "east"},
				"east": {"uv": [3, 6, 8, 7], "texture": "#0", "cullface": "east"},
				"south": {"uv": [3, 6, 4, 7], "rotation": 90, "texture": "#0", "cullface": "east"},
				"up": {"uv": [3, 6, 8, 7], "rotation": 90, "texture": "#0", "cullface": "east"},
				"down": {"uv": [3, 6, 8, 7], "rotation": 90, "texture": "#0", "cullface": "east"}
			}
		},
		{
			"from": [15.5, 8, 13],
			"to": [16.5, 9, 15],
			"faces": {
				"north": {"uv": [2, 7, 3, 8], "rotation": 270, "texture": "#0", "cullface": "east"},
				"east": {"uv": [1, 7, 3, 8], "texture": "#0", "cullface": "east"},
				"south": {"uv": [1, 7, 2, 8], "rotation": 90, "texture": "#0", "cullface": "east"},
				"up": {"uv": [1, 7, 3, 8], "rotation": 90, "texture": "#0", "cullface": "east"},
				"down": {"uv": [1, 7, 3, 8], "rotation": 90, "texture": "#0", "cullface": "east"}
			}
		},
		{
			"from": [15.5, 7, 13],
			"to": [16.5, 8, 15],
			"faces": {
				"north": {"uv": [2, 8, 3, 9], "rotation": 270, "texture": "#0", "cullface": "east"},
				"east": {"uv": [1, 8, 3, 9], "texture": "#0", "cullface": "east"},
				"south": {"uv": [1, 8, 2, 9], "rotation": 90, "texture": "#0", "cullface": "east"},
				"up": {"uv": [1, 8, 3, 9], "rotation": 90, "texture": "#0", "cullface": "east"},
				"down": {"uv": [1, 8, 3, 9], "rotation": 90, "texture": "#0", "cullface": "east"}
			}
		},
		{
			"from": [15.5, 7, 8],
			"to": [16.5, 8, 9],
			"faces": {
				"north": {"uv": [7, 8, 8, 9], "rotation": 270, "texture": "#0", "cullface": "east"},
				"east": {"uv": [7, 8, 8, 9], "texture": "#0", "cullface": "east"},
				"south": {"uv": [7, 8, 8, 9], "rotation": 90, "texture": "#0", "cullface": "east"},
				"up": {"uv": [7, 8, 8, 9], "rotation": 90, "texture": "#0", "cullface": "east"},
				"down": {"uv": [7, 8, 8, 9], "rotation": 90, "texture": "#0", "cullface": "east"}
			}
		},
		{
			"from": [15.5, 7, 4],
			"to": [16.5, 8, 7],
			"faces": {
				"north": {"uv": [11, 8, 12, 9], "rotation": 270, "texture": "#0", "cullface": "east"},
				"east": {"uv": [9, 8, 12, 9], "texture": "#0", "cullface": "east"},
				"south": {"uv": [9, 8, 10, 9], "rotation": 90, "texture": "#0", "cullface": "east"},
				"up": {"uv": [9, 8, 12, 9], "rotation": 90, "texture": "#0", "cullface": "east"},
				"down": {"uv": [9, 8, 12, 9], "rotation": 90, "texture": "#0", "cullface": "east"}
			}
		},
		{
			"from": [15.5, 6, 4],
			"to": [16.5, 7, 9],
			"faces": {
				"north": {"uv": [11, 9, 12, 10], "rotation": 270, "texture": "#0", "cullface": "east"},
				"east": {"uv": [7, 9, 12, 10], "texture": "#0", "cullface": "east"},
				"south": {"uv": [7, 9, 8, 10], "rotation": 90, "texture": "#0", "cullface": "east"},
				"up": {"uv": [7, 9, 12, 10], "rotation": 90, "texture": "#0", "cullface": "east"},
				"down": {"uv": [7, 9, 12, 10], "rotation": 90, "texture": "#0", "cullface": "east"}
			}
		},
		{
			"from": [15.5, 5, 5],
			"to": [16.5, 6, 8],
			"faces": {
				"north": {"uv": [10, 10, 11, 11], "rotation": 270, "texture": "#0", "cullface": "east"},
				"east": {"uv": [8, 10, 11, 11], "texture": "#0", "cullface": "east"},
				"south": {"uv": [8, 10, 9, 11], "rotation": 90, "texture": "#0", "cullface": "east"},
				"up": {"uv": [8, 10, 11, 11], "rotation": 90, "texture": "#0", "cullface": "east"},
				"down": {"uv": [8, 10, 11, 11], "rotation": 90, "texture": "#0", "cullface": "east"}
			}
		},
		{
			"from": [15.5, 6, 1],
			"to": [16.5, 7, 3],
			"faces": {
				"north": {"uv": [14, 9, 15, 10], "rotation": 270, "texture": "#0", "cullface": "east"},
				"east": {"uv": [13, 9, 15, 10], "texture": "#0", "cullface": "east"},
				"south": {"uv": [13, 9, 14, 10], "rotation": 90, "texture": "#0", "cullface": "east"},
				"up": {"uv": [13, 9, 15, 10], "rotation": 90, "texture": "#0", "cullface": "east"},
				"down": {"uv": [13, 9, 15, 10], "rotation": 90, "texture": "#0", "cullface": "east"}
			}
		},
		{
			"from": [15.5, 5, 1],
			"to": [16.5, 6, 3],
			"faces": {
				"north": {"uv": [14, 10, 15, 11], "rotation": 270, "texture": "#0", "cullface": "east"},
				"east": {"uv": [13, 10, 15, 11], "texture": "#0", "cullface": "east"},
				"south": {"uv": [13, 10, 14, 11], "rotation": 90, "texture": "#0", "cullface": "east"},
				"up": {"uv": [13, 10, 15, 11], "rotation": 90, "texture": "#0", "cullface": "east"},
				"down": {"uv": [13, 10, 15, 11], "rotation": 90, "texture": "#0", "cullface": "east"}
			}
		},
		{
			"from": [15.5, 4, 1],
			"to": [16.5, 5, 3],
			"faces": {
				"north": {"uv": [14, 11, 15, 12], "rotation": 270, "texture": "#0", "cullface": "east"},
				"east": {"uv": [13, 11, 15, 12], "texture": "#0", "cullface": "east"},
				"south": {"uv": [13, 11, 14, 12], "rotation": 90, "texture": "#0", "cullface": "east"},
				"up": {"uv": [13, 11, 15, 12], "rotation": 90, "texture": "#0", "cullface": "east"},
				"down": {"uv": [13, 11, 15, 12], "rotation": 90, "texture": "#0", "cullface": "east"}
			}
		},
		{
			"from": [15.5, 3, 1],
			"to": [16.5, 4, 3],
			"faces": {
				"north": {"uv": [14, 12, 15, 13], "rotation": 270, "texture": "#0", "cullface": "east"},
				"east": {"uv": [13, 12, 15, 13], "texture": "#0", "cullface": "east"},
				"south": {"uv": [13, 12, 14, 13], "rotation": 90, "texture": "#0", "cullface": "east"},
				"up": {"uv": [13, 12, 15, 13], "rotation": 90, "texture": "#0", "cullface": "east"},
				"down": {"uv": [13, 12, 15, 13], "rotation": 90, "texture": "#0", "cullface": "east"}
			}
		},
		{
			"from": [15.5, 3, 5],
			"to": [16.5, 4, 8],
			"faces": {
				"north": {"uv": [10, 12, 11, 13], "rotation": 270, "texture": "#0", "cullface": "east"},
				"east": {"uv": [8, 12, 11, 13], "texture": "#0", "cullface": "east"},
				"south": {"uv": [8, 12, 9, 13], "rotation": 90, "texture": "#0", "cullface": "east"},
				"up": {"uv": [8, 12, 11, 13], "rotation": 90, "texture": "#0", "cullface": "east"},
				"down": {"uv": [8, 12, 11, 13], "rotation": 90, "texture": "#0", "cullface": "east"}
			}
		},
		{
			"from": [15.5, 2, 5],
			"to": [16.5, 3, 8],
			"faces": {
				"north": {"uv": [10, 13, 11, 14], "rotation": 270, "texture": "#0", "cullface": "east"},
				"east": {"uv": [8, 13, 11, 14], "texture": "#0", "cullface": "east"},
				"south": {"uv": [8, 13, 9, 14], "rotation": 90, "texture": "#0", "cullface": "east"},
				"up": {"uv": [8, 13, 11, 14], "rotation": 90, "texture": "#0", "cullface": "east"},
				"down": {"uv": [8, 13, 11, 14], "rotation": 90, "texture": "#0", "cullface": "east"}
			}
		},
		{
			"from": [15.5, 2, 9],
			"to": [16.5, 3, 12],
			"faces": {
				"north": {"uv": [6, 13, 7, 14], "rotation": 270, "texture": "#0", "cullface": "east"},
				"east": {"uv": [4, 13, 7, 14], "texture": "#0", "cullface": "east"},
				"south": {"uv": [4, 13, 5, 14], "rotation": 90, "texture": "#0", "cullface": "east"},
				"up": {"uv": [4, 13, 7, 14], "rotation": 90, "texture": "#0", "cullface": "east"},
				"down": {"uv": [4, 13, 7, 14], "rotation": 90, "texture": "#0", "cullface": "east"}
			}
		},
		{
			"from": [15.5, 3, 10],
			"to": [16.5, 4, 11],
			"faces": {
				"north": {"uv": [5, 12, 6, 13], "rotation": 270, "texture": "#0", "cullface": "east"},
				"east": {"uv": [5, 12, 6, 13], "texture": "#0", "cullface": "east"},
				"south": {"uv": [5, 12, 6, 13], "rotation": 90, "texture": "#0", "cullface": "east"},
				"up": {"uv": [5, 12, 6, 13], "rotation": 90, "texture": "#0", "cullface": "east"},
				"down": {"uv": [5, 12, 6, 13], "rotation": 90, "texture": "#0", "cullface": "east"}
			}
		},
		{
			"from": [15.5, 5, 11],
			"to": [16.5, 6, 12],
			"faces": {
				"north": {"uv": [4, 10, 5, 11], "rotation": 270, "texture": "#0", "cullface": "east"},
				"east": {"uv": [4, 10, 5, 11], "texture": "#0", "cullface": "east"},
				"south": {"uv": [4, 10, 5, 11], "rotation": 90, "texture": "#0", "cullface": "east"},
				"up": {"uv": [4, 10, 5, 11], "rotation": 90, "texture": "#0", "cullface": "east"},
				"down": {"uv": [4, 10, 5, 11], "rotation": 90, "texture": "#0", "cullface": "east"}
			}
		},
		{
			"from": [15.5, 4, 11],
			"to": [16.5, 5, 14],
			"faces": {
				"north": {"uv": [4, 11, 5, 12], "rotation": 270, "texture": "#0", "cullface": "east"},
				"east": {"uv": [2, 11, 5, 12], "texture": "#0", "cullface": "east"},
				"south": {"uv": [2, 11, 3, 12], "rotation": 90, "texture": "#0", "cullface": "east"},
				"up": {"uv": [2, 11, 5, 12], "rotation": 90, "texture": "#0", "cullface": "east"},
				"down": {"uv": [2, 11, 5, 12], "rotation": 90, "texture": "#0", "cullface": "east"}
			}
		},
		{
			"from": [15.5, 1, 9],
			"to": [16.5, 2, 12],
			"faces": {
				"north": {"uv": [6, 14, 7, 15], "rotation": 270, "texture": "#0", "cullface": "east"},
				"east": {"uv": [4, 14, 7, 15], "texture": "#0", "cullface": "east"},
				"south": {"uv": [4, 14, 5, 15], "rotation": 90, "texture": "#0", "cullface": "east"},
				"up": {"uv": [4, 14, 7, 15], "rotation": 90, "texture": "#0", "cullface": "east"},
				"down": {"uv": [4, 14, 7, 15], "rotation": 90, "texture": "#0", "cullface": "east"}
			}
		},
		{
			"from": [2, -0.5, 13],
			"to": [6, 0.5, 14],
			"faces": {
				"north": {"uv": [2, 2, 6, 3], "rotation": 180, "texture": "#0", "cullface": "down"},
				"east": {"uv": [5, 2, 6, 3], "rotation": 180, "texture": "#0", "cullface": "down"},
				"south": {"uv": [2, 2, 6, 3], "rotation": 180, "texture": "#0", "cullface": "down"},
				"west": {"uv": [2, 2, 3, 3], "rotation": 180, "texture": "#0", "cullface": "down"},
				"down": {"uv": [2, 2, 6, 3], "texture": "#0", "cullface": "down"}
			}
		},
		{
			"from": [5, -0.5, 12],
			"to": [6, 0.5, 13],
			"faces": {
				"north": {"uv": [5, 3, 6, 4], "rotation": 180, "texture": "#0", "cullface": "down"},
				"east": {"uv": [5, 3, 6, 4], "rotation": 180, "texture": "#0", "cullface": "down"},
				"south": {"uv": [5, 3, 6, 4], "rotation": 180, "texture": "#0", "cullface": "down"},
				"west": {"uv": [5, 3, 6, 4], "rotation": 180, "texture": "#0", "cullface": "down"},
				"down": {"uv": [5, 3, 6, 4], "texture": "#0", "cullface": "down"}
			}
		},
		{
			"from": [7, -0.5, 12],
			"to": [9, 0.5, 13],
			"faces": {
				"north": {"uv": [7, 3, 9, 4], "rotation": 180, "texture": "#0", "cullface": "down"},
				"east": {"uv": [8, 3, 9, 4], "rotation": 180, "texture": "#0", "cullface": "down"},
				"south": {"uv": [7, 3, 9, 4], "rotation": 180, "texture": "#0", "cullface": "down"},
				"west": {"uv": [7, 3, 8, 4], "rotation": 180, "texture": "#0", "cullface": "down"},
				"down": {"uv": [7, 3, 9, 4], "texture": "#0", "cullface": "down"}
			}
		},
		{
			"from": [12, -0.5, 13],
			"to": [14, 0.5, 14],
			"faces": {
				"north": {"uv": [12, 2, 14, 3], "rotation": 180, "texture": "#0", "cullface": "down"},
				"east": {"uv": [13, 2, 14, 3], "rotation": 180, "texture": "#0", "cullface": "down"},
				"south": {"uv": [12, 2, 14, 3], "rotation": 180, "texture": "#0", "cullface": "down"},
				"west": {"uv": [12, 2, 13, 3], "rotation": 180, "texture": "#0", "cullface": "down"},
				"down": {"uv": [12, 2, 14, 3], "texture": "#0", "cullface": "down"}
			}
		},
		{
			"from": [5, -0.5, 10],
			"to": [7, 0.5, 11],
			"faces": {
				"north": {"uv": [5, 5, 7, 6], "rotation": 180, "texture": "#0", "cullface": "down"},
				"east": {"uv": [6, 5, 7, 6], "rotation": 180, "texture": "#0", "cullface": "down"},
				"south": {"uv": [5, 5, 7, 6], "rotation": 180, "texture": "#0", "cullface": "down"},
				"west": {"uv": [5, 5, 6, 6], "rotation": 180, "texture": "#0", "cullface": "down"},
				"down": {"uv": [5, 5, 7, 6], "texture": "#0", "cullface": "down"}
			}
		},
		{
			"from": [10, -0.5, 10],
			"to": [12, 0.5, 11],
			"faces": {
				"north": {"uv": [10, 5, 12, 6], "rotation": 180, "texture": "#0", "cullface": "down"},
				"east": {"uv": [11, 5, 12, 6], "rotation": 180, "texture": "#0", "cullface": "down"},
				"south": {"uv": [10, 5, 12, 6], "rotation": 180, "texture": "#0", "cullface": "down"},
				"west": {"uv": [10, 5, 11, 6], "rotation": 180, "texture": "#0", "cullface": "down"},
				"down": {"uv": [10, 5, 12, 6], "texture": "#0", "cullface": "down"}
			}
		},
		{
			"from": [10, -0.5, 9],
			"to": [12, 0.5, 10],
			"faces": {
				"north": {"uv": [10, 6, 12, 7], "rotation": 180, "texture": "#0", "cullface": "down"},
				"east": {"uv": [11, 6, 12, 7], "rotation": 180, "texture": "#0", "cullface": "down"},
				"south": {"uv": [10, 6, 12, 7], "rotation": 180, "texture": "#0", "cullface": "down"},
				"west": {"uv": [10, 6, 11, 7], "rotation": 180, "texture": "#0", "cullface": "down"},
				"down": {"uv": [10, 6, 12, 7], "texture": "#0", "cullface": "down"}
			}
		},
		{
			"from": [3, -0.5, 9],
			"to": [8, 0.5, 10],
			"faces": {
				"north": {"uv": [3, 6, 8, 7], "rotation": 180, "texture": "#0", "cullface": "down"},
				"east": {"uv": [7, 6, 8, 7], "rotation": 180, "texture": "#0", "cullface": "down"},
				"south": {"uv": [3, 6, 8, 7], "rotation": 180, "texture": "#0", "cullface": "down"},
				"west": {"uv": [3, 6, 4, 7], "rotation": 180, "texture": "#0", "cullface": "down"},
				"down": {"uv": [3, 6, 8, 7], "texture": "#0", "cullface": "down"}
			}
		},
		{
			"from": [1, -0.5, 8],
			"to": [3, 0.5, 9],
			"faces": {
				"north": {"uv": [1, 7, 3, 8], "rotation": 180, "texture": "#0", "cullface": "down"},
				"east": {"uv": [2, 7, 3, 8], "rotation": 180, "texture": "#0", "cullface": "down"},
				"south": {"uv": [1, 7, 3, 8], "rotation": 180, "texture": "#0", "cullface": "down"},
				"west": {"uv": [1, 7, 2, 8], "rotation": 180, "texture": "#0", "cullface": "down"},
				"down": {"uv": [1, 7, 3, 8], "texture": "#0", "cullface": "down"}
			}
		},
		{
			"from": [1, -0.5, 7],
			"to": [3, 0.5, 8],
			"faces": {
				"north": {"uv": [1, 8, 3, 9], "rotation": 180, "texture": "#0", "cullface": "down"},
				"east": {"uv": [2, 8, 3, 9], "rotation": 180, "texture": "#0", "cullface": "down"},
				"south": {"uv": [1, 8, 3, 9], "rotation": 180, "texture": "#0", "cullface": "down"},
				"west": {"uv": [1, 8, 2, 9], "rotation": 180, "texture": "#0", "cullface": "down"},
				"down": {"uv": [1, 8, 3, 9], "texture": "#0", "cullface": "down"}
			}
		},
		{
			"from": [7, -0.5, 7],
			"to": [8, 0.5, 8],
			"faces": {
				"north": {"uv": [7, 8, 8, 9], "rotation": 180, "texture": "#0", "cullface": "down"},
				"east": {"uv": [7, 8, 8, 9], "rotation": 180, "texture": "#0", "cullface": "down"},
				"south": {"uv": [7, 8, 8, 9], "rotation": 180, "texture": "#0", "cullface": "down"},
				"west": {"uv": [7, 8, 8, 9], "rotation": 180, "texture": "#0", "cullface": "down"},
				"down": {"uv": [7, 8, 8, 9], "texture": "#0", "cullface": "down"}
			}
		},
		{
			"from": [9, -0.5, 7],
			"to": [12, 0.5, 8],
			"faces": {
				"north": {"uv": [9, 8, 12, 9], "rotation": 180, "texture": "#0", "cullface": "down"},
				"east": {"uv": [11, 8, 12, 9], "rotation": 180, "texture": "#0", "cullface": "down"},
				"south": {"uv": [9, 8, 12, 9], "rotation": 180, "texture": "#0", "cullface": "down"},
				"west": {"uv": [9, 8, 10, 9], "rotation": 180, "texture": "#0", "cullface": "down"},
				"down": {"uv": [9, 8, 12, 9], "texture": "#0", "cullface": "down"}
			}
		},
		{
			"from": [7, -0.5, 6],
			"to": [12, 0.5, 7],
			"faces": {
				"north": {"uv": [7, 9, 12, 10], "rotation": 180, "texture": "#0", "cullface": "down"},
				"east": {"uv": [11, 9, 12, 10], "rotation": 180, "texture": "#0", "cullface": "down"},
				"south": {"uv": [7, 9, 12, 10], "rotation": 180, "texture": "#0", "cullface": "down"},
				"west": {"uv": [7, 9, 8, 10], "rotation": 180, "texture": "#0", "cullface": "down"},
				"down": {"uv": [7, 9, 12, 10], "texture": "#0", "cullface": "down"}
			}
		},
		{
			"from": [8, -0.5, 5],
			"to": [11, 0.5, 6],
			"faces": {
				"north": {"uv": [8, 10, 11, 11], "rotation": 180, "texture": "#0", "cullface": "down"},
				"east": {"uv": [10, 10, 11, 11], "rotation": 180, "texture": "#0", "cullface": "down"},
				"south": {"uv": [8, 10, 11, 11], "rotation": 180, "texture": "#0", "cullface": "down"},
				"west": {"uv": [8, 10, 9, 11], "rotation": 180, "texture": "#0", "cullface": "down"},
				"down": {"uv": [8, 10, 11, 11], "texture": "#0", "cullface": "down"}
			}
		},
		{
			"from": [13, -0.5, 6],
			"to": [15, 0.5, 7],
			"faces": {
				"north": {"uv": [13, 9, 15, 10], "rotation": 180, "texture": "#0", "cullface": "down"},
				"east": {"uv": [14, 9, 15, 10], "rotation": 180, "texture": "#0", "cullface": "down"},
				"south": {"uv": [13, 9, 15, 10], "rotation": 180, "texture": "#0", "cullface": "down"},
				"west": {"uv": [13, 9, 14, 10], "rotation": 180, "texture": "#0", "cullface": "down"},
				"down": {"uv": [13, 9, 15, 10], "texture": "#0", "cullface": "down"}
			}
		},
		{
			"from": [13, -0.5, 5],
			"to": [15, 0.5, 6],
			"faces": {
				"north": {"uv": [13, 10, 15, 11], "rotation": 180, "texture": "#0", "cullface": "down"},
				"east": {"uv": [14, 10, 15, 11], "rotation": 180, "texture": "#0", "cullface": "down"},
				"south": {"uv": [13, 10, 15, 11], "rotation": 180, "texture": "#0", "cullface": "down"},
				"west": {"uv": [13, 10, 14, 11], "rotation": 180, "texture": "#0", "cullface": "down"},
				"down": {"uv": [13, 10, 15, 11], "texture": "#0", "cullface": "down"}
			}
		},
		{
			"from": [13, -0.5, 4],
			"to": [15, 0.5, 5],
			"faces": {
				"north": {"uv": [13, 11, 15, 12], "rotation": 180, "texture": "#0", "cullface": "down"},
				"east": {"uv": [14, 11, 15, 12], "rotation": 180, "texture": "#0", "cullface": "down"},
				"south": {"uv": [13, 11, 15, 12], "rotation": 180, "texture": "#0", "cullface": "down"},
				"west": {"uv": [13, 11, 14, 12], "rotation": 180, "texture": "#0", "cullface": "down"},
				"down": {"uv": [13, 11, 15, 12], "texture": "#0", "cullface": "down"}
			}
		},
		{
			"from": [13, -0.5, 3],
			"to": [15, 0.5, 4],
			"faces": {
				"north": {"uv": [13, 12, 15, 13], "rotation": 180, "texture": "#0", "cullface": "down"},
				"east": {"uv": [14, 12, 15, 13], "rotation": 180, "texture": "#0", "cullface": "down"},
				"south": {"uv": [13, 12, 15, 13], "rotation": 180, "texture": "#0", "cullface": "down"},
				"west": {"uv": [13, 12, 14, 13], "rotation": 180, "texture": "#0", "cullface": "down"},
				"down": {"uv": [13, 12, 15, 13], "texture": "#0", "cullface": "down"}
			}
		},
		{
			"from": [8, -0.5, 3],
			"to": [11, 0.5, 4],
			"faces": {
				"north": {"uv": [8, 12, 11, 13], "rotation": 180, "texture": "#0", "cullface": "down"},
				"east": {"uv": [10, 12, 11, 13], "rotation": 180, "texture": "#0", "cullface": "down"},
				"south": {"uv": [8, 12, 11, 13], "rotation": 180, "texture": "#0", "cullface": "down"},
				"west": {"uv": [8, 12, 9, 13], "rotation": 180, "texture": "#0", "cullface": "down"},
				"down": {"uv": [8, 12, 11, 13], "texture": "#0", "cullface": "down"}
			}
		},
		{
			"from": [8, -0.5, 2],
			"to": [11, 0.5, 3],
			"faces": {
				"north": {"uv": [8, 13, 11, 14], "rotation": 180, "texture": "#0", "cullface": "down"},
				"east": {"uv": [10, 13, 11, 14], "rotation": 180, "texture": "#0", "cullface": "down"},
				"south": {"uv": [8, 13, 11, 14], "rotation": 180, "texture": "#0", "cullface": "down"},
				"west": {"uv": [8, 13, 9, 14], "rotation": 180, "texture": "#0", "cullface": "down"},
				"down": {"uv": [8, 13, 11, 14], "texture": "#0", "cullface": "down"}
			}
		},
		{
			"from": [4, -0.5, 2],
			"to": [7, 0.5, 3],
			"faces": {
				"north": {"uv": [4, 13, 7, 14], "rotation": 180, "texture": "#0", "cullface": "down"},
				"east": {"uv": [6, 13, 7, 14], "rotation": 180, "texture": "#0", "cullface": "down"},
				"south": {"uv": [4, 13, 7, 14], "rotation": 180, "texture": "#0", "cullface": "down"},
				"west": {"uv": [4, 13, 5, 14], "rotation": 180, "texture": "#0", "cullface": "down"},
				"down": {"uv": [4, 13, 7, 14], "texture": "#0", "cullface": "down"}
			}
		},
		{
			"from": [5, -0.5, 3],
			"to": [6, 0.5, 4],
			"faces": {
				"north": {"uv": [5, 12, 6, 13], "rotation": 180, "texture": "#0", "cullface": "down"},
				"east": {"uv": [5, 12, 6, 13], "rotation": 180, "texture": "#0", "cullface": "down"},
				"south": {"uv": [5, 12, 6, 13], "rotation": 180, "texture": "#0", "cullface": "down"},
				"west": {"uv": [5, 12, 6, 13], "rotation": 180, "texture": "#0", "cullface": "down"},
				"down": {"uv": [5, 12, 6, 13], "texture": "#0", "cullface": "down"}
			}
		},
		{
			"from": [4, -0.5, 5],
			"to": [5, 0.5, 6],
			"faces": {
				"north": {"uv": [4, 10, 5, 11], "rotation": 180, "texture": "#0", "cullface": "down"},
				"east": {"uv": [4, 10, 5, 11], "rotation": 180, "texture": "#0", "cullface": "down"},
				"south": {"uv": [4, 10, 5, 11], "rotation": 180, "texture": "#0", "cullface": "down"},
				"west": {"uv": [4, 10, 5, 11], "rotation": 180, "texture": "#0", "cullface": "down"},
				"down": {"uv": [4, 10, 5, 11], "texture": "#0", "cullface": "down"}
			}
		},
		{
			"from": [2, -0.5, 4],
			"to": [5, 0.5, 5],
			"faces": {
				"north": {"uv": [2, 11, 5, 12], "rotation": 180, "texture": "#0", "cullface": "down"},
				"east": {"uv": [4, 11, 5, 12], "rotation": 180, "texture": "#0", "cullface": "down"},
				"south": {"uv": [2, 11, 5, 12], "rotation": 180, "texture": "#0", "cullface": "down"},
				"west": {"uv": [2, 11, 3, 12], "rotation": 180, "texture": "#0", "cullface": "down"},
				"down": {"uv": [2, 11, 5, 12], "texture": "#0", "cullface": "down"}
			}
		},
		{
			"from": [4, -0.5, 1],
			"to": [7, 0.5, 2],
			"faces": {
				"north": {"uv": [4, 14, 7, 15], "rotation": 180, "texture": "#0", "cullface": "down"},
				"east": {"uv": [6, 14, 7, 15], "rotation": 180, "texture": "#0", "cullface": "down"},
				"south": {"uv": [4, 14, 7, 15], "rotation": 180, "texture": "#0", "cullface": "down"},
				"west": {"uv": [4, 14, 5, 15], "rotation": 180, "texture": "#0", "cullface": "down"},
				"down": {"uv": [4, 14, 7, 15], "texture": "#0", "cullface": "down"}
			}
		}
	],
	"groups": [
		0,
		{
			"name": "up",
			"origin": [8, 8, 8],
			"color": 0,
			"children": [1, 2, 3, 4, 5, 6, 7, 8, 9, 10, 11, 12, 13, 14, 15, 16, 17, 18, 19, 20, 21, 22, 23, 24, 25]
		},
		{
			"name": "south",
			"origin": [8, 8, 8],
			"color": 0,
			"children": [26, 27, 28, 29, 30, 31, 32, 33, 34, 35, 36, 37, 38, 39, 40, 41, 42, 43, 44, 45, 46, 47, 48, 49, 50]
		},
		{
			"name": "west",
			"origin": [8, 8, 8],
			"color": 0,
			"children": [51, 52, 53, 54, 55, 56, 57, 58, 59, 60, 61, 62, 63, 64, 65, 66, 67, 68, 69, 70, 71, 72, 73, 74, 75]
		},
		{
			"name": "north",
			"origin": [8, 8, 8],
			"color": 0,
			"children": [76, 77, 78, 79, 80, 81, 82, 83, 84, 85, 86, 87, 88, 89, 90, 91, 92, 93, 94, 95, 96, 97, 98, 99, 100]
		},
		{
			"name": "east",
			"origin": [8, 8, 8],
			"color": 0,
			"children": [101, 102, 103, 104, 105, 106, 107, 108, 109, 110, 111, 112, 113, 114, 115, 116, 117, 118, 119, 120, 121, 122, 123, 124, 125]
		},
		{
			"name": "down",
			"origin": [8, 8, 8],
			"color": 0,
			"children": [126, 127, 128, 129, 130, 131, 132, 133, 134, 135, 136, 137, 138, 139, 140, 141, 142, 143, 144, 145, 146, 147, 148, 149, 150]
		}
	]
}