{
	"credit": "Made with Blockbench",
	"parent": "block/block",
	"textures": {
		"1": "netherrack",
		"2": "nether_quartz_ore",
		"particle": "nether_quartz_ore"
	},
	"elements": [
		{
			"from": [0, 0, 0],
			"to": [16, 16, 16],
			"faces": {
				"north": {"uv": [0, 0, 16, 16], "texture": "#1", "cullface": "north"},
				"east": {"uv": [0, 0, 16, 16], "texture": "#1", "cullface": "east"},
				"south": {"uv": [0, 0, 16, 16], "texture": "#1", "cullface": "south"},
				"west": {"uv": [0, 0, 16, 16], "texture": "#1", "cullface": "west"},
				"up": {"uv": [0, 0, 16, 16], "texture": "#1", "cullface": "up"},
				"down": {"uv": [0, 0, 16, 16], "texture": "#1", "cullface": "down"}
			}
		},
		{
			"from": [7, 15.5, 2],
			"to": [10, 16.5, 3],
			"faces": {
				"north": {"uv": [7, 2, 10, 3], "texture": "#2", "cullface": "up"},
				"east": {"uv": [9, 2, 10, 3], "texture": "#2", "cullface": "up"},
				"south": {"uv": [7, 2, 10, 3], "texture": "#2", "cullface": "up"},
				"west": {"uv": [7, 2, 8, 3], "texture": "#2", "cullface": "up"},
				"up": {"uv": [7, 2, 10, 3], "texture": "#2", "cullface": "up"}
			}
		},
		{
			"from": [5, 15.5, 3],
			"to": [9, 16.5, 4],
			"faces": {
				"north": {"uv": [5, 3, 9, 4], "texture": "#2", "cullface": "up"},
				"east": {"uv": [8, 3, 9, 4], "texture": "#2", "cullface": "up"},
				"south": {"uv": [5, 3, 9, 4], "texture": "#2", "cullface": "up"},
				"west": {"uv": [5, 3, 6, 4], "texture": "#2", "cullface": "up"},
				"up": {"uv": [5, 3, 9, 4], "texture": "#2", "cullface": "up"}
			}
		},
		{
			"from": [4, 15.5, 4],
			"to": [7, 16.5, 5],
			"faces": {
				"north": {"uv": [4, 4, 7, 5], "texture": "#2", "cullface": "up"},
				"east": {"uv": [6, 4, 7, 5], "texture": "#2", "cullface": "up"},
				"south": {"uv": [4, 4, 7, 5], "texture": "#2", "cullface": "up"},
				"west": {"uv": [4, 4, 5, 5], "texture": "#2", "cullface": "up"},
				"up": {"uv": [4, 4, 7, 5], "texture": "#2", "cullface": "up"}
			}
		},
		{
			"from": [3, 15.5, 5],
			"to": [6, 16.5, 6],
			"faces": {
				"north": {"uv": [3, 5, 6, 6], "texture": "#2", "cullface": "up"},
				"east": {"uv": [5, 5, 6, 6], "texture": "#2", "cullface": "up"},
				"south": {"uv": [3, 5, 6, 6], "texture": "#2", "cullface": "up"},
				"west": {"uv": [3, 5, 4, 6], "texture": "#2", "cullface": "up"},
				"up": {"uv": [3, 5, 6, 6], "texture": "#2", "cullface": "up"}
			}
		},
		{
			"from": [4, 15.5, 6],
			"to": [5, 16.5, 7],
			"faces": {
				"north": {"uv": [4, 6, 5, 7], "texture": "#2", "cullface": "up"},
				"east": {"uv": [4, 6, 5, 7], "texture": "#2", "cullface": "up"},
				"south": {"uv": [4, 6, 5, 7], "texture": "#2", "cullface": "up"},
				"west": {"uv": [4, 6, 5, 7], "texture": "#2", "cullface": "up"},
				"up": {"uv": [4, 6, 5, 7], "texture": "#2", "cullface": "up"}
			}
		},
		{
			"from": [8, 15.5, 5],
			"to": [12, 16.5, 6],
			"faces": {
				"north": {"uv": [8, 5, 12, 6], "texture": "#2", "cullface": "up"},
				"east": {"uv": [11, 5, 12, 6], "texture": "#2", "cullface": "up"},
				"south": {"uv": [8, 5, 12, 6], "texture": "#2", "cullface": "up"},
				"west": {"uv": [8, 5, 9, 6], "texture": "#2", "cullface": "up"},
				"up": {"uv": [8, 5, 12, 6], "texture": "#2", "cullface": "up"}
			}
		},
		{
			"from": [6, 15.5, 6],
			"to": [11, 16.5, 7],
			"faces": {
				"north": {"uv": [6, 6, 11, 7], "texture": "#2", "cullface": "up"},
				"east": {"uv": [10, 6, 11, 7], "texture": "#2", "cullface": "up"},
				"south": {"uv": [6, 6, 11, 7], "texture": "#2", "cullface": "up"},
				"west": {"uv": [6, 6, 7, 7], "texture": "#2", "cullface": "up"},
				"up": {"uv": [6, 6, 11, 7], "texture": "#2", "cullface": "up"}
			}
		},
		{
			"from": [5, 15.5, 7],
			"to": [9, 16.5, 8],
			"faces": {
				"north": {"uv": [5, 7, 9, 8], "texture": "#2", "cullface": "up"},
				"east": {"uv": [8, 7, 9, 8], "texture": "#2", "cullface": "up"},
				"south": {"uv": [5, 7, 9, 8], "texture": "#2", "cullface": "up"},
				"west": {"uv": [5, 7, 6, 8], "texture": "#2", "cullface": "up"},
				"up": {"uv": [5, 7, 9, 8], "texture": "#2", "cullface": "up"}
			}
		},
		{
			"from": [4, 15.5, 8],
			"to": [7, 16.5, 9],
			"faces": {
				"north": {"uv": [4, 8, 7, 9], "texture": "#2", "cullface": "up"},
				"east": {"uv": [6, 8, 7, 9], "texture": "#2", "cullface": "up"},
				"south": {"uv": [4, 8, 7, 9], "texture": "#2", "cullface": "up"},
				"west": {"uv": [4, 8, 5, 9], "texture": "#2", "cullface": "up"},
				"up": {"uv": [4, 8, 7, 9], "texture": "#2", "cullface": "up"}
			}
		},
		{
			"from": [4, 15.5, 9],
			"to": [6, 16.5, 10],
			"faces": {
				"north": {"uv": [4, 9, 6, 10], "texture": "#2", "cullface": "up"},
				"east": {"uv": [5, 9, 6, 10], "texture": "#2", "cullface": "up"},
				"south": {"uv": [4, 9, 6, 10], "texture": "#2", "cullface": "up"},
				"west": {"uv": [4, 9, 5, 10], "texture": "#2", "cullface": "up"},
				"up": {"uv": [4, 9, 6, 10], "texture": "#2", "cullface": "up"}
			}
		},
		{
			"from": [3, 15.5, 10],
			"to": [6, 16.5, 11],
			"faces": {
				"north": {"uv": [3, 10, 6, 11], "texture": "#2", "cullface": "up"},
				"east": {"uv": [5, 10, 6, 11], "texture": "#2", "cullface": "up"},
				"south": {"uv": [3, 10, 6, 11], "texture": "#2", "cullface": "up"},
				"west": {"uv": [3, 10, 4, 11], "texture": "#2", "cullface": "up"},
				"up": {"uv": [3, 10, 6, 11], "texture": "#2", "cullface": "up"}
			}
		},
		{
			"from": [3, 15.5, 11],
			"to": [5, 16.5, 12],
			"faces": {
				"north": {"uv": [3, 11, 5, 12], "texture": "#2", "cullface": "up"},
				"east": {"uv": [4, 11, 5, 12], "texture": "#2", "cullface": "up"},
				"south": {"uv": [3, 11, 5, 12], "texture": "#2", "cullface": "up"},
				"west": {"uv": [3, 11, 4, 12], "texture": "#2", "cullface": "up"},
				"up": {"uv": [3, 11, 5, 12], "texture": "#2", "cullface": "up"}
			}
		},
		{
			"from": [13, 15.5, 12],
			"to": [14, 16.5, 13],
			"faces": {
				"north": {"uv": [13, 12, 14, 13], "texture": "#2", "cullface": "up"},
				"east": {"uv": [13, 12, 14, 13], "texture": "#2", "cullface": "up"},
				"south": {"uv": [13, 12, 14, 13], "texture": "#2", "cullface": "up"},
				"west": {"uv": [13, 12, 14, 13], "texture": "#2", "cullface": "up"},
				"up": {"uv": [13, 12, 14, 13], "texture": "#2", "cullface": "up"}
			}
		},
		{
			"from": [11, 15.5, 13],
			"to": [13, 16.5, 14],
			"faces": {
				"north": {"uv": [11, 13, 13, 14], "texture": "#2", "cullface": "up"},
				"east": {"uv": [12, 13, 13, 14], "texture": "#2", "cullface": "up"},
				"south": {"uv": [11, 13, 13, 14], "texture": "#2", "cullface": "up"},
				"west": {"uv": [11, 13, 12, 14], "texture": "#2", "cullface": "up"},
				"up": {"uv": [11, 13, 13, 14], "texture": "#2", "cullface": "up"}
			}
		},
		{
			"from": [14, 15.5, 6],
			"to": [15, 16.5, 7],
			"faces": {
				"north": {"uv": [14, 6, 15, 7], "texture": "#2", "cullface": "up"},
				"east": {"uv": [14, 6, 15, 7], "texture": "#2", "cullface": "up"},
				"south": {"uv": [14, 6, 15, 7], "texture": "#2", "cullface": "up"},
				"west": {"uv": [14, 6, 15, 7], "texture": "#2", "cullface": "up"},
				"up": {"uv": [14, 6, 15, 7], "texture": "#2", "cullface": "up"}
			}
		},
		{
			"from": [13, 15.5, 7],
			"to": [15, 16.5, 8],
			"faces": {
				"north": {"uv": [13, 7, 15, 8], "texture": "#2", "cullface": "up"},
				"east": {"uv": [14, 7, 15, 8], "texture": "#2", "cullface": "up"},
				"south": {"uv": [13, 7, 15, 8], "texture": "#2", "cullface": "up"},
				"west": {"uv": [13, 7, 14, 8], "texture": "#2", "cullface": "up"},
				"up": {"uv": [13, 7, 15, 8], "texture": "#2", "cullface": "up"}
			}
		},
		{
			"from": [12, 15.5, 8],
			"to": [15, 16.5, 9],
			"faces": {
				"north": {"uv": [12, 8, 15, 9], "texture": "#2", "cullface": "up"},
				"east": {"uv": [14, 8, 15, 9], "texture": "#2", "cullface": "up"},
				"south": {"uv": [12, 8, 15, 9], "texture": "#2", "cullface": "up"},
				"west": {"uv": [12, 8, 13, 9], "texture": "#2", "cullface": "up"},
				"up": {"uv": [12, 8, 15, 9], "texture": "#2", "cullface": "up"}
			}
		},
		{
			"from": [12, 15.5, 9],
			"to": [15, 16.5, 10],
			"faces": {
				"north": {"uv": [12, 9, 15, 10], "texture": "#2", "cullface": "up"},
				"east": {"uv": [14, 9, 15, 10], "texture": "#2", "cullface": "up"},
				"south": {"uv": [12, 9, 15, 10], "texture": "#2", "cullface": "up"},
				"west": {"uv": [12, 9, 13, 10], "texture": "#2", "cullface": "up"},
				"up": {"uv": [12, 9, 15, 10], "texture": "#2", "cullface": "up"}
			}
		},
		{
			"from": [12, 15.5, 10],
			"to": [13, 16.5, 11],
			"faces": {
				"north": {"uv": [12, 10, 13, 11], "texture": "#2", "cullface": "up"},
				"east": {"uv": [12, 10, 13, 11], "texture": "#2", "cullface": "up"},
				"south": {"uv": [12, 10, 13, 11], "texture": "#2", "cullface": "up"},
				"west": {"uv": [12, 10, 13, 11], "texture": "#2", "cullface": "up"},
				"up": {"uv": [12, 10, 13, 11], "texture": "#2", "cullface": "up"}
			}
		},
		{
			"from": [9, 15.5, 10],
			"to": [10, 16.5, 11],
			"faces": {
				"north": {"uv": [9, 10, 10, 11], "texture": "#2", "cullface": "up"},
				"east": {"uv": [9, 10, 10, 11], "texture": "#2", "cullface": "up"},
				"south": {"uv": [9, 10, 10, 11], "texture": "#2", "cullface": "up"},
				"west": {"uv": [9, 10, 10, 11], "texture": "#2", "cullface": "up"},
				"up": {"uv": [9, 10, 10, 11], "texture": "#2", "cullface": "up"}
			}
		},
		{
			"from": [8, 15.5, 11],
			"to": [10, 16.5, 12],
			"faces": {
				"north": {"uv": [8, 11, 10, 12], "texture": "#2", "cullface": "up"},
				"east": {"uv": [9, 11, 10, 12], "texture": "#2", "cullface": "up"},
				"south": {"uv": [8, 11, 10, 12], "texture": "#2", "cullface": "up"},
				"west": {"uv": [8, 11, 9, 12], "texture": "#2", "cullface": "up"},
				"up": {"uv": [8, 11, 10, 12], "texture": "#2", "cullface": "up"}
			}
		},
		{
			"from": [7, 15.5, 12],
			"to": [10, 16.5, 13],
			"faces": {
				"north": {"uv": [7, 12, 10, 13], "texture": "#2", "cullface": "up"},
				"east": {"uv": [9, 12, 10, 13], "texture": "#2", "cullface": "up"},
				"south": {"uv": [7, 12, 10, 13], "texture": "#2", "cullface": "up"},
				"west": {"uv": [7, 12, 8, 13], "texture": "#2", "cullface": "up"},
				"up": {"uv": [7, 12, 10, 13], "texture": "#2", "cullface": "up"}
			}
		},
		{
			"from": [7, 15.5, 13],
			"to": [9, 16.5, 14],
			"faces": {
				"north": {"uv": [7, 13, 9, 14], "texture": "#2", "cullface": "up"},
				"east": {"uv": [8, 13, 9, 14], "texture": "#2", "cullface": "up"},
				"south": {"uv": [7, 13, 9, 14], "texture": "#2", "cullface": "up"},
				"west": {"uv": [7, 13, 8, 14], "texture": "#2", "cullface": "up"},
				"up": {"uv": [7, 13, 9, 14], "texture": "#2", "cullface": "up"}
			}
		},
		{
			"from": [8, 15.5, 14],
			"to": [9, 16.5, 15],
			"faces": {
				"north": {"uv": [8, 14, 9, 15], "texture": "#2", "cullface": "up"},
				"east": {"uv": [8, 14, 9, 15], "texture": "#2", "cullface": "up"},
				"south": {"uv": [8, 14, 9, 15], "texture": "#2", "cullface": "up"},
				"west": {"uv": [8, 14, 9, 15], "texture": "#2", "cullface": "up"},
				"up": {"uv": [8, 14, 9, 15], "texture": "#2", "cullface": "up"}
			}
		},
		{
			"from": [7, 13, 15.5],
			"to": [10, 14, 16.5],
			"faces": {
				"east": {"uv": [9, 2, 10, 3], "rotation": 270, "texture": "#2", "cullface": "south"},
				"south": {"uv": [7, 2, 10, 3], "texture": "#2", "cullface": "south"},
				"west": {"uv": [7, 2, 8, 3], "rotation": 90, "texture": "#2", "cullface": "south"},
				"up": {"uv": [7, 2, 10, 3], "rotation": 180, "texture": "#2", "cullface": "south"},
				"down": {"uv": [7, 2, 10, 3], "texture": "#2", "cullface": "south"}
			}
		},
		{
			"from": [5, 12, 15.5],
			"to": [9, 13, 16.5],
			"faces": {
				"east": {"uv": [8, 3, 9, 4], "rotation": 270, "texture": "#2", "cullface": "south"},
				"south": {"uv": [5, 3, 9, 4], "texture": "#2", "cullface": "south"},
				"west": {"uv": [5, 3, 6, 4], "rotation": 90, "texture": "#2", "cullface": "south"},
				"up": {"uv": [5, 3, 9, 4], "rotation": 180, "texture": "#2", "cullface": "south"},
				"down": {"uv": [5, 3, 9, 4], "texture": "#2", "cullface": "south"}
			}
		},
		{
			"from": [4, 11, 15.5],
			"to": [7, 12, 16.5],
			"faces": {
				"east": {"uv": [6, 4, 7, 5], "rotation": 270, "texture": "#2", "cullface": "south"},
				"south": {"uv": [4, 4, 7, 5], "texture": "#2", "cullface": "south"},
				"west": {"uv": [4, 4, 5, 5], "rotation": 90, "texture": "#2", "cullface": "south"},
				"up": {"uv": [4, 4, 7, 5], "rotation": 180, "texture": "#2", "cullface": "south"},
				"down": {"uv": [4, 4, 7, 5], "texture": "#2", "cullface": "south"}
			}
		},
		{
			"from": [3, 10, 15.5],
			"to": [6, 11, 16.5],
			"faces": {
				"east": {"uv": [5, 5, 6, 6], "rotation": 270, "texture": "#2", "cullface": "south"},
				"south": {"uv": [3, 5, 6, 6], "texture": "#2", "cullface": "south"},
				"west": {"uv": [3, 5, 4, 6], "rotation": 90, "texture": "#2", "cullface": "south"},
				"up": {"uv": [3, 5, 6, 6], "rotation": 180, "texture": "#2", "cullface": "south"},
				"down": {"uv": [3, 5, 6, 6], "texture": "#2", "cullface": "south"}
			}
		},
		{
			"from": [4, 9, 15.5],
			"to": [5, 10, 16.5],
			"faces": {
				"east": {"uv": [4, 6, 5, 7], "rotation": 270, "texture": "#2", "cullface": "south"},
				"south": {"uv": [4, 6, 5, 7], "texture": "#2", "cullface": "south"},
				"west": {"uv": [4, 6, 5, 7], "rotation": 90, "texture": "#2", "cullface": "south"},
				"up": {"uv": [4, 6, 5, 7], "rotation": 180, "texture": "#2", "cullface": "south"},
				"down": {"uv": [4, 6, 5, 7], "texture": "#2", "cullface": "south"}
			}
		},
		{
			"from": [8, 10, 15.5],
			"to": [12, 11, 16.5],
			"faces": {
				"east": {"uv": [11, 5, 12, 6], "rotation": 270, "texture": "#2", "cullface": "south"},
				"south": {"uv": [8, 5, 12, 6], "texture": "#2", "cullface": "south"},
				"west": {"uv": [8, 5, 9, 6], "rotation": 90, "texture": "#2", "cullface": "south"},
				"up": {"uv": [8, 5, 12, 6], "rotation": 180, "texture": "#2", "cullface": "south"},
				"down": {"uv": [8, 5, 12, 6], "texture": "#2", "cullface": "south"}
			}
		},
		{
			"from": [6, 9, 15.5],
			"to": [11, 10, 16.5],
			"faces": {
				"east": {"uv": [10, 6, 11, 7], "rotation": 270, "texture": "#2", "cullface": "south"},
				"south": {"uv": [6, 6, 11, 7], "texture": "#2", "cullface": "south"},
				"west": {"uv": [6, 6, 7, 7], "rotation": 90, "texture": "#2", "cullface": "south"},
				"up": {"uv": [6, 6, 11, 7], "rotation": 180, "texture": "#2", "cullface": "south"},
				"down": {"uv": [6, 6, 11, 7], "texture": "#2", "cullface": "south"}
			}
		},
		{
			"from": [5, 8, 15.5],
			"to": [9, 9, 16.5],
			"faces": {
				"east": {"uv": [8, 7, 9, 8], "rotation": 270, "texture": "#2", "cullface": "south"},
				"south": {"uv": [5, 7, 9, 8], "texture": "#2", "cullface": "south"},
				"west": {"uv": [5, 7, 6, 8], "rotation": 90, "texture": "#2", "cullface": "south"},
				"up": {"uv": [5, 7, 9, 8], "rotation": 180, "texture": "#2", "cullface": "south"},
				"down": {"uv": [5, 7, 9, 8], "texture": "#2", "cullface": "south"}
			}
		},
		{
			"from": [4, 7, 15.5],
			"to": [7, 8, 16.5],
			"faces": {
				"east": {"uv": [6, 8, 7, 9], "rotation": 270, "texture": "#2", "cullface": "south"},
				"south": {"uv": [4, 8, 7, 9], "texture": "#2", "cullface": "south"},
				"west": {"uv": [4, 8, 5, 9], "rotation": 90, "texture": "#2", "cullface": "south"},
				"up": {"uv": [4, 8, 7, 9], "rotation": 180, "texture": "#2", "cullface": "south"},
				"down": {"uv": [4, 8, 7, 9], "texture": "#2", "cullface": "south"}
			}
		},
		{
			"from": [4, 6, 15.5],
			"to": [6, 7, 16.5],
			"faces": {
				"east": {"uv": [5, 9, 6, 10], "rotation": 270, "texture": "#2", "cullface": "south"},
				"south": {"uv": [4, 9, 6, 10], "texture": "#2", "cullface": "south"},
				"west": {"uv": [4, 9, 5, 10], "rotation": 90, "texture": "#2", "cullface": "south"},
				"up": {"uv": [4, 9, 6, 10], "rotation": 180, "texture": "#2", "cullface": "south"},
				"down": {"uv": [4, 9, 6, 10], "texture": "#2", "cullface": "south"}
			}
		},
		{
			"from": [3, 5, 15.5],
			"to": [6, 6, 16.5],
			"faces": {
				"east": {"uv": [5, 10, 6, 11], "rotation": 270, "texture": "#2", "cullface": "south"},
				"south": {"uv": [3, 10, 6, 11], "texture": "#2", "cullface": "south"},
				"west": {"uv": [3, 10, 4, 11], "rotation": 90, "texture": "#2", "cullface": "south"},
				"up": {"uv": [3, 10, 6, 11], "rotation": 180, "texture": "#2", "cullface": "south"},
				"down": {"uv": [3, 10, 6, 11], "texture": "#2", "cullface": "south"}
			}
		},
		{
			"from": [3, 4, 15.5],
			"to": [5, 5, 16.5],
			"faces": {
				"east": {"uv": [4, 11, 5, 12], "rotation": 270, "texture": "#2", "cullface": "south"},
				"south": {"uv": [3, 11, 5, 12], "texture": "#2", "cullface": "south"},
				"west": {"uv": [3, 11, 4, 12], "rotation": 90, "texture": "#2", "cullface": "south"},
				"up": {"uv": [3, 11, 5, 12], "rotation": 180, "texture": "#2", "cullface": "south"},
				"down": {"uv": [3, 11, 5, 12], "texture": "#2", "cullface": "south"}
			}
		},
		{
			"from": [13, 3, 15.5],
			"to": [14, 4, 16.5],
			"faces": {
				"east": {"uv": [13, 12, 14, 13], "rotation": 270, "texture": "#2", "cullface": "south"},
				"south": {"uv": [13, 12, 14, 13], "texture": "#2", "cullface": "south"},
				"west": {"uv": [13, 12, 14, 13], "rotation": 90, "texture": "#2", "cullface": "south"},
				"up": {"uv": [13, 12, 14, 13], "rotation": 180, "texture": "#2", "cullface": "south"},
				"down": {"uv": [13, 12, 14, 13], "texture": "#2", "cullface": "south"}
			}
		},
		{
			"from": [11, 2, 15.5],
			"to": [13, 3, 16.5],
			"faces": {
				"east": {"uv": [12, 13, 13, 14], "rotation": 270, "texture": "#2", "cullface": "south"},
				"south": {"uv": [11, 13, 13, 14], "texture": "#2", "cullface": "south"},
				"west": {"uv": [11, 13, 12, 14], "rotation": 90, "texture": "#2", "cullface": "south"},
				"up": {"uv": [11, 13, 13, 14], "rotation": 180, "texture": "#2", "cullface": "south"},
				"down": {"uv": [11, 13, 13, 14], "texture": "#2", "cullface": "south"}
			}
		},
		{
			"from": [14, 9, 15.5],
			"to": [15, 10, 16.5],
			"faces": {
				"east": {"uv": [14, 6, 15, 7], "rotation": 270, "texture": "#2", "cullface": "south"},
				"south": {"uv": [14, 6, 15, 7], "texture": "#2", "cullface": "south"},
				"west": {"uv": [14, 6, 15, 7], "rotation": 90, "texture": "#2", "cullface": "south"},
				"up": {"uv": [14, 6, 15, 7], "rotation": 180, "texture": "#2", "cullface": "south"},
				"down": {"uv": [14, 6, 15, 7], "texture": "#2", "cullface": "south"}
			}
		},
		{
			"from": [13, 8, 15.5],
			"to": [15, 9, 16.5],
			"faces": {
				"east": {"uv": [14, 7, 15, 8], "rotation": 270, "texture": "#2", "cullface": "south"},
				"south": {"uv": [13, 7, 15, 8], "texture": "#2", "cullface": "south"},
				"west": {"uv": [13, 7, 14, 8], "rotation": 90, "texture": "#2", "cullface": "south"},
				"up": {"uv": [13, 7, 15, 8], "rotation": 180, "texture": "#2", "cullface": "south"},
				"down": {"uv": [13, 7, 15, 8], "texture": "#2", "cullface": "south"}
			}
		},
		{
			"from": [12, 7, 15.5],
			"to": [15, 8, 16.5],
			"faces": {
				"east": {"uv": [14, 8, 15, 9], "rotation": 270, "texture": "#2", "cullface": "south"},
				"south": {"uv": [12, 8, 15, 9], "texture": "#2", "cullface": "south"},
				"west": {"uv": [12, 8, 13, 9], "rotation": 90, "texture": "#2", "cullface": "south"},
				"up": {"uv": [12, 8, 15, 9], "rotation": 180, "texture": "#2", "cullface": "south"},
				"down": {"uv": [12, 8, 15, 9], "texture": "#2", "cullface": "south"}
			}
		},
		{
			"from": [12, 6, 15.5],
			"to": [15, 7, 16.5],
			"faces": {
				"east": {"uv": [14, 9, 15, 10], "rotation": 270, "texture": "#2", "cullface": "south"},
				"south": {"uv": [12, 9, 15, 10], "texture": "#2", "cullface": "south"},
				"west": {"uv": [12, 9, 13, 10], "rotation": 90, "texture": "#2", "cullface": "south"},
				"up": {"uv": [12, 9, 15, 10], "rotation": 180, "texture": "#2", "cullface": "south"},
				"down": {"uv": [12, 9, 15, 10], "texture": "#2", "cullface": "south"}
			}
		},
		{
			"from": [12, 5, 15.5],
			"to": [13, 6, 16.5],
			"faces": {
				"east": {"uv": [12, 10, 13, 11], "rotation": 270, "texture": "#2", "cullface": "south"},
				"south": {"uv": [12, 10, 13, 11], "texture": "#2", "cullface": "south"},
				"west": {"uv": [12, 10, 13, 11], "rotation": 90, "texture": "#2", "cullface": "south"},
				"up": {"uv": [12, 10, 13, 11], "rotation": 180, "texture": "#2", "cullface": "south"},
				"down": {"uv": [12, 10, 13, 11], "texture": "#2", "cullface": "south"}
			}
		},
		{
			"from": [9, 5, 15.5],
			"to": [10, 6, 16.5],
			"faces": {
				"east": {"uv": [9, 10, 10, 11], "rotation": 270, "texture": "#2", "cullface": "south"},
				"south": {"uv": [9, 10, 10, 11], "texture": "#2", "cullface": "south"},
				"west": {"uv": [9, 10, 10, 11], "rotation": 90, "texture": "#2", "cullface": "south"},
				"up": {"uv": [9, 10, 10, 11], "rotation": 180, "texture": "#2", "cullface": "south"},
				"down": {"uv": [9, 10, 10, 11], "texture": "#2", "cullface": "south"}
			}
		},
		{
			"from": [8, 4, 15.5],
			"to": [10, 5, 16.5],
			"faces": {
				"east": {"uv": [9, 11, 10, 12], "rotation": 270, "texture": "#2", "cullface": "south"},
				"south": {"uv": [8, 11, 10, 12], "texture": "#2", "cullface": "south"},
				"west": {"uv": [8, 11, 9, 12], "rotation": 90, "texture": "#2", "cullface": "south"},
				"up": {"uv": [8, 11, 10, 12], "rotation": 180, "texture": "#2", "cullface": "south"},
				"down": {"uv": [8, 11, 10, 12], "texture": "#2", "cullface": "south"}
			}
		},
		{
			"from": [7, 3, 15.5],
			"to": [10, 4, 16.5],
			"faces": {
				"east": {"uv": [9, 12, 10, 13], "rotation": 270, "texture": "#2", "cullface": "south"},
				"south": {"uv": [7, 12, 10, 13], "texture": "#2", "cullface": "south"},
				"west": {"uv": [7, 12, 8, 13], "rotation": 90, "texture": "#2", "cullface": "south"},
				"up": {"uv": [7, 12, 10, 13], "rotation": 180, "texture": "#2", "cullface": "south"},
				"down": {"uv": [7, 12, 10, 13], "texture": "#2", "cullface": "south"}
			}
		},
		{
			"from": [7, 2, 15.5],
			"to": [9, 3, 16.5],
			"faces": {
				"east": {"uv": [8, 13, 9, 14], "rotation": 270, "texture": "#2", "cullface": "south"},
				"south": {"uv": [7, 13, 9, 14], "texture": "#2", "cullface": "south"},
				"west": {"uv": [7, 13, 8, 14], "rotation": 90, "texture": "#2", "cullface": "south"},
				"up": {"uv": [7, 13, 9, 14], "rotation": 180, "texture": "#2", "cullface": "south"},
				"down": {"uv": [7, 13, 9, 14], "texture": "#2", "cullface": "south"}
			}
		},
		{
			"from": [8, 1, 15.5],
			"to": [9, 2, 16.5],
			"faces": {
				"east": {"uv": [8, 14, 9, 15], "rotation": 270, "texture": "#2", "cullface": "south"},
				"south": {"uv": [8, 14, 9, 15], "texture": "#2", "cullface": "south"},
				"west": {"uv": [8, 14, 9, 15], "rotation": 90, "texture": "#2", "cullface": "south"},
				"up": {"uv": [8, 14, 9, 15], "rotation": 180, "texture": "#2", "cullface": "south"},
				"down": {"uv": [8, 14, 9, 15], "texture": "#2", "cullface": "south"}
			}
		},
		{
			"from": [-0.5, 13, 7],
			"to": [0.5, 14, 10],
			"faces": {
				"north": {"uv": [7, 2, 8, 3], "rotation": 90, "texture": "#2", "cullface": "west"},
				"south": {"uv": [9, 2, 10, 3], "rotation": 270, "texture": "#2", "cullface": "west"},
				"west": {"uv": [7, 2, 10, 3], "texture": "#2", "cullface": "west"},
				"up": {"uv": [7, 2, 10, 3], "rotation": 270, "texture": "#2", "cullface": "west"},
				"down": {"uv": [7, 2, 10, 3], "rotation": 270, "texture": "#2", "cullface": "west"}
			}
		},
		{
			"from": [-0.5, 12, 5],
			"to": [0.5, 13, 9],
			"faces": {
				"north": {"uv": [5, 3, 6, 4], "rotation": 90, "texture": "#2", "cullface": "west"},
				"south": {"uv": [8, 3, 9, 4], "rotation": 270, "texture": "#2", "cullface": "west"},
				"west": {"uv": [5, 3, 9, 4], "texture": "#2", "cullface": "west"},
				"up": {"uv": [5, 3, 9, 4], "rotation": 270, "texture": "#2", "cullface": "west"},
				"down": {"uv": [5, 3, 9, 4], "rotation": 270, "texture": "#2", "cullface": "west"}
			}
		},
		{
			"from": [-0.5, 11, 4],
			"to": [0.5, 12, 7],
			"faces": {
				"north": {"uv": [4, 4, 5, 5], "rotation": 90, "texture": "#2", "cullface": "west"},
				"south": {"uv": [6, 4, 7, 5], "rotation": 270, "texture": "#2", "cullface": "west"},
				"west": {"uv": [4, 4, 7, 5], "texture": "#2", "cullface": "west"},
				"up": {"uv": [4, 4, 7, 5], "rotation": 270, "texture": "#2", "cullface": "west"},
				"down": {"uv": [4, 4, 7, 5], "rotation": 270, "texture": "#2", "cullface": "west"}
			}
		},
		{
			"from": [-0.5, 10, 3],
			"to": [0.5, 11, 6],
			"faces": {
				"north": {"uv": [3, 5, 4, 6], "rotation": 90, "texture": "#2", "cullface": "west"},
				"south": {"uv": [5, 5, 6, 6], "rotation": 270, "texture": "#2", "cullface": "west"},
				"west": {"uv": [3, 5, 6, 6], "texture": "#2", "cullface": "west"},
				"up": {"uv": [3, 5, 6, 6], "rotation": 270, "texture": "#2", "cullface": "west"},
				"down": {"uv": [3, 5, 6, 6], "rotation": 270, "texture": "#2", "cullface": "west"}
			}
		},
		{
			"from": [-0.5, 9, 4],
			"to": [0.5, 10, 5],
			"faces": {
				"north": {"uv": [4, 6, 5, 7], "rotation": 90, "texture": "#2", "cullface": "west"},
				"south": {"uv": [4, 6, 5, 7], "rotation": 270, "texture": "#2", "cullface": "west"},
				"west": {"uv": [4, 6, 5, 7], "texture": "#2", "cullface": "west"},
				"up": {"uv": [4, 6, 5, 7], "rotation": 270, "texture": "#2", "cullface": "west"},
				"down": {"uv": [4, 6, 5, 7], "rotation": 270, "texture": "#2", "cullface": "west"}
			}
		},
		{
			"from": [-0.5, 10, 8],
			"to": [0.5, 11, 12],
			"faces": {
				"north": {"uv": [8, 5, 9, 6], "rotation": 90, "texture": "#2", "cullface": "west"},
				"south": {"uv": [11, 5, 12, 6], "rotation": 270, "texture": "#2", "cullface": "west"},
				"west": {"uv": [8, 5, 12, 6], "texture": "#2", "cullface": "west"},
				"up": {"uv": [8, 5, 12, 6], "rotation": 270, "texture": "#2", "cullface": "west"},
				"down": {"uv": [8, 5, 12, 6], "rotation": 270, "texture": "#2", "cullface": "west"}
			}
		},
		{
			"from": [-0.5, 9, 6],
			"to": [0.5, 10, 11],
			"faces": {
				"north": {"uv": [6, 6, 7, 7], "rotation": 90, "texture": "#2", "cullface": "west"},
				"south": {"uv": [10, 6, 11, 7], "rotation": 270, "texture": "#2", "cullface": "west"},
				"west": {"uv": [6, 6, 11, 7], "texture": "#2", "cullface": "west"},
				"up": {"uv": [6, 6, 11, 7], "rotation": 270, "texture": "#2", "cullface": "west"},
				"down": {"uv": [6, 6, 11, 7], "rotation": 270, "texture": "#2", "cullface": "west"}
			}
		},
		{
			"from": [-0.5, 8, 5],
			"to": [0.5, 9, 9],
			"faces": {
				"north": {"uv": [5, 7, 6, 8], "rotation": 90, "texture": "#2", "cullface": "west"},
				"south": {"uv": [8, 7, 9, 8], "rotation": 270, "texture": "#2", "cullface": "west"},
				"west": {"uv": [5, 7, 9, 8], "texture": "#2", "cullface": "west"},
				"up": {"uv": [5, 7, 9, 8], "rotation": 270, "texture": "#2", "cullface": "west"},
				"down": {"uv": [5, 7, 9, 8], "rotation": 270, "texture": "#2", "cullface": "west"}
			}
		},
		{
			"from": [-0.5, 7, 4],
			"to": [0.5, 8, 7],
			"faces": {
				"north": {"uv": [4, 8, 5, 9], "rotation": 90, "texture": "#2", "cullface": "west"},
				"south": {"uv": [6, 8, 7, 9], "rotation": 270, "texture": "#2", "cullface": "west"},
				"west": {"uv": [4, 8, 7, 9], "texture": "#2", "cullface": "west"},
				"up": {"uv": [4, 8, 7, 9], "rotation": 270, "texture": "#2", "cullface": "west"},
				"down": {"uv": [4, 8, 7, 9], "rotation": 270, "texture": "#2", "cullface": "west"}
			}
		},
		{
			"from": [-0.5, 6, 4],
			"to": [0.5, 7, 6],
			"faces": {
				"north": {"uv": [4, 9, 5, 10], "rotation": 90, "texture": "#2", "cullface": "west"},
				"south": {"uv": [5, 9, 6, 10], "rotation": 270, "texture": "#2", "cullface": "west"},
				"west": {"uv": [4, 9, 6, 10], "texture": "#2", "cullface": "west"},
				"up": {"uv": [4, 9, 6, 10], "rotation": 270, "texture": "#2", "cullface": "west"},
				"down": {"uv": [4, 9, 6, 10], "rotation": 270, "texture": "#2", "cullface": "west"}
			}
		},
		{
			"from": [-0.5, 5, 3],
			"to": [0.5, 6, 6],
			"faces": {
				"north": {"uv": [3, 10, 4, 11], "rotation": 90, "texture": "#2", "cullface": "west"},
				"south": {"uv": [5, 10, 6, 11], "rotation": 270, "texture": "#2", "cullface": "west"},
				"west": {"uv": [3, 10, 6, 11], "texture": "#2", "cullface": "west"},
				"up": {"uv": [3, 10, 6, 11], "rotation": 270, "texture": "#2", "cullface": "west"},
				"down": {"uv": [3, 10, 6, 11], "rotation": 270, "texture": "#2", "cullface": "west"}
			}
		},
		{
			"from": [-0.5, 4, 3],
			"to": [0.5, 5, 5],
			"faces": {
				"north": {"uv": [3, 11, 4, 12], "rotation": 90, "texture": "#2", "cullface": "west"},
				"south": {"uv": [4, 11, 5, 12], "rotation": 270, "texture": "#2", "cullface": "west"},
				"west": {"uv": [3, 11, 5, 12], "texture": "#2", "cullface": "west"},
				"up": {"uv": [3, 11, 5, 12], "rotation": 270, "texture": "#2", "cullface": "west"},
				"down": {"uv": [3, 11, 5, 12], "rotation": 270, "texture": "#2", "cullface": "west"}
			}
		},
		{
			"from": [-0.5, 3, 13],
			"to": [0.5, 4, 14],
			"faces": {
				"north": {"uv": [13, 12, 14, 13], "rotation": 90, "texture": "#2", "cullface": "west"},
				"south": {"uv": [13, 12, 14, 13], "rotation": 270, "texture": "#2", "cullface": "west"},
				"west": {"uv": [13, 12, 14, 13], "texture": "#2", "cullface": "west"},
				"up": {"uv": [13, 12, 14, 13], "rotation": 270, "texture": "#2", "cullface": "west"},
				"down": {"uv": [13, 12, 14, 13], "rotation": 270, "texture": "#2", "cullface": "west"}
			}
		},
		{
			"from": [-0.5, 2, 11],
			"to": [0.5, 3, 13],
			"faces": {
				"north": {"uv": [11, 13, 12, 14], "rotation": 90, "texture": "#2", "cullface": "west"},
				"south": {"uv": [12, 13, 13, 14], "rotation": 270, "texture": "#2", "cullface": "west"},
				"west": {"uv": [11, 13, 13, 14], "texture": "#2", "cullface": "west"},
				"up": {"uv": [11, 13, 13, 14], "rotation": 270, "texture": "#2", "cullface": "west"},
				"down": {"uv": [11, 13, 13, 14], "rotation": 270, "texture": "#2", "cullface": "west"}
			}
		},
		{
			"from": [-0.5, 9, 14],
			"to": [0.5, 10, 15],
			"faces": {
				"north": {"uv": [14, 6, 15, 7], "rotation": 90, "texture": "#2", "cullface": "west"},
				"south": {"uv": [14, 6, 15, 7], "rotation": 270, "texture": "#2", "cullface": "west"},
				"west": {"uv": [14, 6, 15, 7], "texture": "#2", "cullface": "west"},
				"up": {"uv": [14, 6, 15, 7], "rotation": 270, "texture": "#2", "cullface": "west"},
				"down": {"uv": [14, 6, 15, 7], "rotation": 270, "texture": "#2", "cullface": "west"}
			}
		},
		{
			"from": [-0.5, 8, 13],
			"to": [0.5, 9, 15],
			"faces": {
				"north": {"uv": [13, 7, 14, 8], "rotation": 90, "texture": "#2", "cullface": "west"},
				"south": {"uv": [14, 7, 15, 8], "rotation": 270, "texture": "#2", "cullface": "west"},
				"west": {"uv": [13, 7, 15, 8], "texture": "#2", "cullface": "west"},
				"up": {"uv": [13, 7, 15, 8], "rotation": 270, "texture": "#2", "cullface": "west"},
				"down": {"uv": [13, 7, 15, 8], "rotation": 270, "texture": "#2", "cullface": "west"}
			}
		},
		{
			"from": [-0.5, 7, 12],
			"to": [0.5, 8, 15],
			"faces": {
				"north": {"uv": [12, 8, 13, 9], "rotation": 90, "texture": "#2", "cullface": "west"},
				"south": {"uv": [14, 8, 15, 9], "rotation": 270, "texture": "#2", "cullface": "west"},
				"west": {"uv": [12, 8, 15, 9], "texture": "#2", "cullface": "west"},
				"up": {"uv": [12, 8, 15, 9], "rotation": 270, "texture": "#2", "cullface": "west"},
				"down": {"uv": [12, 8, 15, 9], "rotation": 270, "texture": "#2", "cullface": "west"}
			}
		},
		{
			"from": [-0.5, 6, 12],
			"to": [0.5, 7, 15],
			"faces": {
				"north": {"uv": [12, 9, 13, 10], "rotation": 90, "texture": "#2", "cullface": "west"},
				"south": {"uv": [14, 9, 15, 10], "rotation": 270, "texture": "#2", "cullface": "west"},
				"west": {"uv": [12, 9, 15, 10], "texture": "#2", "cullface": "west"},
				"up": {"uv": [12, 9, 15, 10], "rotation": 270, "texture": "#2", "cullface": "west"},
				"down": {"uv": [12, 9, 15, 10], "rotation": 270, "texture": "#2", "cullface": "west"}
			}
		},
		{
			"from": [-0.5, 5, 12],
			"to": [0.5, 6, 13],
			"faces": {
				"north": {"uv": [12, 10, 13, 11], "rotation": 90, "texture": "#2", "cullface": "west"},
				"south": {"uv": [12, 10, 13, 11], "rotation": 270, "texture": "#2", "cullface": "west"},
				"west": {"uv": [12, 10, 13, 11], "texture": "#2", "cullface": "west"},
				"up": {"uv": [12, 10, 13, 11], "rotation": 270, "texture": "#2", "cullface": "west"},
				"down": {"uv": [12, 10, 13, 11], "rotation": 270, "texture": "#2", "cullface": "west"}
			}
		},
		{
			"from": [-0.5, 5, 9],
			"to": [0.5, 6, 10],
			"faces": {
				"north": {"uv": [9, 10, 10, 11], "rotation": 90, "texture": "#2", "cullface": "west"},
				"south": {"uv": [9, 10, 10, 11], "rotation": 270, "texture": "#2", "cullface": "west"},
				"west": {"uv": [9, 10, 10, 11], "texture": "#2", "cullface": "west"},
				"up": {"uv": [9, 10, 10, 11], "rotation": 270, "texture": "#2", "cullface": "west"},
				"down": {"uv": [9, 10, 10, 11], "rotation": 270, "texture": "#2", "cullface": "west"}
			}
		},
		{
			"from": [-0.5, 4, 8],
			"to": [0.5, 5, 10],
			"faces": {
				"north": {"uv": [8, 11, 9, 12], "rotation": 90, "texture": "#2", "cullface": "west"},
				"south": {"uv": [9, 11, 10, 12], "rotation": 270, "texture": "#2", "cullface": "west"},
				"west": {"uv": [8, 11, 10, 12], "texture": "#2", "cullface": "west"},
				"up": {"uv": [8, 11, 10, 12], "rotation": 270, "texture": "#2", "cullface": "west"},
				"down": {"uv": [8, 11, 10, 12], "rotation": 270, "texture": "#2", "cullface": "west"}
			}
		},
		{
			"from": [-0.5, 3, 7],
			"to": [0.5, 4, 10],
			"faces": {
				"north": {"uv": [7, 12, 8, 13], "rotation": 90, "texture": "#2", "cullface": "west"},
				"south": {"uv": [9, 12, 10, 13], "rotation": 270, "texture": "#2", "cullface": "west"},
				"west": {"uv": [7, 12, 10, 13], "texture": "#2", "cullface": "west"},
				"up": {"uv": [7, 12, 10, 13], "rotation": 270, "texture": "#2", "cullface": "west"},
				"down": {"uv": [7, 12, 10, 13], "rotation": 270, "texture": "#2", "cullface": "west"}
			}
		},
		{
			"from": [-0.5, 2, 7],
			"to": [0.5, 3, 9],
			"faces": {
				"north": {"uv": [7, 13, 8, 14], "rotation": 90, "texture": "#2", "cullface": "west"},
				"south": {"uv": [8, 13, 9, 14], "rotation": 270, "texture": "#2", "cullface": "west"},
				"west": {"uv": [7, 13, 9, 14], "texture": "#2", "cullface": "west"},
				"up": {"uv": [7, 13, 9, 14], "rotation": 270, "texture": "#2", "cullface": "west"},
				"down": {"uv": [7, 13, 9, 14], "rotation": 270, "texture": "#2", "cullface": "west"}
			}
		},
		{
			"from": [-0.5, 1, 8],
			"to": [0.5, 2, 9],
			"faces": {
				"north": {"uv": [8, 14, 9, 15], "rotation": 90, "texture": "#2", "cullface": "west"},
				"south": {"uv": [8, 14, 9, 15], "rotation": 270, "texture": "#2", "cullface": "west"},
				"west": {"uv": [8, 14, 9, 15], "texture": "#2", "cullface": "west"},
				"up": {"uv": [8, 14, 9, 15], "rotation": 270, "texture": "#2", "cullface": "west"},
				"down": {"uv": [8, 14, 9, 15], "rotation": 270, "texture": "#2", "cullface": "west"}
			}
		},
		{
			"from": [6, 13, -0.5],
			"to": [9, 14, 0.5],
			"faces": {
				"north": {"uv": [7, 2, 10, 3], "texture": "#2", "cullface": "north"},
				"east": {"uv": [7, 2, 8, 3], "rotation": 90, "texture": "#2", "cullface": "north"},
				"west": {"uv": [9, 2, 10, 3], "rotation": 270, "texture": "#2", "cullface": "north"},
				"up": {"uv": [7, 2, 10, 3], "texture": "#2", "cullface": "north"},
				"down": {"uv": [7, 2, 10, 3], "rotation": 180, "texture": "#2", "cullface": "north"}
			}
		},
		{
			"from": [7, 12, -0.5],
			"to": [11, 13, 0.5],
			"faces": {
				"north": {"uv": [5, 3, 9, 4], "texture": "#2", "cullface": "north"},
				"east": {"uv": [5, 3, 6, 4], "rotation": 90, "texture": "#2", "cullface": "north"},
				"west": {"uv": [8, 3, 9, 4], "rotation": 270, "texture": "#2", "cullface": "north"},
				"up": {"uv": [5, 3, 9, 4], "texture": "#2", "cullface": "north"},
				"down": {"uv": [5, 3, 9, 4], "rotation": 180, "texture": "#2", "cullface": "north"}
			}
		},
		{
			"from": [9, 11, -0.5],
			"to": [12, 12, 0.5],
			"faces": {
				"north": {"uv": [4, 4, 7, 5], "texture": "#2", "cullface": "north"},
				"east": {"uv": [4, 4, 5, 5], "rotation": 90, "texture": "#2", "cullface": "north"},
				"west": {"uv": [6, 4, 7, 5], "rotation": 270, "texture": "#2", "cullface": "north"},
				"up": {"uv": [4, 4, 7, 5], "texture": "#2", "cullface": "north"},
				"down": {"uv": [4, 4, 7, 5], "rotation": 180, "texture": "#2", "cullface": "north"}
			}
		},
		{
			"from": [10, 10, -0.5],
			"to": [13, 11, 0.5],
			"faces": {
				"north": {"uv": [3, 5, 6, 6], "texture": "#2", "cullface": "north"},
				"east": {"uv": [3, 5, 4, 6], "rotation": 90, "texture": "#2", "cullface": "north"},
				"west": {"uv": [5, 5, 6, 6], "rotation": 270, "texture": "#2", "cullface": "north"},
				"up": {"uv": [3, 5, 6, 6], "texture": "#2", "cullface": "north"},
				"down": {"uv": [3, 5, 6, 6], "rotation": 180, "texture": "#2", "cullface": "north"}
			}
		},
		{
			"from": [11, 9, -0.5],
			"to": [12, 10, 0.5],
			"faces": {
				"north": {"uv": [4, 6, 5, 7], "texture": "#2", "cullface": "north"},
				"east": {"uv": [4, 6, 5, 7], "rotation": 90, "texture": "#2", "cullface": "north"},
				"west": {"uv": [4, 6, 5, 7], "rotation": 270, "texture": "#2", "cullface": "north"},
				"up": {"uv": [4, 6, 5, 7], "texture": "#2", "cullface": "north"},
				"down": {"uv": [4, 6, 5, 7], "rotation": 180, "texture": "#2", "cullface": "north"}
			}
		},
		{
			"from": [4, 10, -0.5],
			"to": [8, 11, 0.5],
			"faces": {
				"north": {"uv": [8, 5, 12, 6], "texture": "#2", "cullface": "north"},
				"east": {"uv": [8, 5, 9, 6], "rotation": 90, "texture": "#2", "cullface": "north"},
				"west": {"uv": [11, 5, 12, 6], "rotation": 270, "texture": "#2", "cullface": "north"},
				"up": {"uv": [8, 5, 12, 6], "texture": "#2", "cullface": "north"},
				"down": {"uv": [8, 5, 12, 6], "rotation": 180, "texture": "#2", "cullface": "north"}
			}
		},
		{
			"from": [5, 9, -0.5],
			"to": [10, 10, 0.5],
			"faces": {
				"north": {"uv": [6, 6, 11, 7], "texture": "#2", "cullface": "north"},
				"east": {"uv": [6, 6, 7, 7], "rotation": 90, "texture": "#2", "cullface": "north"},
				"west": {"uv": [10, 6, 11, 7], "rotation": 270, "texture": "#2", "cullface": "north"},
				"up": {"uv": [6, 6, 11, 7], "texture": "#2", "cullface": "north"},
				"down": {"uv": [6, 6, 11, 7], "rotation": 180, "texture": "#2", "cullface": "north"}
			}
		},
		{
			"from": [7, 8, -0.5],
			"to": [11, 9, 0.5],
			"faces": {
				"north": {"uv": [5, 7, 9, 8], "texture": "#2", "cullface": "north"},
				"east": {"uv": [5, 7, 6, 8], "rotation": 90, "texture": "#2", "cullface": "north"},
				"west": {"uv": [8, 7, 9, 8], "rotation": 270, "texture": "#2", "cullface": "north"},
				"up": {"uv": [5, 7, 9, 8], "texture": "#2", "cullface": "north"},
				"down": {"uv": [5, 7, 9, 8], "rotation": 180, "texture": "#2", "cullface": "north"}
			}
		},
		{
			"from": [9, 7, -0.5],
			"to": [12, 8, 0.5],
			"faces": {
				"north": {"uv": [4, 8, 7, 9], "texture": "#2", "cullface": "north"},
				"east": {"uv": [4, 8, 5, 9], "rotation": 90, "texture": "#2", "cullface": "north"},
				"west": {"uv": [6, 8, 7, 9], "rotation": 270, "texture": "#2", "cullface": "north"},
				"up": {"uv": [4, 8, 7, 9], "texture": "#2", "cullface": "north"},
				"down": {"uv": [4, 8, 7, 9], "rotation": 180, "texture": "#2", "cullface": "north"}
			}
		},
		{
			"from": [10, 6, -0.5],
			"to": [12, 7, 0.5],
			"faces": {
				"north": {"uv": [4, 9, 6, 10], "texture": "#2", "cullface": "north"},
				"east": {"uv": [4, 9, 5, 10], "rotation": 90, "texture": "#2", "cullface": "north"},
				"west": {"uv": [5, 9, 6, 10], "rotation": 270, "texture": "#2", "cullface": "north"},
				"up": {"uv": [4, 9, 6, 10], "texture": "#2", "cullface": "north"},
				"down": {"uv": [4, 9, 6, 10], "rotation": 180, "texture": "#2", "cullface": "north"}
			}
		},
		{
			"from": [10, 5, -0.5],
			"to": [13, 6, 0.5],
			"faces": {
				"north": {"uv": [3, 10, 6, 11], "texture": "#2", "cullface": "north"},
				"east": {"uv": [3, 10, 4, 11], "rotation": 90, "texture": "#2", "cullface": "north"},
				"west": {"uv": [5, 10, 6, 11], "rotation": 270, "texture": "#2", "cullface": "north"},
				"up": {"uv": [3, 10, 6, 11], "texture": "#2", "cullface": "north"},
				"down": {"uv": [3, 10, 6, 11], "rotation": 180, "texture": "#2", "cullface": "north"}
			}
		},
		{
			"from": [11, 4, -0.5],
			"to": [13, 5, 0.5],
			"faces": {
				"north": {"uv": [3, 11, 5, 12], "texture": "#2", "cullface": "north"},
				"east": {"uv": [3, 11, 4, 12], "rotation": 90, "texture": "#2", "cullface": "north"},
				"west": {"uv": [4, 11, 5, 12], "rotation": 270, "texture": "#2", "cullface": "north"},
				"up": {"uv": [3, 11, 5, 12], "texture": "#2", "cullface": "north"},
				"down": {"uv": [3, 11, 5, 12], "rotation": 180, "texture": "#2", "cullface": "north"}
			}
		},
		{
			"from": [2, 3, -0.5],
			"to": [3, 4, 0.5],
			"faces": {
				"north": {"uv": [13, 12, 14, 13], "texture": "#2", "cullface": "north"},
				"east": {"uv": [13, 12, 14, 13], "rotation": 90, "texture": "#2", "cullface": "north"},
				"west": {"uv": [13, 12, 14, 13], "rotation": 270, "texture": "#2", "cullface": "north"},
				"up": {"uv": [13, 12, 14, 13], "texture": "#2", "cullface": "north"},
				"down": {"uv": [13, 12, 14, 13], "rotation": 180, "texture": "#2", "cullface": "north"}
			}
		},
		{
			"from": [3, 2, -0.5],
			"to": [5, 3, 0.5],
			"faces": {
				"north": {"uv": [11, 13, 13, 14], "texture": "#2", "cullface": "north"},
				"east": {"uv": [11, 13, 12, 14], "rotation": 90, "texture": "#2", "cullface": "north"},
				"west": {"uv": [12, 13, 13, 14], "rotation": 270, "texture": "#2", "cullface": "north"},
				"up": {"uv": [11, 13, 13, 14], "texture": "#2", "cullface": "north"},
				"down": {"uv": [11, 13, 13, 14], "rotation": 180, "texture": "#2", "cullface": "north"}
			}
		},
		{
			"from": [1, 9, -0.5],
			"to": [2, 10, 0.5],
			"faces": {
				"north": {"uv": [14, 6, 15, 7], "texture": "#2", "cullface": "north"},
				"east": {"uv": [14, 6, 15, 7], "rotation": 90, "texture": "#2", "cullface": "north"},
				"west": {"uv": [14, 6, 15, 7], "rotation": 270, "texture": "#2", "cullface": "north"},
				"up": {"uv": [14, 6, 15, 7], "texture": "#2", "cullface": "north"},
				"down": {"uv": [14, 6, 15, 7], "rotation": 180, "texture": "#2", "cullface": "north"}
			}
		},
		{
			"from": [1, 8, -0.5],
			"to": [3, 9, 0.5],
			"faces": {
				"north": {"uv": [13, 7, 15, 8], "texture": "#2", "cullface": "north"},
				"east": {"uv": [13, 7, 14, 8], "rotation": 90, "texture": "#2", "cullface": "north"},
				"west": {"uv": [14, 7, 15, 8], "rotation": 270, "texture": "#2", "cullface": "north"},
				"up": {"uv": [13, 7, 15, 8], "texture": "#2", "cullface": "north"},
				"down": {"uv": [13, 7, 15, 8], "rotation": 180, "texture": "#2", "cullface": "north"}
			}
		},
		{
			"from": [1, 7, -0.5],
			"to": [4, 8, 0.5],
			"faces": {
				"north": {"uv": [12, 8, 15, 9], "texture": "#2", "cullface": "north"},
				"east": {"uv": [12, 8, 13, 9], "rotation": 90, "texture": "#2", "cullface": "north"},
				"west": {"uv": [14, 8, 15, 9], "rotation": 270, "texture": "#2", "cullface": "north"},
				"up": {"uv": [12, 8, 15, 9], "texture": "#2", "cullface": "north"},
				"down": {"uv": [12, 8, 15, 9], "rotation": 180, "texture": "#2", "cullface": "north"}
			}
		},
		{
			"from": [1, 6, -0.5],
			"to": [4, 7, 0.5],
			"faces": {
				"north": {"uv": [12, 9, 15, 10], "texture": "#2", "cullface": "north"},
				"east": {"uv": [12, 9, 13, 10], "rotation": 90, "texture": "#2", "cullface": "north"},
				"west": {"uv": [14, 9, 15, 10], "rotation": 270, "texture": "#2", "cullface": "north"},
				"up": {"uv": [12, 9, 15, 10], "texture": "#2", "cullface": "north"},
				"down": {"uv": [12, 9, 15, 10], "rotation": 180, "texture": "#2", "cullface": "north"}
			}
		},
		{
			"from": [3, 5, -0.5],
			"to": [4, 6, 0.5],
			"faces": {
				"north": {"uv": [12, 10, 13, 11], "texture": "#2", "cullface": "north"},
				"east": {"uv": [12, 10, 13, 11], "rotation": 90, "texture": "#2", "cullface": "north"},
				"west": {"uv": [12, 10, 13, 11], "rotation": 270, "texture": "#2", "cullface": "north"},
				"up": {"uv": [12, 10, 13, 11], "texture": "#2", "cullface": "north"},
				"down": {"uv": [12, 10, 13, 11], "rotation": 180, "texture": "#2", "cullface": "north"}
			}
		},
		{
			"from": [6, 5, -0.5],
			"to": [7, 6, 0.5],
			"faces": {
				"north": {"uv": [9, 10, 10, 11], "texture": "#2", "cullface": "north"},
				"east": {"uv": [9, 10, 10, 11], "rotation": 90, "texture": "#2", "cullface": "north"},
				"west": {"uv": [9, 10, 10, 11], "rotation": 270, "texture": "#2", "cullface": "north"},
				"up": {"uv": [9, 10, 10, 11], "texture": "#2", "cullface": "north"},
				"down": {"uv": [9, 10, 10, 11], "rotation": 180, "texture": "#2", "cullface": "north"}
			}
		},
		{
			"from": [6, 4, -0.5],
			"to": [8, 5, 0.5],
			"faces": {
				"north": {"uv": [8, 11, 10, 12], "texture": "#2", "cullface": "north"},
				"east": {"uv": [8, 11, 9, 12], "rotation": 90, "texture": "#2", "cullface": "north"},
				"west": {"uv": [9, 11, 10, 12], "rotation": 270, "texture": "#2", "cullface": "north"},
				"up": {"uv": [8, 11, 10, 12], "texture": "#2", "cullface": "north"},
				"down": {"uv": [8, 11, 10, 12], "rotation": 180, "texture": "#2", "cullface": "north"}
			}
		},
		{
			"from": [6, 3, -0.5],
			"to": [9, 4, 0.5],
			"faces": {
				"north": {"uv": [7, 12, 10, 13], "texture": "#2", "cullface": "north"},
				"east": {"uv": [7, 12, 8, 13], "rotation": 90, "texture": "#2", "cullface": "north"},
				"west": {"uv": [9, 12, 10, 13], "rotation": 270, "texture": "#2", "cullface": "north"},
				"up": {"uv": [7, 12, 10, 13], "texture": "#2", "cullface": "north"},
				"down": {"uv": [7, 12, 10, 13], "rotation": 180, "texture": "#2", "cullface": "north"}
			}
		},
		{
			"from": [7, 2, -0.5],
			"to": [9, 3, 0.5],
			"faces": {
				"north": {"uv": [7, 13, 9, 14], "texture": "#2", "cullface": "north"},
				"east": {"uv": [7, 13, 8, 14], "rotation": 90, "texture": "#2", "cullface": "north"},
				"west": {"uv": [8, 13, 9, 14], "rotation": 270, "texture": "#2", "cullface": "north"},
				"up": {"uv": [7, 13, 9, 14], "texture": "#2", "cullface": "north"},
				"down": {"uv": [7, 13, 9, 14], "rotation": 180, "texture": "#2", "cullface": "north"}
			}
		},
		{
			"from": [7, 1, -0.5],
			"to": [8, 2, 0.5],
			"faces": {
				"north": {"uv": [8, 14, 9, 15], "texture": "#2", "cullface": "north"},
				"east": {"uv": [8, 14, 9, 15], "rotation": 90, "texture": "#2", "cullface": "north"},
				"west": {"uv": [8, 14, 9, 15], "rotation": 270, "texture": "#2", "cullface": "north"},
				"up": {"uv": [8, 14, 9, 15], "texture": "#2", "cullface": "north"},
				"down": {"uv": [8, 14, 9, 15], "rotation": 180, "texture": "#2", "cullface": "north"}
			}
		},
		{
			"from": [15.5, 13, 6],
			"to": [16.5, 14, 9],
			"faces": {
				"north": {"uv": [9, 2, 10, 3], "rotation": 270, "texture": "#2", "cullface": "east"},
				"east": {"uv": [7, 2, 10, 3], "texture": "#2", "cullface": "east"},
				"south": {"uv": [7, 2, 8, 3], "rotation": 90, "texture": "#2", "cullface": "east"},
				"up": {"uv": [7, 2, 10, 3], "rotation": 90, "texture": "#2", "cullface": "east"},
				"down": {"uv": [7, 2, 10, 3], "rotation": 90, "texture": "#2", "cullface": "east"}
			}
		},
		{
			"from": [15.5, 12, 7],
			"to": [16.5, 13, 11],
			"faces": {
				"north": {"uv": [8, 3, 9, 4], "rotation": 270, "texture": "#2", "cullface": "east"},
				"east": {"uv": [5, 3, 9, 4], "texture": "#2", "cullface": "east"},
				"south": {"uv": [5, 3, 6, 4], "rotation": 90, "texture": "#2", "cullface": "east"},
				"up": {"uv": [5, 3, 9, 4], "rotation": 90, "texture": "#2", "cullface": "east"},
				"down": {"uv": [5, 3, 9, 4], "rotation": 90, "texture": "#2", "cullface": "east"}
			}
		},
		{
			"from": [15.5, 11, 9],
			"to": [16.5, 12, 12],
			"faces": {
				"north": {"uv": [6, 4, 7, 5], "rotation": 270, "texture": "#2", "cullface": "east"},
				"east": {"uv": [4, 4, 7, 5], "texture": "#2", "cullface": "east"},
				"south": {"uv": [4, 4, 5, 5], "rotation": 90, "texture": "#2", "cullface": "east"},
				"up": {"uv": [4, 4, 7, 5], "rotation": 90, "texture": "#2", "cullface": "east"},
				"down": {"uv": [4, 4, 7, 5], "rotation": 90, "texture": "#2", "cullface": "east"}
			}
		},
		{
			"from": [15.5, 10, 10],
			"to": [16.5, 11, 13],
			"faces": {
				"north": {"uv": [5, 5, 6, 6], "rotation": 270, "texture": "#2", "cullface": "east"},
				"east": {"uv": [3, 5, 6, 6], "texture": "#2", "cullface": "east"},
				"south": {"uv": [3, 5, 4, 6], "rotation": 90, "texture": "#2", "cullface": "east"},
				"up": {"uv": [3, 5, 6, 6], "rotation": 90, "texture": "#2", "cullface": "east"},
				"down": {"uv": [3, 5, 6, 6], "rotation": 90, "texture": "#2", "cullface": "east"}
			}
		},
		{
			"from": [15.5, 9, 11],
			"to": [16.5, 10, 12],
			"faces": {
				"north": {"uv": [4, 6, 5, 7], "rotation": 270, "texture": "#2", "cullface": "east"},
				"east": {"uv": [4, 6, 5, 7], "texture": "#2", "cullface": "east"},
				"south": {"uv": [4, 6, 5, 7], "rotation": 90, "texture": "#2", "cullface": "east"},
				"up": {"uv": [4, 6, 5, 7], "rotation": 90, "texture": "#2", "cullface": "east"},
				"down": {"uv": [4, 6, 5, 7], "rotation": 90, "texture": "#2", "cullface": "east"}
			}
		},
		{
			"from": [15.5, 10, 4],
			"to": [16.5, 11, 8],
			"faces": {
				"north": {"uv": [11, 5, 12, 6], "rotation": 270, "texture": "#2", "cullface": "east"},
				"east": {"uv": [8, 5, 12, 6], "texture": "#2", "cullface": "east"},
				"south": {"uv": [8, 5, 9, 6], "rotation": 90, "texture": "#2", "cullface": "east"},
				"up": {"uv": [8, 5, 12, 6], "rotation": 90, "texture": "#2", "cullface": "east"},
				"down": {"uv": [8, 5, 12, 6], "rotation": 90, "texture": "#2", "cullface": "east"}
			}
		},
		{
			"from": [15.5, 9, 5],
			"to": [16.5, 10, 10],
			"faces": {
				"north": {"uv": [10, 6, 11, 7], "rotation": 270, "texture": "#2", "cullface": "east"},
				"east": {"uv": [6, 6, 11, 7], "texture": "#2", "cullface": "east"},
				"south": {"uv": [6, 6, 7, 7], "rotation": 90, "texture": "#2", "cullface": "east"},
				"up": {"uv": [6, 6, 11, 7], "rotation": 90, "texture": "#2", "cullface": "east"},
				"down": {"uv": [6, 6, 11, 7], "rotation": 90, "texture": "#2", "cullface": "east"}
			}
		},
		{
			"from": [15.5, 8, 7],
			"to": [16.5, 9, 11],
			"faces": {
				"north": {"uv": [8, 7, 9, 8], "rotation": 270, "texture": "#2", "cullface": "east"},
				"east": {"uv": [5, 7, 9, 8], "texture": "#2", "cullface": "east"},
				"south": {"uv": [5, 7, 6, 8], "rotation": 90, "texture": "#2", "cullface": "east"},
				"up": {"uv": [5, 7, 9, 8], "rotation": 90, "texture": "#2", "cullface": "east"},
				"down": {"uv": [5, 7, 9, 8], "rotation": 90, "texture": "#2", "cullface": "east"}
			}
		},
		{
			"from": [15.5, 7, 9],
			"to": [16.5, 8, 12],
			"faces": {
				"north": {"uv": [6, 8, 7, 9], "rotation": 270, "texture": "#2", "cullface": "east"},
				"east": {"uv": [4, 8, 7, 9], "texture": "#2", "cullface": "east"},
				"south": {"uv": [4, 8, 5, 9], "rotation": 90, "texture": "#2", "cullface": "east"},
				"up": {"uv": [4, 8, 7, 9], "rotation": 90, "texture": "#2", "cullface": "east"},
				"down": {"uv": [4, 8, 7, 9], "rotation": 90, "texture": "#2", "cullface": "east"}
			}
		},
		{
			"from": [15.5, 6, 10],
			"to": [16.5, 7, 12],
			"faces": {
				"north": {"uv": [5, 9, 6, 10], "rotation": 270, "texture": "#2", "cullface": "east"},
				"east": {"uv": [4, 9, 6, 10], "texture": "#2", "cullface": "east"},
				"south": {"uv": [4, 9, 5, 10], "rotation": 90, "texture": "#2", "cullface": "east"},
				"up": {"uv": [4, 9, 6, 10], "rotation": 90, "texture": "#2", "cullface": "east"},
				"down": {"uv": [4, 9, 6, 10], "rotation": 90, "texture": "#2", "cullface": "east"}
			}
		},
		{
			"from": [15.5, 5, 10],
			"to": [16.5, 6, 13],
			"faces": {
				"north": {"uv": [5, 10, 6, 11], "rotation": 270, "texture": "#2", "cullface": "east"},
				"east": {"uv": [3, 10, 6, 11], "texture": "#2", "cullface": "east"},
				"south": {"uv": [3, 10, 4, 11], "rotation": 90, "texture": "#2", "cullface": "east"},
				"up": {"uv": [3, 10, 6, 11], "rotation": 90, "texture": "#2", "cullface": "east"},
				"down": {"uv": [3, 10, 6, 11], "rotation": 90, "texture": "#2", "cullface": "east"}
			}
		},
		{
			"from": [15.5, 4, 11],
			"to": [16.5, 5, 13],
			"faces": {
				"north": {"uv": [4, 11, 5, 12], "rotation": 270, "texture": "#2", "cullface": "east"},
				"east": {"uv": [3, 11, 5, 12], "texture": "#2", "cullface": "east"},
				"south": {"uv": [3, 11, 4, 12], "rotation": 90, "texture": "#2", "cullface": "east"},
				"up": {"uv": [3, 11, 5, 12], "rotation": 90, "texture": "#2", "cullface": "east"},
				"down": {"uv": [3, 11, 5, 12], "rotation": 90, "texture": "#2", "cullface": "east"}
			}
		},
		{
			"from": [15.5, 3, 2],
			"to": [16.5, 4, 3],
			"faces": {
				"north": {"uv": [13, 12, 14, 13], "rotation": 270, "texture": "#2", "cullface": "east"},
				"east": {"uv": [13, 12, 14, 13], "texture": "#2", "cullface": "east"},
				"south": {"uv": [13, 12, 14, 13], "rotation": 90, "texture": "#2", "cullface": "east"},
				"up": {"uv": [13, 12, 14, 13], "rotation": 90, "texture": "#2", "cullface": "east"},
				"down": {"uv": [13, 12, 14, 13], "rotation": 90, "texture": "#2", "cullface": "east"}
			}
		},
		{
			"from": [15.5, 2, 3],
			"to": [16.5, 3, 5],
			"faces": {
				"north": {"uv": [12, 13, 13, 14], "rotation": 270, "texture": "#2", "cullface": "east"},
				"east": {"uv": [11, 13, 13, 14], "texture": "#2", "cullface": "east"},
				"south": {"uv": [11, 13, 12, 14], "rotation": 90, "texture": "#2", "cullface": "east"},
				"up": {"uv": [11, 13, 13, 14], "rotation": 90, "texture": "#2", "cullface": "east"},
				"down": {"uv": [11, 13, 13, 14], "rotation": 90, "texture": "#2", "cullface": "east"}
			}
		},
		{
			"from": [15.5, 9, 1],
			"to": [16.5, 10, 2],
			"faces": {
				"north": {"uv": [14, 6, 15, 7], "rotation": 270, "texture": "#2", "cullface": "east"},
				"east": {"uv": [14, 6, 15, 7], "texture": "#2", "cullface": "east"},
				"south": {"uv": [14, 6, 15, 7], "rotation": 90, "texture": "#2", "cullface": "east"},
				"up": {"uv": [14, 6, 15, 7], "rotation": 90, "texture": "#2", "cullface": "east"},
				"down": {"uv": [14, 6, 15, 7], "rotation": 90, "texture": "#2", "cullface": "east"}
			}
		},
		{
			"from": [15.5, 8, 1],
			"to": [16.5, 9, 3],
			"faces": {
				"north": {"uv": [14, 7, 15, 8], "rotation": 270, "texture": "#2", "cullface": "east"},
				"east": {"uv": [13, 7, 15, 8], "texture": "#2", "cullface": "east"},
				"south": {"uv": [13, 7, 14, 8], "rotation": 90, "texture": "#2", "cullface": "east"},
				"up": {"uv": [13, 7, 15, 8], "rotation": 90, "texture": "#2", "cullface": "east"},
				"down": {"uv": [13, 7, 15, 8], "rotation": 90, "texture": "#2", "cullface": "east"}
			}
		},
		{
			"from": [15.5, 7, 1],
			"to": [16.5, 8, 4],
			"faces": {
				"north": {"uv": [14, 8, 15, 9], "rotation": 270, "texture": "#2", "cullface": "east"},
				"east": {"uv": [12, 8, 15, 9], "texture": "#2", "cullface": "east"},
				"south": {"uv": [12, 8, 13, 9], "rotation": 90, "texture": "#2", "cullface": "east"},
				"up": {"uv": [12, 8, 15, 9], "rotation": 90, "texture": "#2", "cullface": "east"},
				"down": {"uv": [12, 8, 15, 9], "rotation": 90, "texture": "#2", "cullface": "east"}
			}
		},
		{
			"from": [15.5, 6, 1],
			"to": [16.5, 7, 4],
			"faces": {
				"north": {"uv": [14, 9, 15, 10], "rotation": 270, "texture": "#2", "cullface": "east"},
				"east": {"uv": [12, 9, 15, 10], "texture": "#2", "cullface": "east"},
				"south": {"uv": [12, 9, 13, 10], "rotation": 90, "texture": "#2", "cullface": "east"},
				"up": {"uv": [12, 9, 15, 10], "rotation": 90, "texture": "#2", "cullface": "east"},
				"down": {"uv": [12, 9, 15, 10], "rotation": 90, "texture": "#2", "cullface": "east"}
			}
		},
		{
			"from": [15.5, 5, 3],
			"to": [16.5, 6, 4],
			"faces": {
				"north": {"uv": [12, 10, 13, 11], "rotation": 270, "texture": "#2", "cullface": "east"},
				"east": {"uv": [12, 10, 13, 11], "texture": "#2", "cullface": "east"},
				"south": {"uv": [12, 10, 13, 11], "rotation": 90, "texture": "#2", "cullface": "east"},
				"up": {"uv": [12, 10, 13, 11], "rotation": 90, "texture": "#2", "cullface": "east"},
				"down": {"uv": [12, 10, 13, 11], "rotation": 90, "texture": "#2", "cullface": "east"}
			}
		},
		{
			"from": [15.5, 5, 6],
			"to": [16.5, 6, 7],
			"faces": {
				"north": {"uv": [9, 10, 10, 11], "rotation": 270, "texture": "#2", "cullface": "east"},
				"east": {"uv": [9, 10, 10, 11], "texture": "#2", "cullface": "east"},
				"south": {"uv": [9, 10, 10, 11], "rotation": 90, "texture": "#2", "cullface": "east"},
				"up": {"uv": [9, 10, 10, 11], "rotation": 90, "texture": "#2", "cullface": "east"},
				"down": {"uv": [9, 10, 10, 11], "rotation": 90, "texture": "#2", "cullface": "east"}
			}
		},
		{
			"from": [15.5, 4, 6],
			"to": [16.5, 5, 8],
			"faces": {
				"north": {"uv": [9, 11, 10, 12], "rotation": 270, "texture": "#2", "cullface": "east"},
				"east": {"uv": [8, 11, 10, 12], "texture": "#2", "cullface": "east"},
				"south": {"uv": [8, 11, 9, 12], "rotation": 90, "texture": "#2", "cullface": "east"},
				"up": {"uv": [8, 11, 10, 12], "rotation": 90, "texture": "#2", "cullface": "east"},
				"down": {"uv": [8, 11, 10, 12], "rotation": 90, "texture": "#2", "cullface": "east"}
			}
		},
		{
			"from": [15.5, 3, 6],
			"to": [16.5, 4, 9],
			"faces": {
				"north": {"uv": [9, 12, 10, 13], "rotation": 270, "texture": "#2", "cullface": "east"},
				"east": {"uv": [7, 12, 10, 13], "texture": "#2", "cullface": "east"},
				"south": {"uv": [7, 12, 8, 13], "rotation": 90, "texture": "#2", "cullface": "east"},
				"up": {"uv": [7, 12, 10, 13], "rotation": 90, "texture": "#2", "cullface": "east"},
				"down": {"uv": [7, 12, 10, 13], "rotation": 90, "texture": "#2", "cullface": "east"}
			}
		},
		{
			"from": [15.5, 2, 7],
			"to": [16.5, 3, 9],
			"faces": {
				"north": {"uv": [8, 13, 9, 14], "rotation": 270, "texture": "#2", "cullface": "east"},
				"east": {"uv": [7, 13, 9, 14], "texture": "#2", "cullface": "east"},
				"south": {"uv": [7, 13, 8, 14], "rotation": 90, "texture": "#2", "cullface": "east"},
				"up": {"uv": [7, 13, 9, 14], "rotation": 90, "texture": "#2", "cullface": "east"},
				"down": {"uv": [7, 13, 9, 14], "rotation": 90, "texture": "#2", "cullface": "east"}
			}
		},
		{
			"from": [15.5, 1, 7],
			"to": [16.5, 2, 8],
			"faces": {
				"north": {"uv": [8, 14, 9, 15], "rotation": 270, "texture": "#2", "cullface": "east"},
				"east": {"uv": [8, 14, 9, 15], "texture": "#2", "cullface": "east"},
				"south": {"uv": [8, 14, 9, 15], "rotation": 90, "texture": "#2", "cullface": "east"},
				"up": {"uv": [8, 14, 9, 15], "rotation": 90, "texture": "#2", "cullface": "east"},
				"down": {"uv": [8, 14, 9, 15], "rotation": 90, "texture": "#2", "cullface": "east"}
			}
		},
		{
			"from": [7, -0.5, 13],
			"to": [10, 0.5, 14],
			"faces": {
				"north": {"uv": [7, 2, 10, 3], "rotation": 180, "texture": "#2", "cullface": "down"},
				"east": {"uv": [9, 2, 10, 3], "rotation": 180, "texture": "#2", "cullface": "down"},
				"south": {"uv": [7, 2, 10, 3], "rotation": 180, "texture": "#2", "cullface": "down"},
				"west": {"uv": [7, 2, 8, 3], "rotation": 180, "texture": "#2", "cullface": "down"},
				"down": {"uv": [7, 2, 10, 3], "texture": "#2", "cullface": "down"}
			}
		},
		{
			"from": [5, -0.5, 12],
			"to": [9, 0.5, 13],
			"faces": {
				"north": {"uv": [5, 3, 9, 4], "rotation": 180, "texture": "#2", "cullface": "down"},
				"east": {"uv": [8, 3, 9, 4], "rotation": 180, "texture": "#2", "cullface": "down"},
				"south": {"uv": [5, 3, 9, 4], "rotation": 180, "texture": "#2", "cullface": "down"},
				"west": {"uv": [5, 3, 6, 4], "rotation": 180, "texture": "#2", "cullface": "down"},
				"down": {"uv": [5, 3, 9, 4], "texture": "#2", "cullface": "down"}
			}
		},
		{
			"from": [4, -0.5, 11],
			"to": [7, 0.5, 12],
			"faces": {
				"north": {"uv": [4, 4, 7, 5], "rotation": 180, "texture": "#2", "cullface": "down"},
				"east": {"uv": [6, 4, 7, 5], "rotation": 180, "texture": "#2", "cullface": "down"},
				"south": {"uv": [4, 4, 7, 5], "rotation": 180, "texture": "#2", "cullface": "down"},
				"west": {"uv": [4, 4, 5, 5], "rotation": 180, "texture": "#2", "cullface": "down"},
				"down": {"uv": [4, 4, 7, 5], "texture": "#2", "cullface": "down"}
			}
		},
		{
			"from": [3, -0.5, 10],
			"to": [6, 0.5, 11],
			"faces": {
				"north": {"uv": [3, 5, 6, 6], "rotation": 180, "texture": "#2", "cullface": "down"},
				"east": {"uv": [5, 5, 6, 6], "rotation": 180, "texture": "#2", "cullface": "down"},
				"south": {"uv": [3, 5, 6, 6], "rotation": 180, "texture": "#2", "cullface": "down"},
				"west": {"uv": [3, 5, 4, 6], "rotation": 180, "texture": "#2", "cullface": "down"},
				"down": {"uv": [3, 5, 6, 6], "texture": "#2", "cullface": "down"}
			}
		},
		{
			"from": [4, -0.5, 9],
			"to": [5, 0.5, 10],
			"faces": {
				"north": {"uv": [4, 6, 5, 7], "rotation": 180, "texture": "#2", "cullface": "down"},
				"east": {"uv": [4, 6, 5, 7], "rotation": 180, "texture": "#2", "cullface": "down"},
				"south": {"uv": [4, 6, 5, 7], "rotation": 180, "texture": "#2", "cullface": "down"},
				"west": {"uv": [4, 6, 5, 7], "rotation": 180, "texture": "#2", "cullface": "down"},
				"down": {"uv": [4, 6, 5, 7], "texture": "#2", "cullface": "down"}
			}
		},
		{
			"from": [8, -0.5, 10],
			"to": [12, 0.5, 11],
			"faces": {
				"north": {"uv": [8, 5, 12, 6], "rotation": 180, "texture": "#2", "cullface": "down"},
				"east": {"uv": [11, 5, 12, 6], "rotation": 180, "texture": "#2", "cullface": "down"},
				"south": {"uv": [8, 5, 12, 6], "rotation": 180, "texture": "#2", "cullface": "down"},
				"west": {"uv": [8, 5, 9, 6], "rotation": 180, "texture": "#2", "cullface": "down"},
				"down": {"uv": [8, 5, 12, 6], "texture": "#2", "cullface": "down"}
			}
		},
		{
			"from": [6, -0.5, 9],
			"to": [11, 0.5, 10],
			"faces": {
				"north": {"uv": [6, 6, 11, 7], "rotation": 180, "texture": "#2", "cullface": "down"},
				"east": {"uv": [10, 6, 11, 7], "rotation": 180, "texture": "#2", "cullface": "down"},
				"south": {"uv": [6, 6, 11, 7], "rotation": 180, "texture": "#2", "cullface": "down"},
				"west": {"uv": [6, 6, 7, 7], "rotation": 180, "texture": "#2", "cullface": "down"},
				"down": {"uv": [6, 6, 11, 7], "texture": "#2", "cullface": "down"}
			}
		},
		{
			"from": [5, -0.5, 8],
			"to": [9, 0.5, 9],
			"faces": {
				"north": {"uv": [5, 7, 9, 8], "rotation": 180, "texture": "#2", "cullface": "down"},
				"east": {"uv": [8, 7, 9, 8], "rotation": 180, "texture": "#2", "cullface": "down"},
				"south": {"uv": [5, 7, 9, 8], "rotation": 180, "texture": "#2", "cullface": "down"},
				"west": {"uv": [5, 7, 6, 8], "rotation": 180, "texture": "#2", "cullface": "down"},
				"down": {"uv": [5, 7, 9, 8], "texture": "#2", "cullface": "down"}
			}
		},
		{
			"from": [4, -0.5, 7],
			"to": [7, 0.5, 8],
			"faces": {
				"north": {"uv": [4, 8, 7, 9], "rotation": 180, "texture": "#2", "cullface": "down"},
				"east": {"uv": [6, 8, 7, 9], "rotation": 180, "texture": "#2", "cullface": "down"},
				"south": {"uv": [4, 8, 7, 9], "rotation": 180, "texture": "#2", "cullface": "down"},
				"west": {"uv": [4, 8, 5, 9], "rotation": 180, "texture": "#2", "cullface": "down"},
				"down": {"uv": [4, 8, 7, 9], "texture": "#2", "cullface": "down"}
			}
		},
		{
			"from": [4, -0.5, 6],
			"to": [6, 0.5, 7],
			"faces": {
				"north": {"uv": [4, 9, 6, 10], "rotation": 180, "texture": "#2", "cullface": "down"},
				"east": {"uv": [5, 9, 6, 10], "rotation": 180, "texture": "#2", "cullface": "down"},
				"south": {"uv": [4, 9, 6, 10], "rotation": 180, "texture": "#2", "cullface": "down"},
				"west": {"uv": [4, 9, 5, 10], "rotation": 180, "texture": "#2", "cullface": "down"},
				"down": {"uv": [4, 9, 6, 10], "texture": "#2", "cullface": "down"}
			}
		},
		{
			"from": [3, -0.5, 5],
			"to": [6, 0.5, 6],
			"faces": {
				"north": {"uv": [3, 10, 6, 11], "rotation": 180, "texture": "#2", "cullface": "down"},
				"east": {"uv": [5, 10, 6, 11], "rotation": 180, "texture": "#2", "cullface": "down"},
				"south": {"uv": [3, 10, 6, 11], "rotation": 180, "texture": "#2", "cullface": "down"},
				"west": {"uv": [3, 10, 4, 11], "rotation": 180, "texture": "#2", "cullface": "down"},
				"down": {"uv": [3, 10, 6, 11], "texture": "#2", "cullface": "down"}
			}
		},
		{
			"from": [3, -0.5, 4],
			"to": [5, 0.5, 5],
			"faces": {
				"north": {"uv": [3, 11, 5, 12], "rotation": 180, "texture": "#2", "cullface": "down"},
				"east": {"uv": [4, 11, 5, 12], "rotation": 180, "texture": "#2", "cullface": "down"},
				"south": {"uv": [3, 11, 5, 12], "rotation": 180, "texture": "#2", "cullface": "down"},
				"west": {"uv": [3, 11, 4, 12], "rotation": 180, "texture": "#2", "cullface": "down"},
				"down": {"uv": [3, 11, 5, 12], "texture": "#2", "cullface": "down"}
			}
		},
		{
			"from": [13, -0.5, 3],
			"to": [14, 0.5, 4],
			"faces": {
				"north": {"uv": [13, 12, 14, 13], "rotation": 180, "texture": "#2", "cullface": "down"},
				"east": {"uv": [13, 12, 14, 13], "rotation": 180, "texture": "#2", "cullface": "down"},
				"south": {"uv": [13, 12, 14, 13], "rotation": 180, "texture": "#2", "cullface": "down"},
				"west": {"uv": [13, 12, 14, 13], "rotation": 180, "texture": "#2", "cullface": "down"},
				"down": {"uv": [13, 12, 14, 13], "texture": "#2", "cullface": "down"}
			}
		},
		{
			"from": [11, -0.5, 2],
			"to": [13, 0.5, 3],
			"faces": {
				"north": {"uv": [11, 13, 13, 14], "rotation": 180, "texture": "#2", "cullface": "down"},
				"east": {"uv": [12, 13, 13, 14], "rotation": 180, "texture": "#2", "cullface": "down"},
				"south": {"uv": [11, 13, 13, 14], "rotation": 180, "texture": "#2", "cullface": "down"},
				"west": {"uv": [11, 13, 12, 14], "rotation": 180, "texture": "#2", "cullface": "down"},
				"down": {"uv": [11, 13, 13, 14], "texture": "#2", "cullface": "down"}
			}
		},
		{
			"from": [14, -0.5, 9],
			"to": [15, 0.5, 10],
			"faces": {
				"north": {"uv": [14, 6, 15, 7], "rotation": 180, "texture": "#2", "cullface": "down"},
				"east": {"uv": [14, 6, 15, 7], "rotation": 180, "texture": "#2", "cullface": "down"},
				"south": {"uv": [14, 6, 15, 7], "rotation": 180, "texture": "#2", "cullface": "down"},
				"west": {"uv": [14, 6, 15, 7], "rotation": 180, "texture": "#2", "cullface": "down"},
				"down": {"uv": [14, 6, 15, 7], "texture": "#2", "cullface": "down"}
			}
		},
		{
			"from": [13, -0.5, 8],
			"to": [15, 0.5, 9],
			"faces": {
				"north": {"uv": [13, 7, 15, 8], "rotation": 180, "texture": "#2", "cullface": "down"},
				"east": {"uv": [14, 7, 15, 8], "rotation": 180, "texture": "#2", "cullface": "down"},
				"south": {"uv": [13, 7, 15, 8], "rotation": 180, "texture": "#2", "cullface": "down"},
				"west": {"uv": [13, 7, 14, 8], "rotation": 180, "texture": "#2", "cullface": "down"},
				"down": {"uv": [13, 7, 15, 8], "texture": "#2", "cullface": "down"}
			}
		},
		{
			"from": [12, -0.5, 7],
			"to": [15, 0.5, 8],
			"faces": {
				"north": {"uv": [12, 8, 15, 9], "rotation": 180, "texture": "#2", "cullface": "down"},
				"east": {"uv": [14, 8, 15, 9], "rotation": 180, "texture": "#2", "cullface": "down"},
				"south": {"uv": [12, 8, 15, 9], "rotation": 180, "texture": "#2", "cullface": "down"},
				"west": {"uv": [12, 8, 13, 9], "rotation": 180, "texture": "#2", "cullface": "down"},
				"down": {"uv": [12, 8, 15, 9], "texture": "#2", "cullface": "down"}
			}
		},
		{
			"from": [12, -0.5, 6],
			"to": [15, 0.5, 7],
			"faces": {
				"north": {"uv": [12, 9, 15, 10], "rotation": 180, "texture": "#2", "cullface": "down"},
				"east": {"uv": [14, 9, 15, 10], "rotation": 180, "texture": "#2", "cullface": "down"},
				"south": {"uv": [12, 9, 15, 10], "rotation": 180, "texture": "#2", "cullface": "down"},
				"west": {"uv": [12, 9, 13, 10], "rotation": 180, "texture": "#2", "cullface": "down"},
				"down": {"uv": [12, 9, 15, 10], "texture": "#2", "cullface": "down"}
			}
		},
		{
			"from": [12, -0.5, 5],
			"to": [13, 0.5, 6],
			"faces": {
				"north": {"uv": [12, 10, 13, 11], "rotation": 180, "texture": "#2", "cullface": "down"},
				"east": {"uv": [12, 10, 13, 11], "rotation": 180, "texture": "#2", "cullface": "down"},
				"south": {"uv": [12, 10, 13, 11], "rotation": 180, "texture": "#2", "cullface": "down"},
				"west": {"uv": [12, 10, 13, 11], "rotation": 180, "texture": "#2", "cullface": "down"},
				"down": {"uv": [12, 10, 13, 11], "texture": "#2", "cullface": "down"}
			}
		},
		{
			"from": [9, -0.5, 5],
			"to": [10, 0.5, 6],
			"faces": {
				"north": {"uv": [9, 10, 10, 11], "rotation": 180, "texture": "#2", "cullface": "down"},
				"east": {"uv": [9, 10, 10, 11], "rotation": 180, "texture": "#2", "cullface": "down"},
				"south": {"uv": [9, 10, 10, 11], "rotation": 180, "texture": "#2", "cullface": "down"},
				"west": {"uv": [9, 10, 10, 11], "rotation": 180, "texture": "#2", "cullface": "down"},
				"down": {"uv": [9, 10, 10, 11], "texture": "#2", "cullface": "down"}
			}
		},
		{
			"from": [8, -0.5, 4],
			"to": [10, 0.5, 5],
			"faces": {
				"north": {"uv": [8, 11, 10, 12], "rotation": 180, "texture": "#2", "cullface": "down"},
				"east": {"uv": [9, 11, 10, 12], "rotation": 180, "texture": "#2", "cullface": "down"},
				"south": {"uv": [8, 11, 10, 12], "rotation": 180, "texture": "#2", "cullface": "down"},
				"west": {"uv": [8, 11, 9, 12], "rotation": 180, "texture": "#2", "cullface": "down"},
				"down": {"uv": [8, 11, 10, 12], "texture": "#2", "cullface": "down"}
			}
		},
		{
			"from": [7, -0.5, 3],
			"to": [10, 0.5, 4],
			"faces": {
				"north": {"uv": [7, 12, 10, 13], "rotation": 180, "texture": "#2", "cullface": "down"},
				"east": {"uv": [9, 12, 10, 13], "rotation": 180, "texture": "#2", "cullface": "down"},
				"south": {"uv": [7, 12, 10, 13], "rotation": 180, "texture": "#2", "cullface": "down"},
				"west": {"uv": [7, 12, 8, 13], "rotation": 180, "texture": "#2", "cullface": "down"},
				"down": {"uv": [7, 12, 10, 13], "texture": "#2", "cullface": "down"}
			}
		},
		{
			"from": [7, -0.5, 2],
			"to": [9, 0.5, 3],
			"faces": {
				"north": {"uv": [7, 13, 9, 14], "rotation": 180, "texture": "#2", "cullface": "down"},
				"east": {"uv": [8, 13, 9, 14], "rotation": 180, "texture": "#2", "cullface": "down"},
				"south": {"uv": [7, 13, 9, 14], "rotation": 180, "texture": "#2", "cullface": "down"},
				"west": {"uv": [7, 13, 8, 14], "rotation": 180, "texture": "#2", "cullface": "down"},
				"down": {"uv": [7, 13, 9, 14], "texture": "#2", "cullface": "down"}
			}
		},
		{
			"from": [8, -0.5, 1],
			"to": [9, 0.5, 2],
			"faces": {
				"north": {"uv": [8, 14, 9, 15], "rotation": 180, "texture": "#2", "cullface": "down"},
				"east": {"uv": [8, 14, 9, 15], "rotation": 180, "texture": "#2", "cullface": "down"},
				"south": {"uv": [8, 14, 9, 15], "rotation": 180, "texture": "#2", "cullface": "down"},
				"west": {"uv": [8, 14, 9, 15], "rotation": 180, "texture": "#2", "cullface": "down"},
				"down": {"uv": [8, 14, 9, 15], "texture": "#2", "cullface": "down"}
			}
		}
	],
	"groups": [
		0,
		{
			"name": "up",
			"origin": [0, 0, 0],
			"color": 0,
			"children": [1, 2, 3, 4, 5, 6, 7, 8, 9, 10, 11, 12, 13, 14, 15, 16, 17, 18, 19, 20, 21, 22, 23, 24]
		},
		{
			"name": "south",
			"origin": [0, 0, 0],
			"color": 0,
			"children": [25, 26, 27, 28, 29, 30, 31, 32, 33, 34, 35, 36, 37, 38, 39, 40, 41, 42, 43, 44, 45, 46, 47, 48]
		},
		{
			"name": "west",
			"origin": [0, 0, 0],
			"color": 0,
			"children": [49, 50, 51, 52, 53, 54, 55, 56, 57, 58, 59, 60, 61, 62, 63, 64, 65, 66, 67, 68, 69, 70, 71, 72]
		},
		{
			"name": "north",
			"origin": [0, 0, 0],
			"color": 0,
			"children": [73, 74, 75, 76, 77, 78, 79, 80, 81, 82, 83, 84, 85, 86, 87, 88, 89, 90, 91, 92, 93, 94, 95, 96]
		},
		{
			"name": "east",
			"origin": [0, 0, 0],
			"color": 0,
			"children": [97, 98, 99, 100, 101, 102, 103, 104, 105, 106, 107, 108, 109, 110, 111, 112, 113, 114, 115, 116, 117, 118, 119, 120]
		},
		{
			"name": "down",
			"origin": [0, 0, 0],
			"color": 0,
			"children": [121, 122, 123, 124, 125, 126, 127, 128, 129, 130, 131, 132, 133, 134, 135, 136, 137, 138, 139, 140, 141, 142, 143, 144]
		}
	]
}