{
	"credit": "Made with Blockbench",
	"parent": "block/block",
	"textures": {
		"1": "nether_gold_ore",
		"2": "netherrack",
		"particle": "nether_gold_ore"
	},
	"elements": [
		{
			"from": [0, 0, 0],
			"to": [16, 16, 16],
			"faces": {
				"north": {"uv": [0, 0, 16, 16], "texture": "#2", "cullface": "north"},
				"east": {"uv": [0, 0, 16, 16], "texture": "#2", "cullface": "east"},
				"south": {"uv": [0, 0, 16, 16], "texture": "#2", "cullface": "south"},
				"west": {"uv": [0, 0, 16, 16], "texture": "#2", "cullface": "west"},
				"up": {"uv": [0, 0, 16, 16], "texture": "#2", "cullface": "up"},
				"down": {"uv": [0, 0, 16, 16], "texture": "#2", "cullface": "down"}
			}
		},
		{
			"from": [4, 15.5, 2],
			"to": [6, 16.5, 3],
			"faces": {
				"north": {"uv": [4, 2, 6, 3], "texture": "#1", "cullface": "up"},
				"east": {"uv": [5, 2, 6, 3], "texture": "#1", "cullface": "up"},
				"south": {"uv": [4, 2, 6, 3], "texture": "#1", "cullface": "up"},
				"west": {"uv": [4, 2, 5, 3], "texture": "#1", "cullface": "up"},
				"up": {"uv": [4, 2, 6, 3], "texture": "#1", "cullface": "up"}
			}
		},
		{
			"from": [10, 15.5, 2],
			"to": [11, 16.5, 3],
			"faces": {
				"north": {"uv": [10, 2, 11, 3], "texture": "#1", "cullface": "up"},
				"east": {"uv": [10, 2, 11, 3], "texture": "#1", "cullface": "up"},
				"south": {"uv": [10, 2, 11, 3], "texture": "#1", "cullface": "up"},
				"west": {"uv": [10, 2, 11, 3], "texture": "#1", "cullface": "up"},
				"up": {"uv": [10, 2, 11, 3], "texture": "#1", "cullface": "up"}
			}
		},
		{
			"from": [10, 15.5, 3],
			"to": [12, 16.5, 4],
			"faces": {
				"north": {"uv": [10, 3, 12, 4], "texture": "#1", "cullface": "up"},
				"east": {"uv": [11, 3, 12, 4], "texture": "#1", "cullface": "up"},
				"south": {"uv": [10, 3, 12, 4], "texture": "#1", "cullface": "up"},
				"west": {"uv": [10, 3, 11, 4], "texture": "#1", "cullface": "up"},
				"up": {"uv": [10, 3, 12, 4], "texture": "#1", "cullface": "up"}
			}
		},
		{
			"from": [3, 15.5, 3],
			"to": [6, 16.5, 4],
			"faces": {
				"north": {"uv": [3, 3, 6, 4], "texture": "#1", "cullface": "up"},
				"east": {"uv": [3, 3, 4, 4], "texture": "#1", "cullface": "up"},
				"south": {"uv": [3, 3, 6, 4], "texture": "#1", "cullface": "up"},
				"west": {"uv": [3, 3, 4, 4], "texture": "#1", "cullface": "up"},
				"up": {"uv": [3, 3, 6, 4], "texture": "#1", "cullface": "up"}
			}
		},
		{
			"from": [3, 15.5, 4],
			"to": [5, 16.5, 5],
			"faces": {
				"north": {"uv": [3, 4, 5, 5], "texture": "#1", "cullface": "up"},
				"east": {"uv": [4, 4, 5, 5], "texture": "#1", "cullface": "up"},
				"south": {"uv": [3, 4, 5, 5], "texture": "#1", "cullface": "up"},
				"west": {"uv": [3, 4, 4, 5], "texture": "#1", "cullface": "up"},
				"up": {"uv": [3, 4, 5, 5], "texture": "#1", "cullface": "up"}
			}
		},
		{
			"from": [4, 15.5, 5],
			"to": [5, 16.5, 6],
			"faces": {
				"north": {"uv": [4, 5, 5, 6], "texture": "#1", "cullface": "up"},
				"east": {"uv": [4, 5, 5, 6], "texture": "#1", "cullface": "up"},
				"south": {"uv": [4, 5, 5, 6], "texture": "#1", "cullface": "up"},
				"west": {"uv": [4, 5, 5, 6], "texture": "#1", "cullface": "up"},
				"up": {"uv": [4, 5, 5, 6], "texture": "#1", "cullface": "up"}
			}
		},
		{
			"from": [11, 15.5, 5],
			"to": [12, 16.5, 6],
			"faces": {
				"north": {"uv": [11, 5, 12, 6], "texture": "#1", "cullface": "up"},
				"east": {"uv": [11, 5, 12, 6], "texture": "#1", "cullface": "up"},
				"south": {"uv": [11, 5, 12, 6], "texture": "#1", "cullface": "up"},
				"west": {"uv": [11, 5, 12, 6], "texture": "#1", "cullface": "up"},
				"up": {"uv": [11, 5, 12, 6], "texture": "#1", "cullface": "up"}
			}
		},
		{
			"from": [11, 15.5, 6],
			"to": [13, 16.5, 7],
			"faces": {
				"north": {"uv": [11, 6, 13, 7], "texture": "#1", "cullface": "up"},
				"east": {"uv": [12, 6, 13, 7], "texture": "#1", "cullface": "up"},
				"south": {"uv": [11, 6, 13, 7], "texture": "#1", "cullface": "up"},
				"west": {"uv": [11, 6, 12, 7], "texture": "#1", "cullface": "up"},
				"up": {"uv": [11, 6, 13, 7], "texture": "#1", "cullface": "up"}
			}
		},
		{
			"from": [11, 15.5, 7],
			"to": [13, 16.5, 8],
			"faces": {
				"north": {"uv": [11, 7, 13, 8], "texture": "#1", "cullface": "up"},
				"east": {"uv": [12, 7, 13, 8], "texture": "#1", "cullface": "up"},
				"south": {"uv": [11, 7, 13, 8], "texture": "#1", "cullface": "up"},
				"west": {"uv": [11, 7, 12, 8], "texture": "#1", "cullface": "up"},
				"up": {"uv": [11, 7, 13, 8], "texture": "#1", "cullface": "up"}
			}
		},
		{
			"from": [8, 15.5, 7],
			"to": [10, 16.5, 8],
			"faces": {
				"north": {"uv": [8, 7, 10, 8], "texture": "#1", "cullface": "up"},
				"east": {"uv": [9, 7, 10, 8], "texture": "#1", "cullface": "up"},
				"south": {"uv": [8, 7, 10, 8], "texture": "#1", "cullface": "up"},
				"west": {"uv": [8, 7, 9, 8], "texture": "#1", "cullface": "up"},
				"up": {"uv": [8, 7, 10, 8], "texture": "#1", "cullface": "up"}
			}
		},
		{
			"from": [7, 15.5, 8],
			"to": [8, 16.5, 9],
			"faces": {
				"north": {"uv": [7, 8, 8, 9], "texture": "#1", "cullface": "up"},
				"east": {"uv": [7, 8, 8, 9], "texture": "#1", "cullface": "up"},
				"south": {"uv": [7, 8, 8, 9], "texture": "#1", "cullface": "up"},
				"west": {"uv": [7, 8, 8, 9], "texture": "#1", "cullface": "up"},
				"up": {"uv": [7, 8, 8, 9], "texture": "#1", "cullface": "up"}
			}
		},
		{
			"from": [3, 15.5, 9],
			"to": [5, 16.5, 10],
			"faces": {
				"north": {"uv": [3, 9, 5, 10], "texture": "#1", "cullface": "up"},
				"east": {"uv": [4, 9, 5, 10], "texture": "#1", "cullface": "up"},
				"south": {"uv": [3, 9, 5, 10], "texture": "#1", "cullface": "up"},
				"west": {"uv": [3, 9, 4, 10], "texture": "#1", "cullface": "up"},
				"up": {"uv": [3, 9, 5, 10], "texture": "#1", "cullface": "up"}
			}
		},
		{
			"from": [4, 15.5, 10],
			"to": [5, 16.5, 11],
			"faces": {
				"north": {"uv": [4, 10, 5, 11], "texture": "#1", "cullface": "up"},
				"east": {"uv": [4, 10, 5, 11], "texture": "#1", "cullface": "up"},
				"south": {"uv": [4, 10, 5, 11], "texture": "#1", "cullface": "up"},
				"west": {"uv": [4, 10, 5, 11], "texture": "#1", "cullface": "up"},
				"up": {"uv": [4, 10, 5, 11], "texture": "#1", "cullface": "up"}
			}
		},
		{
			"from": [1, 15.5, 11],
			"to": [2, 16.5, 12],
			"faces": {
				"north": {"uv": [1, 11, 2, 12], "texture": "#1", "cullface": "up"},
				"east": {"uv": [1, 11, 2, 12], "texture": "#1", "cullface": "up"},
				"south": {"uv": [1, 11, 2, 12], "texture": "#1", "cullface": "up"},
				"west": {"uv": [1, 11, 2, 12], "texture": "#1", "cullface": "up"},
				"up": {"uv": [1, 11, 2, 12], "texture": "#1", "cullface": "up"}
			}
		},
		{
			"from": [7, 15.5, 11],
			"to": [8, 16.5, 12],
			"faces": {
				"north": {"uv": [7, 11, 8, 12], "texture": "#1", "cullface": "up"},
				"east": {"uv": [7, 11, 8, 12], "texture": "#1", "cullface": "up"},
				"south": {"uv": [7, 11, 8, 12], "texture": "#1", "cullface": "up"},
				"west": {"uv": [7, 11, 8, 12], "texture": "#1", "cullface": "up"},
				"up": {"uv": [7, 11, 8, 12], "texture": "#1", "cullface": "up"}
			}
		},
		{
			"from": [7, 15.5, 12],
			"to": [9, 16.5, 13],
			"faces": {
				"north": {"uv": [7, 12, 9, 13], "texture": "#1", "cullface": "up"},
				"east": {"uv": [8, 12, 9, 13], "texture": "#1", "cullface": "up"},
				"south": {"uv": [7, 12, 9, 13], "texture": "#1", "cullface": "up"},
				"west": {"uv": [7, 12, 8, 13], "texture": "#1", "cullface": "up"},
				"up": {"uv": [7, 12, 9, 13], "texture": "#1", "cullface": "up"}
			}
		},
		{
			"from": [7, 15.5, 13],
			"to": [10, 16.5, 14],
			"faces": {
				"north": {"uv": [7, 13, 10, 14], "texture": "#1", "cullface": "up"},
				"east": {"uv": [9, 13, 10, 14], "texture": "#1", "cullface": "up"},
				"south": {"uv": [7, 13, 10, 14], "texture": "#1", "cullface": "up"},
				"west": {"uv": [7, 13, 8, 14], "texture": "#1", "cullface": "up"},
				"up": {"uv": [7, 13, 10, 14], "texture": "#1", "cullface": "up"}
			}
		},
		{
			"from": [9, 15.5, 14],
			"to": [10, 16.5, 15],
			"faces": {
				"north": {"uv": [9, 14, 10, 15], "texture": "#1", "cullface": "up"},
				"east": {"uv": [9, 14, 10, 15], "texture": "#1", "cullface": "up"},
				"south": {"uv": [9, 14, 10, 15], "texture": "#1", "cullface": "up"},
				"west": {"uv": [9, 14, 10, 15], "texture": "#1", "cullface": "up"},
				"up": {"uv": [9, 14, 10, 15], "texture": "#1", "cullface": "up"}
			}
		},
		{
			"from": [12, 15.5, 10],
			"to": [14, 16.5, 11],
			"faces": {
				"north": {"uv": [12, 10, 14, 11], "texture": "#1", "cullface": "up"},
				"east": {"uv": [13, 10, 14, 11], "texture": "#1", "cullface": "up"},
				"south": {"uv": [12, 10, 14, 11], "texture": "#1", "cullface": "up"},
				"west": {"uv": [12, 10, 13, 11], "texture": "#1", "cullface": "up"},
				"up": {"uv": [12, 10, 14, 11], "texture": "#1", "cullface": "up"}
			}
		},
		{
			"from": [12, 15.5, 11],
			"to": [14, 16.5, 12],
			"faces": {
				"north": {"uv": [12, 11, 14, 12], "texture": "#1", "cullface": "up"},
				"east": {"uv": [13, 11, 14, 12], "texture": "#1", "cullface": "up"},
				"south": {"uv": [12, 11, 14, 12], "texture": "#1", "cullface": "up"},
				"west": {"uv": [12, 11, 13, 12], "texture": "#1", "cullface": "up"},
				"up": {"uv": [12, 11, 14, 12], "texture": "#1", "cullface": "up"}
			}
		},
		{
			"from": [4, 13, 15.5],
			"to": [6, 14, 16.5],
			"faces": {
				"east": {"uv": [5, 2, 6, 3], "rotation": 270, "texture": "#1", "cullface": "south"},
				"south": {"uv": [4, 2, 6, 3], "texture": "#1", "cullface": "south"},
				"west": {"uv": [4, 2, 5, 3], "rotation": 90, "texture": "#1", "cullface": "south"},
				"up": {"uv": [4, 2, 6, 3], "rotation": 180, "texture": "#1", "cullface": "south"},
				"down": {"uv": [4, 2, 6, 3], "texture": "#1", "cullface": "south"}
			}
		},
		{
			"from": [10, 13, 15.5],
			"to": [11, 14, 16.5],
			"faces": {
				"east": {"uv": [10, 2, 11, 3], "rotation": 270, "texture": "#1", "cullface": "south"},
				"south": {"uv": [10, 2, 11, 3], "texture": "#1", "cullface": "south"},
				"west": {"uv": [10, 2, 11, 3], "rotation": 90, "texture": "#1", "cullface": "south"},
				"up": {"uv": [10, 2, 11, 3], "rotation": 180, "texture": "#1", "cullface": "south"},
				"down": {"uv": [10, 2, 11, 3], "texture": "#1", "cullface": "south"}
			}
		},
		{
			"from": [10, 12, 15.5],
			"to": [12, 13, 16.5],
			"faces": {
				"east": {"uv": [11, 3, 12, 4], "rotation": 270, "texture": "#1", "cullface": "south"},
				"south": {"uv": [10, 3, 12, 4], "texture": "#1", "cullface": "south"},
				"west": {"uv": [10, 3, 11, 4], "rotation": 90, "texture": "#1", "cullface": "south"},
				"up": {"uv": [10, 3, 12, 4], "rotation": 180, "texture": "#1", "cullface": "south"},
				"down": {"uv": [10, 3, 12, 4], "texture": "#1", "cullface": "south"}
			}
		},
		{
			"from": [3, 12, 15.5],
			"to": [6, 13, 16.5],
			"faces": {
				"east": {"uv": [3, 3, 4, 4], "rotation": 270, "texture": "#1", "cullface": "south"},
				"south": {"uv": [3, 3, 6, 4], "texture": "#1", "cullface": "south"},
				"west": {"uv": [3, 3, 4, 4], "rotation": 90, "texture": "#1", "cullface": "south"},
				"up": {"uv": [3, 3, 6, 4], "rotation": 180, "texture": "#1", "cullface": "south"},
				"down": {"uv": [3, 3, 6, 4], "texture": "#1", "cullface": "south"}
			}
		},
		{
			"from": [3, 11, 15.5],
			"to": [5, 12, 16.5],
			"faces": {
				"east": {"uv": [4, 4, 5, 5], "rotation": 270, "texture": "#1", "cullface": "south"},
				"south": {"uv": [3, 4, 5, 5], "texture": "#1", "cullface": "south"},
				"west": {"uv": [3, 4, 4, 5], "rotation": 90, "texture": "#1", "cullface": "south"},
				"up": {"uv": [3, 4, 5, 5], "rotation": 180, "texture": "#1", "cullface": "south"},
				"down": {"uv": [3, 4, 5, 5], "texture": "#1", "cullface": "south"}
			}
		},
		{
			"from": [4, 10, 15.5],
			"to": [5, 11, 16.5],
			"faces": {
				"east": {"uv": [4, 5, 5, 6], "rotation": 270, "texture": "#1", "cullface": "south"},
				"south": {"uv": [4, 5, 5, 6], "texture": "#1", "cullface": "south"},
				"west": {"uv": [4, 5, 5, 6], "rotation": 90, "texture": "#1", "cullface": "south"},
				"up": {"uv": [4, 5, 5, 6], "rotation": 180, "texture": "#1", "cullface": "south"},
				"down": {"uv": [4, 5, 5, 6], "texture": "#1", "cullface": "south"}
			}
		},
		{
			"from": [11, 10, 15.5],
			"to": [12, 11, 16.5],
			"faces": {
				"east": {"uv": [11, 5, 12, 6], "rotation": 270, "texture": "#1", "cullface": "south"},
				"south": {"uv": [11, 5, 12, 6], "texture": "#1", "cullface": "south"},
				"west": {"uv": [11, 5, 12, 6], "rotation": 90, "texture": "#1", "cullface": "south"},
				"up": {"uv": [11, 5, 12, 6], "rotation": 180, "texture": "#1", "cullface": "south"},
				"down": {"uv": [11, 5, 12, 6], "texture": "#1", "cullface": "south"}
			}
		},
		{
			"from": [11, 9, 15.5],
			"to": [13, 10, 16.5],
			"faces": {
				"east": {"uv": [12, 6, 13, 7], "rotation": 270, "texture": "#1", "cullface": "south"},
				"south": {"uv": [11, 6, 13, 7], "texture": "#1", "cullface": "south"},
				"west": {"uv": [11, 6, 12, 7], "rotation": 90, "texture": "#1", "cullface": "south"},
				"up": {"uv": [11, 6, 13, 7], "rotation": 180, "texture": "#1", "cullface": "south"},
				"down": {"uv": [11, 6, 13, 7], "texture": "#1", "cullface": "south"}
			}
		},
		{
			"from": [11, 8, 15.5],
			"to": [13, 9, 16.5],
			"faces": {
				"east": {"uv": [12, 7, 13, 8], "rotation": 270, "texture": "#1", "cullface": "south"},
				"south": {"uv": [11, 7, 13, 8], "texture": "#1", "cullface": "south"},
				"west": {"uv": [11, 7, 12, 8], "rotation": 90, "texture": "#1", "cullface": "south"},
				"up": {"uv": [11, 7, 13, 8], "rotation": 180, "texture": "#1", "cullface": "south"},
				"down": {"uv": [11, 7, 13, 8], "texture": "#1", "cullface": "south"}
			}
		},
		{
			"from": [8, 8, 15.5],
			"to": [10, 9, 16.5],
			"faces": {
				"east": {"uv": [9, 7, 10, 8], "rotation": 270, "texture": "#1", "cullface": "south"},
				"south": {"uv": [8, 7, 10, 8], "texture": "#1", "cullface": "south"},
				"west": {"uv": [8, 7, 9, 8], "rotation": 90, "texture": "#1", "cullface": "south"},
				"up": {"uv": [8, 7, 10, 8], "rotation": 180, "texture": "#1", "cullface": "south"},
				"down": {"uv": [8, 7, 10, 8], "texture": "#1", "cullface": "south"}
			}
		},
		{
			"from": [7, 7, 15.5],
			"to": [8, 8, 16.5],
			"faces": {
				"east": {"uv": [7, 8, 8, 9], "rotation": 270, "texture": "#1", "cullface": "south"},
				"south": {"uv": [7, 8, 8, 9], "texture": "#1", "cullface": "south"},
				"west": {"uv": [7, 8, 8, 9], "rotation": 90, "texture": "#1", "cullface": "south"},
				"up": {"uv": [7, 8, 8, 9], "rotation": 180, "texture": "#1", "cullface": "south"},
				"down": {"uv": [7, 8, 8, 9], "texture": "#1", "cullface": "south"}
			}
		},
		{
			"from": [3, 6, 15.5],
			"to": [5, 7, 16.5],
			"faces": {
				"east": {"uv": [4, 9, 5, 10], "rotation": 270, "texture": "#1", "cullface": "south"},
				"south": {"uv": [3, 9, 5, 10], "texture": "#1", "cullface": "south"},
				"west": {"uv": [3, 9, 4, 10], "rotation": 90, "texture": "#1", "cullface": "south"},
				"up": {"uv": [3, 9, 5, 10], "rotation": 180, "texture": "#1", "cullface": "south"},
				"down": {"uv": [3, 9, 5, 10], "texture": "#1", "cullface": "south"}
			}
		},
		{
			"from": [4, 5, 15.5],
			"to": [5, 6, 16.5],
			"faces": {
				"east": {"uv": [4, 10, 5, 11], "rotation": 270, "texture": "#1", "cullface": "south"},
				"south": {"uv": [4, 10, 5, 11], "texture": "#1", "cullface": "south"},
				"west": {"uv": [4, 10, 5, 11], "rotation": 90, "texture": "#1", "cullface": "south"},
				"up": {"uv": [4, 10, 5, 11], "rotation": 180, "texture": "#1", "cullface": "south"},
				"down": {"uv": [4, 10, 5, 11], "texture": "#1", "cullface": "south"}
			}
		},
		{
			"from": [1, 4, 15.5],
			"to": [2, 5, 16.5],
			"faces": {
				"east": {"uv": [1, 11, 2, 12], "rotation": 270, "texture": "#1", "cullface": "south"},
				"south": {"uv": [1, 11, 2, 12], "texture": "#1", "cullface": "south"},
				"west": {"uv": [1, 11, 2, 12], "rotation": 90, "texture": "#1", "cullface": "south"},
				"up": {"uv": [1, 11, 2, 12], "rotation": 180, "texture": "#1", "cullface": "south"},
				"down": {"uv": [1, 11, 2, 12], "texture": "#1", "cullface": "south"}
			}
		},
		{
			"from": [7, 4, 15.5],
			"to": [8, 5, 16.5],
			"faces": {
				"east": {"uv": [7, 11, 8, 12], "rotation": 270, "texture": "#1", "cullface": "south"},
				"south": {"uv": [7, 11, 8, 12], "texture": "#1", "cullface": "south"},
				"west": {"uv": [7, 11, 8, 12], "rotation": 90, "texture": "#1", "cullface": "south"},
				"up": {"uv": [7, 11, 8, 12], "rotation": 180, "texture": "#1", "cullface": "south"},
				"down": {"uv": [7, 11, 8, 12], "texture": "#1", "cullface": "south"}
			}
		},
		{
			"from": [7, 3, 15.5],
			"to": [9, 4, 16.5],
			"faces": {
				"east": {"uv": [8, 12, 9, 13], "rotation": 270, "texture": "#1", "cullface": "south"},
				"south": {"uv": [7, 12, 9, 13], "texture": "#1", "cullface": "south"},
				"west": {"uv": [7, 12, 8, 13], "rotation": 90, "texture": "#1", "cullface": "south"},
				"up": {"uv": [7, 12, 9, 13], "rotation": 180, "texture": "#1", "cullface": "south"},
				"down": {"uv": [7, 12, 9, 13], "texture": "#1", "cullface": "south"}
			}
		},
		{
			"from": [7, 2, 15.5],
			"to": [10, 3, 16.5],
			"faces": {
				"east": {"uv": [9, 13, 10, 14], "rotation": 270, "texture": "#1", "cullface": "south"},
				"south": {"uv": [7, 13, 10, 14], "texture": "#1", "cullface": "south"},
				"west": {"uv": [7, 13, 8, 14], "rotation": 90, "texture": "#1", "cullface": "south"},
				"up": {"uv": [7, 13, 10, 14], "rotation": 180, "texture": "#1", "cullface": "south"},
				"down": {"uv": [7, 13, 10, 14], "texture": "#1", "cullface": "south"}
			}
		},
		{
			"from": [9, 1, 15.5],
			"to": [10, 2, 16.5],
			"faces": {
				"east": {"uv": [9, 14, 10, 15], "rotation": 270, "texture": "#1", "cullface": "south"},
				"south": {"uv": [9, 14, 10, 15], "texture": "#1", "cullface": "south"},
				"west": {"uv": [9, 14, 10, 15], "rotation": 90, "texture": "#1", "cullface": "south"},
				"up": {"uv": [9, 14, 10, 15], "rotation": 180, "texture": "#1", "cullface": "south"},
				"down": {"uv": [9, 14, 10, 15], "texture": "#1", "cullface": "south"}
			}
		},
		{
			"from": [12, 5, 15.5],
			"to": [14, 6, 16.5],
			"faces": {
				"east": {"uv": [13, 10, 14, 11], "rotation": 270, "texture": "#1", "cullface": "south"},
				"south": {"uv": [12, 10, 14, 11], "texture": "#1", "cullface": "south"},
				"west": {"uv": [12, 10, 13, 11], "rotation": 90, "texture": "#1", "cullface": "south"},
				"up": {"uv": [12, 10, 14, 11], "rotation": 180, "texture": "#1", "cullface": "south"},
				"down": {"uv": [12, 10, 14, 11], "texture": "#1", "cullface": "south"}
			}
		},
		{
			"from": [12, 4, 15.5],
			"to": [14, 5, 16.5],
			"faces": {
				"east": {"uv": [13, 11, 14, 12], "rotation": 270, "texture": "#1", "cullface": "south"},
				"south": {"uv": [12, 11, 14, 12], "texture": "#1", "cullface": "south"},
				"west": {"uv": [12, 11, 13, 12], "rotation": 90, "texture": "#1", "cullface": "south"},
				"up": {"uv": [12, 11, 14, 12], "rotation": 180, "texture": "#1", "cullface": "south"},
				"down": {"uv": [12, 11, 14, 12], "texture": "#1", "cullface": "south"}
			}
		},
		{
			"from": [-0.5, 13, 4],
			"to": [0.5, 14, 6],
			"faces": {
				"north": {"uv": [4, 2, 5, 3], "rotation": 90, "texture": "#1", "cullface": "west"},
				"south": {"uv": [5, 2, 6, 3], "rotation": 270, "texture": "#1", "cullface": "west"},
				"west": {"uv": [4, 2, 6, 3], "texture": "#1", "cullface": "west"},
				"up": {"uv": [4, 2, 6, 3], "rotation": 270, "texture": "#1", "cullface": "west"},
				"down": {"uv": [4, 2, 6, 3], "rotation": 270, "texture": "#1", "cullface": "west"}
			}
		},
		{
			"from": [-0.5, 13, 10],
			"to": [0.5, 14, 11],
			"faces": {
				"north": {"uv": [10, 2, 11, 3], "rotation": 90, "texture": "#1", "cullface": "west"},
				"south": {"uv": [10, 2, 11, 3], "rotation": 270, "texture": "#1", "cullface": "west"},
				"west": {"uv": [10, 2, 11, 3], "texture": "#1", "cullface": "west"},
				"up": {"uv": [10, 2, 11, 3], "rotation": 270, "texture": "#1", "cullface": "west"},
				"down": {"uv": [10, 2, 11, 3], "rotation": 270, "texture": "#1", "cullface": "west"}
			}
		},
		{
			"from": [-0.5, 12, 10],
			"to": [0.5, 13, 12],
			"faces": {
				"north": {"uv": [10, 3, 11, 4], "rotation": 90, "texture": "#1", "cullface": "west"},
				"south": {"uv": [11, 3, 12, 4], "rotation": 270, "texture": "#1", "cullface": "west"},
				"west": {"uv": [10, 3, 12, 4], "texture": "#1", "cullface": "west"},
				"up": {"uv": [10, 3, 12, 4], "rotation": 270, "texture": "#1", "cullface": "west"},
				"down": {"uv": [10, 3, 12, 4], "rotation": 270, "texture": "#1", "cullface": "west"}
			}
		},
		{
			"from": [-0.5, 12, 3],
			"to": [0.5, 13, 6],
			"faces": {
				"north": {"uv": [3, 3, 4, 4], "rotation": 90, "texture": "#1", "cullface": "west"},
				"south": {"uv": [3, 3, 4, 4], "rotation": 270, "texture": "#1", "cullface": "west"},
				"west": {"uv": [3, 3, 6, 4], "texture": "#1", "cullface": "west"},
				"up": {"uv": [3, 3, 6, 4], "rotation": 270, "texture": "#1", "cullface": "west"},
				"down": {"uv": [3, 3, 6, 4], "rotation": 270, "texture": "#1", "cullface": "west"}
			}
		},
		{
			"from": [-0.5, 11, 3],
			"to": [0.5, 12, 5],
			"faces": {
				"north": {"uv": [3, 4, 4, 5], "rotation": 90, "texture": "#1", "cullface": "west"},
				"south": {"uv": [4, 4, 5, 5], "rotation": 270, "texture": "#1", "cullface": "west"},
				"west": {"uv": [3, 4, 5, 5], "texture": "#1", "cullface": "west"},
				"up": {"uv": [3, 4, 5, 5], "rotation": 270, "texture": "#1", "cullface": "west"},
				"down": {"uv": [3, 4, 5, 5], "rotation": 270, "texture": "#1", "cullface": "west"}
			}
		},
		{
			"from": [-0.5, 10, 4],
			"to": [0.5, 11, 5],
			"faces": {
				"north": {"uv": [4, 5, 5, 6], "rotation": 90, "texture": "#1", "cullface": "west"},
				"south": {"uv": [4, 5, 5, 6], "rotation": 270, "texture": "#1", "cullface": "west"},
				"west": {"uv": [4, 5, 5, 6], "texture": "#1", "cullface": "west"},
				"up": {"uv": [4, 5, 5, 6], "rotation": 270, "texture": "#1", "cullface": "west"},
				"down": {"uv": [4, 5, 5, 6], "rotation": 270, "texture": "#1", "cullface": "west"}
			}
		},
		{
			"from": [-0.5, 10, 11],
			"to": [0.5, 11, 12],
			"faces": {
				"north": {"uv": [11, 5, 12, 6], "rotation": 90, "texture": "#1", "cullface": "west"},
				"south": {"uv": [11, 5, 12, 6], "rotation": 270, "texture": "#1", "cullface": "west"},
				"west": {"uv": [11, 5, 12, 6], "texture": "#1", "cullface": "west"},
				"up": {"uv": [11, 5, 12, 6], "rotation": 270, "texture": "#1", "cullface": "west"},
				"down": {"uv": [11, 5, 12, 6], "rotation": 270, "texture": "#1", "cullface": "west"}
			}
		},
		{
			"from": [-0.5, 9, 11],
			"to": [0.5, 10, 13],
			"faces": {
				"north": {"uv": [11, 6, 12, 7], "rotation": 90, "texture": "#1", "cullface": "west"},
				"south": {"uv": [12, 6, 13, 7], "rotation": 270, "texture": "#1", "cullface": "west"},
				"west": {"uv": [11, 6, 13, 7], "texture": "#1", "cullface": "west"},
				"up": {"uv": [11, 6, 13, 7], "rotation": 270, "texture": "#1", "cullface": "west"},
				"down": {"uv": [11, 6, 13, 7], "rotation": 270, "texture": "#1", "cullface": "west"}
			}
		},
		{
			"from": [-0.5, 8, 11],
			"to": [0.5, 9, 13],
			"faces": {
				"north": {"uv": [11, 7, 12, 8], "rotation": 90, "texture": "#1", "cullface": "west"},
				"south": {"uv": [12, 7, 13, 8], "rotation": 270, "texture": "#1", "cullface": "west"},
				"west": {"uv": [11, 7, 13, 8], "texture": "#1", "cullface": "west"},
				"up": {"uv": [11, 7, 13, 8], "rotation": 270, "texture": "#1", "cullface": "west"},
				"down": {"uv": [11, 7, 13, 8], "rotation": 270, "texture": "#1", "cullface": "west"}
			}
		},
		{
			"from": [-0.5, 8, 8],
			"to": [0.5, 9, 10],
			"faces": {
				"north": {"uv": [8, 7, 9, 8], "rotation": 90, "texture": "#1", "cullface": "west"},
				"south": {"uv": [9, 7, 10, 8], "rotation": 270, "texture": "#1", "cullface": "west"},
				"west": {"uv": [8, 7, 10, 8], "texture": "#1", "cullface": "west"},
				"up": {"uv": [8, 7, 10, 8], "rotation": 270, "texture": "#1", "cullface": "west"},
				"down": {"uv": [8, 7, 10, 8], "rotation": 270, "texture": "#1", "cullface": "west"}
			}
		},
		{
			"from": [-0.5, 7, 7],
			"to": [0.5, 8, 8],
			"faces": {
				"north": {"uv": [7, 8, 8, 9], "rotation": 90, "texture": "#1", "cullface": "west"},
				"south": {"uv": [7, 8, 8, 9], "rotation": 270, "texture": "#1", "cullface": "west"},
				"west": {"uv": [7, 8, 8, 9], "texture": "#1", "cullface": "west"},
				"up": {"uv": [7, 8, 8, 9], "rotation": 270, "texture": "#1", "cullface": "west"},
				"down": {"uv": [7, 8, 8, 9], "rotation": 270, "texture": "#1", "cullface": "west"}
			}
		},
		{
			"from": [-0.5, 6, 3],
			"to": [0.5, 7, 5],
			"faces": {
				"north": {"uv": [3, 9, 4, 10], "rotation": 90, "texture": "#1", "cullface": "west"},
				"south": {"uv": [4, 9, 5, 10], "rotation": 270, "texture": "#1", "cullface": "west"},
				"west": {"uv": [3, 9, 5, 10], "texture": "#1", "cullface": "west"},
				"up": {"uv": [3, 9, 5, 10], "rotation": 270, "texture": "#1", "cullface": "west"},
				"down": {"uv": [3, 9, 5, 10], "rotation": 270, "texture": "#1", "cullface": "west"}
			}
		},
		{
			"from": [-0.5, 5, 4],
			"to": [0.5, 6, 5],
			"faces": {
				"north": {"uv": [4, 10, 5, 11], "rotation": 90, "texture": "#1", "cullface": "west"},
				"south": {"uv": [4, 10, 5, 11], "rotation": 270, "texture": "#1", "cullface": "west"},
				"west": {"uv": [4, 10, 5, 11], "texture": "#1", "cullface": "west"},
				"up": {"uv": [4, 10, 5, 11], "rotation": 270, "texture": "#1", "cullface": "west"},
				"down": {"uv": [4, 10, 5, 11], "rotation": 270, "texture": "#1", "cullface": "west"}
			}
		},
		{
			"from": [-0.5, 4, 1],
			"to": [0.5, 5, 2],
			"faces": {
				"north": {"uv": [1, 11, 2, 12], "rotation": 90, "texture": "#1", "cullface": "west"},
				"south": {"uv": [1, 11, 2, 12], "rotation": 270, "texture": "#1", "cullface": "west"},
				"west": {"uv": [1, 11, 2, 12], "texture": "#1", "cullface": "west"},
				"up": {"uv": [1, 11, 2, 12], "rotation": 270, "texture": "#1", "cullface": "west"},
				"down": {"uv": [1, 11, 2, 12], "rotation": 270, "texture": "#1", "cullface": "west"}
			}
		},
		{
			"from": [-0.5, 4, 7],
			"to": [0.5, 5, 8],
			"faces": {
				"north": {"uv": [7, 11, 8, 12], "rotation": 90, "texture": "#1", "cullface": "west"},
				"south": {"uv": [7, 11, 8, 12], "rotation": 270, "texture": "#1", "cullface": "west"},
				"west": {"uv": [7, 11, 8, 12], "texture": "#1", "cullface": "west"},
				"up": {"uv": [7, 11, 8, 12], "rotation": 270, "texture": "#1", "cullface": "west"},
				"down": {"uv": [7, 11, 8, 12], "rotation": 270, "texture": "#1", "cullface": "west"}
			}
		},
		{
			"from": [-0.5, 3, 7],
			"to": [0.5, 4, 9],
			"faces": {
				"north": {"uv": [7, 12, 8, 13], "rotation": 90, "texture": "#1", "cullface": "west"},
				"south": {"uv": [8, 12, 9, 13], "rotation": 270, "texture": "#1", "cullface": "west"},
				"west": {"uv": [7, 12, 9, 13], "texture": "#1", "cullface": "west"},
				"up": {"uv": [7, 12, 9, 13], "rotation": 270, "texture": "#1", "cullface": "west"},
				"down": {"uv": [7, 12, 9, 13], "rotation": 270, "texture": "#1", "cullface": "west"}
			}
		},
		{
			"from": [-0.5, 2, 7],
			"to": [0.5, 3, 10],
			"faces": {
				"north": {"uv": [7, 13, 8, 14], "rotation": 90, "texture": "#1", "cullface": "west"},
				"south": {"uv": [9, 13, 10, 14], "rotation": 270, "texture": "#1", "cullface": "west"},
				"west": {"uv": [7, 13, 10, 14], "texture": "#1", "cullface": "west"},
				"up": {"uv": [7, 13, 10, 14], "rotation": 270, "texture": "#1", "cullface": "west"},
				"down": {"uv": [7, 13, 10, 14], "rotation": 270, "texture": "#1", "cullface": "west"}
			}
		},
		{
			"from": [-0.5, 1, 9],
			"to": [0.5, 2, 10],
			"faces": {
				"north": {"uv": [9, 14, 10, 15], "rotation": 90, "texture": "#1", "cullface": "west"},
				"south": {"uv": [9, 14, 10, 15], "rotation": 270, "texture": "#1", "cullface": "west"},
				"west": {"uv": [9, 14, 10, 15], "texture": "#1", "cullface": "west"},
				"up": {"uv": [9, 14, 10, 15], "rotation": 270, "texture": "#1", "cullface": "west"},
				"down": {"uv": [9, 14, 10, 15], "rotation": 270, "texture": "#1", "cullface": "west"}
			}
		},
		{
			"from": [-0.5, 5, 12],
			"to": [0.5, 6, 14],
			"faces": {
				"north": {"uv": [12, 10, 13, 11], "rotation": 90, "texture": "#1", "cullface": "west"},
				"south": {"uv": [13, 10, 14, 11], "rotation": 270, "texture": "#1", "cullface": "west"},
				"west": {"uv": [12, 10, 14, 11], "texture": "#1", "cullface": "west"},
				"up": {"uv": [12, 10, 14, 11], "rotation": 270, "texture": "#1", "cullface": "west"},
				"down": {"uv": [12, 10, 14, 11], "rotation": 270, "texture": "#1", "cullface": "west"}
			}
		},
		{
			"from": [-0.5, 4, 12],
			"to": [0.5, 5, 14],
			"faces": {
				"north": {"uv": [12, 11, 13, 12], "rotation": 90, "texture": "#1", "cullface": "west"},
				"south": {"uv": [13, 11, 14, 12], "rotation": 270, "texture": "#1", "cullface": "west"},
				"west": {"uv": [12, 11, 14, 12], "texture": "#1", "cullface": "west"},
				"up": {"uv": [12, 11, 14, 12], "rotation": 270, "texture": "#1", "cullface": "west"},
				"down": {"uv": [12, 11, 14, 12], "rotation": 270, "texture": "#1", "cullface": "west"}
			}
		},
		{
			"from": [10, 13, -0.5],
			"to": [12, 14, 0.5],
			"faces": {
				"north": {"uv": [4, 2, 6, 3], "texture": "#1", "cullface": "north"},
				"east": {"uv": [4, 2, 5, 3], "rotation": 90, "texture": "#1", "cullface": "north"},
				"west": {"uv": [5, 2, 6, 3], "rotation": 270, "texture": "#1", "cullface": "north"},
				"up": {"uv": [4, 2, 6, 3], "texture": "#1", "cullface": "north"},
				"down": {"uv": [4, 2, 6, 3], "rotation": 180, "texture": "#1", "cullface": "north"}
			}
		},
		{
			"from": [5, 13, -0.5],
			"to": [6, 14, 0.5],
			"faces": {
				"north": {"uv": [10, 2, 11, 3], "texture": "#1", "cullface": "north"},
				"east": {"uv": [10, 2, 11, 3], "rotation": 90, "texture": "#1", "cullface": "north"},
				"west": {"uv": [10, 2, 11, 3], "rotation": 270, "texture": "#1", "cullface": "north"},
				"up": {"uv": [10, 2, 11, 3], "texture": "#1", "cullface": "north"},
				"down": {"uv": [10, 2, 11, 3], "rotation": 180, "texture": "#1", "cullface": "north"}
			}
		},
		{
			"from": [4, 12, -0.5],
			"to": [6, 13, 0.5],
			"faces": {
				"north": {"uv": [10, 3, 12, 4], "texture": "#1", "cullface": "north"},
				"east": {"uv": [10, 3, 11, 4], "rotation": 90, "texture": "#1", "cullface": "north"},
				"west": {"uv": [11, 3, 12, 4], "rotation": 270, "texture": "#1", "cullface": "north"},
				"up": {"uv": [10, 3, 12, 4], "texture": "#1", "cullface": "north"},
				"down": {"uv": [10, 3, 12, 4], "rotation": 180, "texture": "#1", "cullface": "north"}
			}
		},
		{
			"from": [10, 12, -0.5],
			"to": [13, 13, 0.5],
			"faces": {
				"north": {"uv": [3, 3, 6, 4], "texture": "#1", "cullface": "north"},
				"east": {"uv": [3, 3, 4, 4], "rotation": 90, "texture": "#1", "cullface": "north"},
				"west": {"uv": [3, 3, 4, 4], "rotation": 270, "texture": "#1", "cullface": "north"},
				"up": {"uv": [3, 3, 6, 4], "texture": "#1", "cullface": "north"},
				"down": {"uv": [3, 3, 6, 4], "rotation": 180, "texture": "#1", "cullface": "north"}
			}
		},
		{
			"from": [11, 11, -0.5],
			"to": [13, 12, 0.5],
			"faces": {
				"north": {"uv": [3, 4, 5, 5], "texture": "#1", "cullface": "north"},
				"east": {"uv": [3, 4, 4, 5], "rotation": 90, "texture": "#1", "cullface": "north"},
				"west": {"uv": [4, 4, 5, 5], "rotation": 270, "texture": "#1", "cullface": "north"},
				"up": {"uv": [3, 4, 5, 5], "texture": "#1", "cullface": "north"},
				"down": {"uv": [3, 4, 5, 5], "rotation": 180, "texture": "#1", "cullface": "north"}
			}
		},
		{
			"from": [11, 10, -0.5],
			"to": [12, 11, 0.5],
			"faces": {
				"north": {"uv": [4, 5, 5, 6], "texture": "#1", "cullface": "north"},
				"east": {"uv": [4, 5, 5, 6], "rotation": 90, "texture": "#1", "cullface": "north"},
				"west": {"uv": [4, 5, 5, 6], "rotation": 270, "texture": "#1", "cullface": "north"},
				"up": {"uv": [4, 5, 5, 6], "texture": "#1", "cullface": "north"},
				"down": {"uv": [4, 5, 5, 6], "rotation": 180, "texture": "#1", "cullface": "north"}
			}
		},
		{
			"from": [4, 10, -0.5],
			"to": [5, 11, 0.5],
			"faces": {
				"north": {"uv": [11, 5, 12, 6], "texture": "#1", "cullface": "north"},
				"east": {"uv": [11, 5, 12, 6], "rotation": 90, "texture": "#1", "cullface": "north"},
				"west": {"uv": [11, 5, 12, 6], "rotation": 270, "texture": "#1", "cullface": "north"},
				"up": {"uv": [11, 5, 12, 6], "texture": "#1", "cullface": "north"},
				"down": {"uv": [11, 5, 12, 6], "rotation": 180, "texture": "#1", "cullface": "north"}
			}
		},
		{
			"from": [3, 9, -0.5],
			"to": [5, 10, 0.5],
			"faces": {
				"north": {"uv": [11, 6, 13, 7], "texture": "#1", "cullface": "north"},
				"east": {"uv": [11, 6, 12, 7], "rotation": 90, "texture": "#1", "cullface": "north"},
				"west": {"uv": [12, 6, 13, 7], "rotation": 270, "texture": "#1", "cullface": "north"},
				"up": {"uv": [11, 6, 13, 7], "texture": "#1", "cullface": "north"},
				"down": {"uv": [11, 6, 13, 7], "rotation": 180, "texture": "#1", "cullface": "north"}
			}
		},
		{
			"from": [3, 8, -0.5],
			"to": [5, 9, 0.5],
			"faces": {
				"north": {"uv": [11, 7, 13, 8], "texture": "#1", "cullface": "north"},
				"east": {"uv": [11, 7, 12, 8], "rotation": 90, "texture": "#1", "cullface": "north"},
				"west": {"uv": [12, 7, 13, 8], "rotation": 270, "texture": "#1", "cullface": "north"},
				"up": {"uv": [11, 7, 13, 8], "texture": "#1", "cullface": "north"},
				"down": {"uv": [11, 7, 13, 8], "rotation": 180, "texture": "#1", "cullface": "north"}
			}
		},
		{
			"from": [6, 8, -0.5],
			"to": [8, 9, 0.5],
			"faces": {
				"north": {"uv": [8, 7, 10, 8], "texture": "#1", "cullface": "north"},
				"east": {"uv": [8, 7, 9, 8], "rotation": 90, "texture": "#1", "cullface": "north"},
				"west": {"uv": [9, 7, 10, 8], "rotation": 270, "texture": "#1", "cullface": "north"},
				"up": {"uv": [8, 7, 10, 8], "texture": "#1", "cullface": "north"},
				"down": {"uv": [8, 7, 10, 8], "rotation": 180, "texture": "#1", "cullface": "north"}
			}
		},
		{
			"from": [8, 7, -0.5],
			"to": [9, 8, 0.5],
			"faces": {
				"north": {"uv": [7, 8, 8, 9], "texture": "#1", "cullface": "north"},
				"east": {"uv": [7, 8, 8, 9], "rotation": 90, "texture": "#1", "cullface": "north"},
				"west": {"uv": [7, 8, 8, 9], "rotation": 270, "texture": "#1", "cullface": "north"},
				"up": {"uv": [7, 8, 8, 9], "texture": "#1", "cullface": "north"},
				"down": {"uv": [7, 8, 8, 9], "rotation": 180, "texture": "#1", "cullface": "north"}
			}
		},
		{
			"from": [11, 6, -0.5],
			"to": [13, 7, 0.5],
			"faces": {
				"north": {"uv": [3, 9, 5, 10], "texture": "#1", "cullface": "north"},
				"east": {"uv": [3, 9, 4, 10], "rotation": 90, "texture": "#1", "cullface": "north"},
				"west": {"uv": [4, 9, 5, 10], "rotation": 270, "texture": "#1", "cullface": "north"},
				"up": {"uv": [3, 9, 5, 10], "texture": "#1", "cullface": "north"},
				"down": {"uv": [3, 9, 5, 10], "rotation": 180, "texture": "#1", "cullface": "north"}
			}
		},
		{
			"from": [11, 5, -0.5],
			"to": [12, 6, 0.5],
			"faces": {
				"north": {"uv": [4, 10, 5, 11], "texture": "#1", "cullface": "north"},
				"east": {"uv": [4, 10, 5, 11], "rotation": 90, "texture": "#1", "cullface": "north"},
				"west": {"uv": [4, 10, 5, 11], "rotation": 270, "texture": "#1", "cullface": "north"},
				"up": {"uv": [4, 10, 5, 11], "texture": "#1", "cullface": "north"},
				"down": {"uv": [4, 10, 5, 11], "rotation": 180, "texture": "#1", "cullface": "north"}
			}
		},
		{
			"from": [14, 4, -0.5],
			"to": [15, 5, 0.5],
			"faces": {
				"north": {"uv": [1, 11, 2, 12], "texture": "#1", "cullface": "north"},
				"east": {"uv": [1, 11, 2, 12], "rotation": 90, "texture": "#1", "cullface": "north"},
				"west": {"uv": [1, 11, 2, 12], "rotation": 270, "texture": "#1", "cullface": "north"},
				"up": {"uv": [1, 11, 2, 12], "texture": "#1", "cullface": "north"},
				"down": {"uv": [1, 11, 2, 12], "rotation": 180, "texture": "#1", "cullface": "north"}
			}
		},
		{
			"from": [8, 4, -0.5],
			"to": [9, 5, 0.5],
			"faces": {
				"north": {"uv": [7, 11, 8, 12], "texture": "#1", "cullface": "north"},
				"east": {"uv": [7, 11, 8, 12], "rotation": 90, "texture": "#1", "cullface": "north"},
				"west": {"uv": [7, 11, 8, 12], "rotation": 270, "texture": "#1", "cullface": "north"},
				"up": {"uv": [7, 11, 8, 12], "texture": "#1", "cullface": "north"},
				"down": {"uv": [7, 11, 8, 12], "rotation": 180, "texture": "#1", "cullface": "north"}
			}
		},
		{
			"from": [7, 3, -0.5],
			"to": [9, 4, 0.5],
			"faces": {
				"north": {"uv": [7, 12, 9, 13], "texture": "#1", "cullface": "north"},
				"east": {"uv": [7, 12, 8, 13], "rotation": 90, "texture": "#1", "cullface": "north"},
				"west": {"uv": [8, 12, 9, 13], "rotation": 270, "texture": "#1", "cullface": "north"},
				"up": {"uv": [7, 12, 9, 13], "texture": "#1", "cullface": "north"},
				"down": {"uv": [7, 12, 9, 13], "rotation": 180, "texture": "#1", "cullface": "north"}
			}
		},
		{
			"from": [6, 2, -0.5],
			"to": [9, 3, 0.5],
			"faces": {
				"north": {"uv": [7, 13, 10, 14], "texture": "#1", "cullface": "north"},
				"east": {"uv": [7, 13, 8, 14], "rotation": 90, "texture": "#1", "cullface": "north"},
				"west": {"uv": [9, 13, 10, 14], "rotation": 270, "texture": "#1", "cullface": "north"},
				"up": {"uv": [7, 13, 10, 14], "texture": "#1", "cullface": "north"},
				"down": {"uv": [7, 13, 10, 14], "rotation": 180, "texture": "#1", "cullface": "north"}
			}
		},
		{
			"from": [6, 1, -0.5],
			"to": [7, 2, 0.5],
			"faces": {
				"north": {"uv": [9, 14, 10, 15], "texture": "#1", "cullface": "north"},
				"east": {"uv": [9, 14, 10, 15], "rotation": 90, "texture": "#1", "cullface": "north"},
				"west": {"uv": [9, 14, 10, 15], "rotation": 270, "texture": "#1", "cullface": "north"},
				"up": {"uv": [9, 14, 10, 15], "texture": "#1", "cullface": "north"},
				"down": {"uv": [9, 14, 10, 15], "rotation": 180, "texture": "#1", "cullface": "north"}
			}
		},
		{
			"from": [2, 5, -0.5],
			"to": [4, 6, 0.5],
			"faces": {
				"north": {"uv": [12, 10, 14, 11], "texture": "#1", "cullface": "north"},
				"east": {"uv": [12, 10, 13, 11], "rotation": 90, "texture": "#1", "cullface": "north"},
				"west": {"uv": [13, 10, 14, 11], "rotation": 270, "texture": "#1", "cullface": "north"},
				"up": {"uv": [12, 10, 14, 11], "texture": "#1", "cullface": "north"},
				"down": {"uv": [12, 10, 14, 11], "rotation": 180, "texture": "#1", "cullface": "north"}
			}
		},
		{
			"from": [2, 4, -0.5],
			"to": [4, 5, 0.5],
			"faces": {
				"north": {"uv": [12, 11, 14, 12], "texture": "#1", "cullface": "north"},
				"east": {"uv": [12, 11, 13, 12], "rotation": 90, "texture": "#1", "cullface": "north"},
				"west": {"uv": [13, 11, 14, 12], "rotation": 270, "texture": "#1", "cullface": "north"},
				"up": {"uv": [12, 11, 14, 12], "texture": "#1", "cullface": "north"},
				"down": {"uv": [12, 11, 14, 12], "rotation": 180, "texture": "#1", "cullface": "north"}
			}
		},
		{
			"from": [15.5, 13, 10],
			"to": [16.5, 14, 12],
			"faces": {
				"north": {"uv": [5, 2, 6, 3], "rotation": 270, "texture": "#1", "cullface": "east"},
				"east": {"uv": [4, 2, 6, 3], "texture": "#1", "cullface": "east"},
				"south": {"uv": [4, 2, 5, 3], "rotation": 90, "texture": "#1", "cullface": "east"},
				"up": {"uv": [4, 2, 6, 3], "rotation": 90, "texture": "#1", "cullface": "east"},
				"down": {"uv": [4, 2, 6, 3], "rotation": 90, "texture": "#1", "cullface": "east"}
			}
		},
		{
			"from": [15.5, 13, 5],
			"to": [16.5, 14, 6],
			"faces": {
				"north": {"uv": [10, 2, 11, 3], "rotation": 270, "texture": "#1", "cullface": "east"},
				"east": {"uv": [10, 2, 11, 3], "texture": "#1", "cullface": "east"},
				"south": {"uv": [10, 2, 11, 3], "rotation": 90, "texture": "#1", "cullface": "east"},
				"up": {"uv": [10, 2, 11, 3], "rotation": 90, "texture": "#1", "cullface": "east"},
				"down": {"uv": [10, 2, 11, 3], "rotation": 90, "texture": "#1", "cullface": "east"}
			}
		},
		{
			"from": [15.5, 12, 4],
			"to": [16.5, 13, 6],
			"faces": {
				"north": {"uv": [11, 3, 12, 4], "rotation": 270, "texture": "#1", "cullface": "east"},
				"east": {"uv": [10, 3, 12, 4], "texture": "#1", "cullface": "east"},
				"south": {"uv": [10, 3, 11, 4], "rotation": 90, "texture": "#1", "cullface": "east"},
				"up": {"uv": [10, 3, 12, 4], "rotation": 90, "texture": "#1", "cullface": "east"},
				"down": {"uv": [10, 3, 12, 4], "rotation": 90, "texture": "#1", "cullface": "east"}
			}
		},
		{
			"from": [15.5, 12, 10],
			"to": [16.5, 13, 13],
			"faces": {
				"north": {"uv": [3, 3, 4, 4], "rotation": 270, "texture": "#1", "cullface": "east"},
				"east": {"uv": [3, 3, 6, 4], "texture": "#1", "cullface": "east"},
				"south": {"uv": [3, 3, 4, 4], "rotation": 90, "texture": "#1", "cullface": "east"},
				"up": {"uv": [3, 3, 6, 4], "rotation": 90, "texture": "#1", "cullface": "east"},
				"down": {"uv": [3, 3, 6, 4], "rotation": 90, "texture": "#1", "cullface": "east"}
			}
		},
		{
			"from": [15.5, 11, 11],
			"to": [16.5, 12, 13],
			"faces": {
				"north": {"uv": [4, 4, 5, 5], "rotation": 270, "texture": "#1", "cullface": "east"},
				"east": {"uv": [3, 4, 5, 5], "texture": "#1", "cullface": "east"},
				"south": {"uv": [3, 4, 4, 5], "rotation": 90, "texture": "#1", "cullface": "east"},
				"up": {"uv": [3, 4, 5, 5], "rotation": 90, "texture": "#1", "cullface": "east"},
				"down": {"uv": [3, 4, 5, 5], "rotation": 90, "texture": "#1", "cullface": "east"}
			}
		},
		{
			"from": [15.5, 10, 11],
			"to": [16.5, 11, 12],
			"faces": {
				"north": {"uv": [4, 5, 5, 6], "rotation": 270, "texture": "#1", "cullface": "east"},
				"east": {"uv": [4, 5, 5, 6], "texture": "#1", "cullface": "east"},
				"south": {"uv": [4, 5, 5, 6], "rotation": 90, "texture": "#1", "cullface": "east"},
				"up": {"uv": [4, 5, 5, 6], "rotation": 90, "texture": "#1", "cullface": "east"},
				"down": {"uv": [4, 5, 5, 6], "rotation": 90, "texture": "#1", "cullface": "east"}
			}
		},
		{
			"from": [15.5, 10, 4],
			"to": [16.5, 11, 5],
			"faces": {
				"north": {"uv": [11, 5, 12, 6], "rotation": 270, "texture": "#1", "cullface": "east"},
				"east": {"uv": [11, 5, 12, 6], "texture": "#1", "cullface": "east"},
				"south": {"uv": [11, 5, 12, 6], "rotation": 90, "texture": "#1", "cullface": "east"},
				"up": {"uv": [11, 5, 12, 6], "rotation": 90, "texture": "#1", "cullface": "east"},
				"down": {"uv": [11, 5, 12, 6], "rotation": 90, "texture": "#1", "cullface": "east"}
			}
		},
		{
			"from": [15.5, 9, 3],
			"to": [16.5, 10, 5],
			"faces": {
				"north": {"uv": [12, 6, 13, 7], "rotation": 270, "texture": "#1", "cullface": "east"},
				"east": {"uv": [11, 6, 13, 7], "texture": "#1", "cullface": "east"},
				"south": {"uv": [11, 6, 12, 7], "rotation": 90, "texture": "#1", "cullface": "east"},
				"up": {"uv": [11, 6, 13, 7], "rotation": 90, "texture": "#1", "cullface": "east"},
				"down": {"uv": [11, 6, 13, 7], "rotation": 90, "texture": "#1", "cullface": "east"}
			}
		},
		{
			"from": [15.5, 8, 3],
			"to": [16.5, 9, 5],
			"faces": {
				"north": {"uv": [12, 7, 13, 8], "rotation": 270, "texture": "#1", "cullface": "east"},
				"east": {"uv": [11, 7, 13, 8], "texture": "#1", "cullface": "east"},
				"south": {"uv": [11, 7, 12, 8], "rotation": 90, "texture": "#1", "cullface": "east"},
				"up": {"uv": [11, 7, 13, 8], "rotation": 90, "texture": "#1", "cullface": "east"},
				"down": {"uv": [11, 7, 13, 8], "rotation": 90, "texture": "#1", "cullface": "east"}
			}
		},
		{
			"from": [15.5, 8, 6],
			"to": [16.5, 9, 8],
			"faces": {
				"north": {"uv": [9, 7, 10, 8], "rotation": 270, "texture": "#1", "cullface": "east"},
				"east": {"uv": [8, 7, 10, 8], "texture": "#1", "cullface": "east"},
				"south": {"uv": [8, 7, 9, 8], "rotation": 90, "texture": "#1", "cullface": "east"},
				"up": {"uv": [8, 7, 10, 8], "rotation": 90, "texture": "#1", "cullface": "east"},
				"down": {"uv": [8, 7, 10, 8], "rotation": 90, "texture": "#1", "cullface": "east"}
			}
		},
		{
			"from": [15.5, 7, 8],
			"to": [16.5, 8, 9],
			"faces": {
				"north": {"uv": [7, 8, 8, 9], "rotation": 270, "texture": "#1", "cullface": "east"},
				"east": {"uv": [7, 8, 8, 9], "texture": "#1", "cullface": "east"},
				"south": {"uv": [7, 8, 8, 9], "rotation": 90, "texture": "#1", "cullface": "east"},
				"up": {"uv": [7, 8, 8, 9], "rotation": 90, "texture": "#1", "cullface": "east"},
				"down": {"uv": [7, 8, 8, 9], "rotation": 90, "texture": "#1", "cullface": "east"}
			}
		},
		{
			"from": [15.5, 6, 11],
			"to": [16.5, 7, 13],
			"faces": {
				"north": {"uv": [4, 9, 5, 10], "rotation": 270, "texture": "#1", "cullface": "east"},
				"east": {"uv": [3, 9, 5, 10], "texture": "#1", "cullface": "east"},
				"south": {"uv": [3, 9, 4, 10], "rotation": 90, "texture": "#1", "cullface": "east"},
				"up": {"uv": [3, 9, 5, 10], "rotation": 90, "texture": "#1", "cullface": "east"},
				"down": {"uv": [3, 9, 5, 10], "rotation": 90, "texture": "#1", "cullface": "east"}
			}
		},
		{
			"from": [15.5, 5, 11],
			"to": [16.5, 6, 12],
			"faces": {
				"north": {"uv": [4, 10, 5, 11], "rotation": 270, "texture": "#1", "cullface": "east"},
				"east": {"uv": [4, 10, 5, 11], "texture": "#1", "cullface": "east"},
				"south": {"uv": [4, 10, 5, 11], "rotation": 90, "texture": "#1", "cullface": "east"},
				"up": {"uv": [4, 10, 5, 11], "rotation": 90, "texture": "#1", "cullface": "east"},
				"down": {"uv": [4, 10, 5, 11], "rotation": 90, "texture": "#1", "cullface": "east"}
			}
		},
		{
			"from": [15.5, 4, 14],
			"to": [16.5, 5, 15],
			"faces": {
				"north": {"uv": [1, 11, 2, 12], "rotation": 270, "texture": "#1", "cullface": "east"},
				"east": {"uv": [1, 11, 2, 12], "texture": "#1", "cullface": "east"},
				"south": {"uv": [1, 11, 2, 12], "rotation": 90, "texture": "#1", "cullface": "east"},
				"up": {"uv": [1, 11, 2, 12], "rotation": 90, "texture": "#1", "cullface": "east"},
				"down": {"uv": [1, 11, 2, 12], "rotation": 90, "texture": "#1", "cullface": "east"}
			}
		},
		{
			"from": [15.5, 4, 8],
			"to": [16.5, 5, 9],
			"faces": {
				"north": {"uv": [7, 11, 8, 12], "rotation": 270, "texture": "#1", "cullface": "east"},
				"east": {"uv": [7, 11, 8, 12], "texture": "#1", "cullface": "east"},
				"south": {"uv": [7, 11, 8, 12], "rotation": 90, "texture": "#1", "cullface": "east"},
				"up": {"uv": [7, 11, 8, 12], "rotation": 90, "texture": "#1", "cullface": "east"},
				"down": {"uv": [7, 11, 8, 12], "rotation": 90, "texture": "#1", "cullface": "east"}
			}
		},
		{
			"from": [15.5, 3, 7],
			"to": [16.5, 4, 9],
			"faces": {
				"north": {"uv": [8, 12, 9, 13], "rotation": 270, "texture": "#1", "cullface": "east"},
				"east": {"uv": [7, 12, 9, 13], "texture": "#1", "cullface": "east"},
				"south": {"uv": [7, 12, 8, 13], "rotation": 90, "texture": "#1", "cullface": "east"},
				"up": {"uv": [7, 12, 9, 13], "rotation": 90, "texture": "#1", "cullface": "east"},
				"down": {"uv": [7, 12, 9, 13], "rotation": 90, "texture": "#1", "cullface": "east"}
			}
		},
		{
			"from": [15.5, 2, 6],
			"to": [16.5, 3, 9],
			"faces": {
				"north": {"uv": [9, 13, 10, 14], "rotation": 270, "texture": "#1", "cullface": "east"},
				"east": {"uv": [7, 13, 10, 14], "texture": "#1", "cullface": "east"},
				"south": {"uv": [7, 13, 8, 14], "rotation": 90, "texture": "#1", "cullface": "east"},
				"up": {"uv": [7, 13, 10, 14], "rotation": 90, "texture": "#1", "cullface": "east"},
				"down": {"uv": [7, 13, 10, 14], "rotation": 90, "texture": "#1", "cullface": "east"}
			}
		},
		{
			"from": [15.5, 1, 6],
			"to": [16.5, 2, 7],
			"faces": {
				"north": {"uv": [9, 14, 10, 15], "rotation": 270, "texture": "#1", "cullface": "east"},
				"east": {"uv": [9, 14, 10, 15], "texture": "#1", "cullface": "east"},
				"south": {"uv": [9, 14, 10, 15], "rotation": 90, "texture": "#1", "cullface": "east"},
				"up": {"uv": [9, 14, 10, 15], "rotation": 90, "texture": "#1", "cullface": "east"},
				"down": {"uv": [9, 14, 10, 15], "rotation": 90, "texture": "#1", "cullface": "east"}
			}
		},
		{
			"from": [15.5, 5, 2],
			"to": [16.5, 6, 4],
			"faces": {
				"north": {"uv": [13, 10, 14, 11], "rotation": 270, "texture": "#1", "cullface": "east"},
				"east": {"uv": [12, 10, 14, 11], "texture": "#1", "cullface": "east"},
				"south": {"uv": [12, 10, 13, 11], "rotation": 90, "texture": "#1", "cullface": "east"},
				"up": {"uv": [12, 10, 14, 11], "rotation": 90, "texture": "#1", "cullface": "east"},
				"down": {"uv": [12, 10, 14, 11], "rotation": 90, "texture": "#1", "cullface": "east"}
			}
		},
		{
			"from": [15.5, 4, 2],
			"to": [16.5, 5, 4],
			"faces": {
				"north": {"uv": [13, 11, 14, 12], "rotation": 270, "texture": "#1", "cullface": "east"},
				"east": {"uv": [12, 11, 14, 12], "texture": "#1", "cullface": "east"},
				"south": {"uv": [12, 11, 13, 12], "rotation": 90, "texture": "#1", "cullface": "east"},
				"up": {"uv": [12, 11, 14, 12], "rotation": 90, "texture": "#1", "cullface": "east"},
				"down": {"uv": [12, 11, 14, 12], "rotation": 90, "texture": "#1", "cullface": "east"}
			}
		},
		{
			"from": [4, -0.5, 13],
			"to": [6, 0.5, 14],
			"faces": {
				"north": {"uv": [4, 2, 6, 3], "rotation": 180, "texture": "#1", "cullface": "down"},
				"east": {"uv": [5, 2, 6, 3], "rotation": 180, "texture": "#1", "cullface": "down"},
				"south": {"uv": [4, 2, 6, 3], "rotation": 180, "texture": "#1", "cullface": "down"},
				"west": {"uv": [4, 2, 5, 3], "rotation": 180, "texture": "#1", "cullface": "down"},
				"down": {"uv": [4, 2, 6, 3], "texture": "#1", "cullface": "down"}
			}
		},
		{
			"from": [10, -0.5, 13],
			"to": [11, 0.5, 14],
			"faces": {
				"north": {"uv": [10, 2, 11, 3], "rotation": 180, "texture": "#1", "cullface": "down"},
				"east": {"uv": [10, 2, 11, 3], "rotation": 180, "texture": "#1", "cullface": "down"},
				"south": {"uv": [10, 2, 11, 3], "rotation": 180, "texture": "#1", "cullface": "down"},
				"west": {"uv": [10, 2, 11, 3], "rotation": 180, "texture": "#1", "cullface": "down"},
				"down": {"uv": [10, 2, 11, 3], "texture": "#1", "cullface": "down"}
			}
		},
		{
			"from": [10, -0.5, 12],
			"to": [12, 0.5, 13],
			"faces": {
				"north": {"uv": [10, 3, 12, 4], "rotation": 180, "texture": "#1", "cullface": "down"},
				"east": {"uv": [11, 3, 12, 4], "rotation": 180, "texture": "#1", "cullface": "down"},
				"south": {"uv": [10, 3, 12, 4], "rotation": 180, "texture": "#1", "cullface": "down"},
				"west": {"uv": [10, 3, 11, 4], "rotation": 180, "texture": "#1", "cullface": "down"},
				"down": {"uv": [10, 3, 12, 4], "texture": "#1", "cullface": "down"}
			}
		},
		{
			"from": [3, -0.5, 12],
			"to": [6, 0.5, 13],
			"faces": {
				"north": {"uv": [3, 3, 6, 4], "rotation": 180, "texture": "#1", "cullface": "down"},
				"east": {"uv": [3, 3, 4, 4], "rotation": 180, "texture": "#1", "cullface": "down"},
				"south": {"uv": [3, 3, 6, 4], "rotation": 180, "texture": "#1", "cullface": "down"},
				"west": {"uv": [3, 3, 4, 4], "rotation": 180, "texture": "#1", "cullface": "down"},
				"down": {"uv": [3, 3, 6, 4], "texture": "#1", "cullface": "down"}
			}
		},
		{
			"from": [3, -0.5, 11],
			"to": [5, 0.5, 12],
			"faces": {
				"north": {"uv": [3, 4, 5, 5], "rotation": 180, "texture": "#1", "cullface": "down"},
				"east": {"uv": [4, 4, 5, 5], "rotation": 180, "texture": "#1", "cullface": "down"},
				"south": {"uv": [3, 4, 5, 5], "rotation": 180, "texture": "#1", "cullface": "down"},
				"west": {"uv": [3, 4, 4, 5], "rotation": 180, "texture": "#1", "cullface": "down"},
				"down": {"uv": [3, 4, 5, 5], "texture": "#1", "cullface": "down"}
			}
		},
		{
			"from": [4, -0.5, 10],
			"to": [5, 0.5, 11],
			"faces": {
				"north": {"uv": [4, 5, 5, 6], "rotation": 180, "texture": "#1", "cullface": "down"},
				"east": {"uv": [4, 5, 5, 6], "rotation": 180, "texture": "#1", "cullface": "down"},
				"south": {"uv": [4, 5, 5, 6], "rotation": 180, "texture": "#1", "cullface": "down"},
				"west": {"uv": [4, 5, 5, 6], "rotation": 180, "texture": "#1", "cullface": "down"},
				"down": {"uv": [4, 5, 5, 6], "texture": "#1", "cullface": "down"}
			}
		},
		{
			"from": [11, -0.5, 10],
			"to": [12, 0.5, 11],
			"faces": {
				"north": {"uv": [11, 5, 12, 6], "rotation": 180, "texture": "#1", "cullface": "down"},
				"east": {"uv": [11, 5, 12, 6], "rotation": 180, "texture": "#1", "cullface": "down"},
				"south": {"uv": [11, 5, 12, 6], "rotation": 180, "texture": "#1", "cullface": "down"},
				"west": {"uv": [11, 5, 12, 6], "rotation": 180, "texture": "#1", "cullface": "down"},
				"down": {"uv": [11, 5, 12, 6], "texture": "#1", "cullface": "down"}
			}
		},
		{
			"from": [11, -0.5, 9],
			"to": [13, 0.5, 10],
			"faces": {
				"north": {"uv": [11, 6, 13, 7], "rotation": 180, "texture": "#1", "cullface": "down"},
				"east": {"uv": [12, 6, 13, 7], "rotation": 180, "texture": "#1", "cullface": "down"},
				"south": {"uv": [11, 6, 13, 7], "rotation": 180, "texture": "#1", "cullface": "down"},
				"west": {"uv": [11, 6, 12, 7], "rotation": 180, "texture": "#1", "cullface": "down"},
				"down": {"uv": [11, 6, 13, 7], "texture": "#1", "cullface": "down"}
			}
		},
		{
			"from": [11, -0.5, 8],
			"to": [13, 0.5, 9],
			"faces": {
				"north": {"uv": [11, 7, 13, 8], "rotation": 180, "texture": "#1", "cullface": "down"},
				"east": {"uv": [12, 7, 13, 8], "rotation": 180, "texture": "#1", "cullface": "down"},
				"south": {"uv": [11, 7, 13, 8], "rotation": 180, "texture": "#1", "cullface": "down"},
				"west": {"uv": [11, 7, 12, 8], "rotation": 180, "texture": "#1", "cullface": "down"},
				"down": {"uv": [11, 7, 13, 8], "texture": "#1", "cullface": "down"}
			}
		},
		{
			"from": [8, -0.5, 8],
			"to": [10, 0.5, 9],
			"faces": {
				"north": {"uv": [8, 7, 10, 8], "rotation": 180, "texture": "#1", "cullface": "down"},
				"east": {"uv": [9, 7, 10, 8], "rotation": 180, "texture": "#1", "cullface": "down"},
				"south": {"uv": [8, 7, 10, 8], "rotation": 180, "texture": "#1", "cullface": "down"},
				"west": {"uv": [8, 7, 9, 8], "rotation": 180, "texture": "#1", "cullface": "down"},
				"down": {"uv": [8, 7, 10, 8], "texture": "#1", "cullface": "down"}
			}
		},
		{
			"from": [7, -0.5, 7],
			"to": [8, 0.5, 8],
			"faces": {
				"north": {"uv": [7, 8, 8, 9], "rotation": 180, "texture": "#1", "cullface": "down"},
				"east": {"uv": [7, 8, 8, 9], "rotation": 180, "texture": "#1", "cullface": "down"},
				"south": {"uv": [7, 8, 8, 9], "rotation": 180, "texture": "#1", "cullface": "down"},
				"west": {"uv": [7, 8, 8, 9], "rotation": 180, "texture": "#1", "cullface": "down"},
				"down": {"uv": [7, 8, 8, 9], "texture": "#1", "cullface": "down"}
			}
		},
		{
			"from": [3, -0.5, 6],
			"to": [5, 0.5, 7],
			"faces": {
				"north": {"uv": [3, 9, 5, 10], "rotation": 180, "texture": "#1", "cullface": "down"},
				"east": {"uv": [4, 9, 5, 10], "rotation": 180, "texture": "#1", "cullface": "down"},
				"south": {"uv": [3, 9, 5, 10], "rotation": 180, "texture": "#1", "cullface": "down"},
				"west": {"uv": [3, 9, 4, 10], "rotation": 180, "texture": "#1", "cullface": "down"},
				"down": {"uv": [3, 9, 5, 10], "texture": "#1", "cullface": "down"}
			}
		},
		{
			"from": [4, -0.5, 5],
			"to": [5, 0.5, 6],
			"faces": {
				"north": {"uv": [4, 10, 5, 11], "rotation": 180, "texture": "#1", "cullface": "down"},
				"east": {"uv": [4, 10, 5, 11], "rotation": 180, "texture": "#1", "cullface": "down"},
				"south": {"uv": [4, 10, 5, 11], "rotation": 180, "texture": "#1", "cullface": "down"},
				"west": {"uv": [4, 10, 5, 11], "rotation": 180, "texture": "#1", "cullface": "down"},
				"down": {"uv": [4, 10, 5, 11], "texture": "#1", "cullface": "down"}
			}
		},
		{
			"from": [1, -0.5, 4],
			"to": [2, 0.5, 5],
			"faces": {
				"north": {"uv": [1, 11, 2, 12], "rotation": 180, "texture": "#1", "cullface": "down"},
				"east": {"uv": [1, 11, 2, 12], "rotation": 180, "texture": "#1", "cullface": "down"},
				"south": {"uv": [1, 11, 2, 12], "rotation": 180, "texture": "#1", "cullface": "down"},
				"west": {"uv": [1, 11, 2, 12], "rotation": 180, "texture": "#1", "cullface": "down"},
				"down": {"uv": [1, 11, 2, 12], "texture": "#1", "cullface": "down"}
			}
		},
		{
			"from": [7, -0.5, 4],
			"to": [8, 0.5, 5],
			"faces": {
				"north": {"uv": [7, 11, 8, 12], "rotation": 180, "texture": "#1", "cullface": "down"},
				"east": {"uv": [7, 11, 8, 12], "rotation": 180, "texture": "#1", "cullface": "down"},
				"south": {"uv": [7, 11, 8, 12], "rotation": 180, "texture": "#1", "cullface": "down"},
				"west": {"uv": [7, 11, 8, 12], "rotation": 180, "texture": "#1", "cullface": "down"},
				"down": {"uv": [7, 11, 8, 12], "texture": "#1", "cullface": "down"}
			}
		},
		{
			"from": [7, -0.5, 3],
			"to": [9, 0.5, 4],
			"faces": {
				"north": {"uv": [7, 12, 9, 13], "rotation": 180, "texture": "#1", "cullface": "down"},
				"east": {"uv": [8, 12, 9, 13], "rotation": 180, "texture": "#1", "cullface": "down"},
				"south": {"uv": [7, 12, 9, 13], "rotation": 180, "texture": "#1", "cullface": "down"},
				"west": {"uv": [7, 12, 8, 13], "rotation": 180, "texture": "#1", "cullface": "down"},
				"down": {"uv": [7, 12, 9, 13], "texture": "#1", "cullface": "down"}
			}
		},
		{
			"from": [7, -0.5, 2],
			"to": [10, 0.5, 3],
			"faces": {
				"north": {"uv": [7, 13, 10, 14], "rotation": 180, "texture": "#1", "cullface": "down"},
				"east": {"uv": [9, 13, 10, 14], "rotation": 180, "texture": "#1", "cullface": "down"},
				"south": {"uv": [7, 13, 10, 14], "rotation": 180, "texture": "#1", "cullface": "down"},
				"west": {"uv": [7, 13, 8, 14], "rotation": 180, "texture": "#1", "cullface": "down"},
				"down": {"uv": [7, 13, 10, 14], "texture": "#1", "cullface": "down"}
			}
		},
		{
			"from": [9, -0.5, 1],
			"to": [10, 0.5, 2],
			"faces": {
				"north": {"uv": [9, 14, 10, 15], "rotation": 180, "texture": "#1", "cullface": "down"},
				"east": {"uv": [9, 14, 10, 15], "rotation": 180, "texture": "#1", "cullface": "down"},
				"south": {"uv": [9, 14, 10, 15], "rotation": 180, "texture": "#1", "cullface": "down"},
				"west": {"uv": [9, 14, 10, 15], "rotation": 180, "texture": "#1", "cullface": "down"},
				"down": {"uv": [9, 14, 10, 15], "texture": "#1", "cullface": "down"}
			}
		},
		{
			"from": [12, -0.5, 5],
			"to": [14, 0.5, 6],
			"faces": {
				"north": {"uv": [12, 10, 14, 11], "rotation": 180, "texture": "#1", "cullface": "down"},
				"east": {"uv": [13, 10, 14, 11], "rotation": 180, "texture": "#1", "cullface": "down"},
				"south": {"uv": [12, 10, 14, 11], "rotation": 180, "texture": "#1", "cullface": "down"},
				"west": {"uv": [12, 10, 13, 11], "rotation": 180, "texture": "#1", "cullface": "down"},
				"down": {"uv": [12, 10, 14, 11], "texture": "#1", "cullface": "down"}
			}
		},
		{
			"from": [12, -0.5, 4],
			"to": [14, 0.5, 5],
			"faces": {
				"north": {"uv": [12, 11, 14, 12], "rotation": 180, "texture": "#1", "cullface": "down"},
				"east": {"uv": [13, 11, 14, 12], "rotation": 180, "texture": "#1", "cullface": "down"},
				"south": {"uv": [12, 11, 14, 12], "rotation": 180, "texture": "#1", "cullface": "down"},
				"west": {"uv": [12, 11, 13, 12], "rotation": 180, "texture": "#1", "cullface": "down"},
				"down": {"uv": [12, 11, 14, 12], "texture": "#1", "cullface": "down"}
			}
		}
	],
	"groups": [
		0,
		{
			"name": "up",
			"origin": [8, 8, 8],
			"color": 0,
			"children": [1, 2, 3, 4, 5, 6, 7, 8, 9, 10, 11, 12, 13, 14, 15, 16, 17, 18, 19, 20]
		},
		{
			"name": "south",
			"origin": [8, 8, 8],
			"color": 0,
			"children": [21, 22, 23, 24, 25, 26, 27, 28, 29, 30, 31, 32, 33, 34, 35, 36, 37, 38, 39, 40]
		},
		{
			"name": "west",
			"origin": [8, 8, 8],
			"color": 0,
			"children": [41, 42, 43, 44, 45, 46, 47, 48, 49, 50, 51, 52, 53, 54, 55, 56, 57, 58, 59, 60]
		},
		{
			"name": "north",
			"origin": [8, 8, 8],
			"color": 0,
			"children": [61, 62, 63, 64, 65, 66, 67, 68, 69, 70, 71, 72, 73, 74, 75, 76, 77, 78, 79, 80]
		},
		{
			"name": "east",
			"origin": [8, 8, 8],
			"color": 0,
			"children": [81, 82, 83, 84, 85, 86, 87, 88, 89, 90, 91, 92, 93, 94, 95, 96, 97, 98, 99, 100]
		},
		{
			"name": "down",
			"origin": [8, 8, 8],
			"color": 0,
			"children": [101, 102, 103, 104, 105, 106, 107, 108, 109, 110, 111, 112, 113, 114, 115, 116, 117, 118, 119, 120]
		}
	]
}