{
	"credit": "Made with Blockbench",
	"parent": "block/block",
	"textures": {
		"0": "redstone_ore",
		"2": "stone",
		"particle": "redstone_ore"
	},
	"elements": [
		{
			"from": [0, 0, 0],
			"to": [16, 16, 16],
			"faces": {
				"north": {"uv": [0, 0, 16, 16], "texture": "#2", "cullface": "north"},
				"east": {"uv": [0, 0, 16, 16], "texture": "#2", "cullface": "east"},
				"south": {"uv": [0, 0, 16, 16], "texture": "#2", "cullface": "south"},
				"west": {"uv": [0, 0, 16, 16], "texture": "#2", "cullface": "west"},
				"up": {"uv": [0, 0, 16, 16], "texture": "#2", "cullface": "up"},
				"down": {"uv": [0, 0, 16, 16], "texture": "#2", "cullface": "down"}
			}
		},
		{
			"from": [5, 15.5, 3],
			"to": [8, 16.5, 4],
			"faces": {
				"north": {"uv": [5, 3, 8, 4], "texture": "#0", "cullface": "up"},
				"east": {"uv": [7, 3, 8, 4], "texture": "#0", "cullface": "up"},
				"south": {"uv": [5, 3, 8, 4], "texture": "#0", "cullface": "up"},
				"west": {"uv": [5, 3, 6, 4], "texture": "#0", "cullface": "up"},
				"up": {"uv": [5, 3, 8, 4], "texture": "#0", "cullface": "up"}
			}
		},
		{
			"from": [3, 15.5, 4],
			"to": [10, 16.5, 5],
			"faces": {
				"north": {"uv": [3, 4, 10, 5], "texture": "#0", "cullface": "up"},
				"east": {"uv": [9, 4, 10, 5], "texture": "#0", "cullface": "up"},
				"south": {"uv": [3, 4, 10, 5], "texture": "#0", "cullface": "up"},
				"west": {"uv": [3, 4, 4, 5], "texture": "#0", "cullface": "up"},
				"up": {"uv": [3, 4, 10, 5], "texture": "#0", "cullface": "up"}
			}
		},
		{
			"from": [4, 15.5, 5],
			"to": [8, 16.5, 6],
			"faces": {
				"north": {"uv": [4, 5, 8, 6], "texture": "#0", "cullface": "up"},
				"east": {"uv": [7, 5, 8, 6], "texture": "#0", "cullface": "up"},
				"south": {"uv": [4, 5, 8, 6], "texture": "#0", "cullface": "up"},
				"west": {"uv": [4, 5, 5, 6], "texture": "#0", "cullface": "up"},
				"up": {"uv": [4, 5, 8, 6], "texture": "#0", "cullface": "up"}
			}
		},
		{
			"from": [12, 15.5, 5],
			"to": [14, 16.5, 6],
			"faces": {
				"north": {"uv": [12, 5, 14, 6], "texture": "#0", "cullface": "up"},
				"east": {"uv": [13, 5, 14, 6], "texture": "#0", "cullface": "up"},
				"south": {"uv": [12, 5, 14, 6], "texture": "#0", "cullface": "up"},
				"west": {"uv": [12, 5, 13, 6], "texture": "#0", "cullface": "up"},
				"up": {"uv": [12, 5, 14, 6], "texture": "#0", "cullface": "up"}
			}
		},
		{
			"from": [9, 15.5, 8],
			"to": [15, 16.5, 9],
			"faces": {
				"north": {"uv": [9, 8, 15, 9], "texture": "#0", "cullface": "up"},
				"east": {"uv": [14, 8, 15, 9], "texture": "#0", "cullface": "up"},
				"south": {"uv": [9, 8, 15, 9], "texture": "#0", "cullface": "up"},
				"west": {"uv": [9, 8, 10, 9], "texture": "#0", "cullface": "up"},
				"up": {"uv": [9, 8, 15, 9], "texture": "#0", "cullface": "up"}
			}
		},
		{
			"from": [11, 15.5, 9],
			"to": [14, 16.5, 10],
			"faces": {
				"north": {"uv": [11, 9, 14, 10], "texture": "#0", "cullface": "up"},
				"east": {"uv": [13, 9, 14, 10], "texture": "#0", "cullface": "up"},
				"south": {"uv": [11, 9, 14, 10], "texture": "#0", "cullface": "up"},
				"west": {"uv": [11, 9, 12, 10], "texture": "#0", "cullface": "up"},
				"up": {"uv": [11, 9, 14, 10], "texture": "#0", "cullface": "up"}
			}
		},
		{
			"from": [11, 15.5, 12],
			"to": [13, 16.5, 13],
			"faces": {
				"north": {"uv": [11, 12, 13, 13], "texture": "#0", "cullface": "up"},
				"east": {"uv": [12, 12, 13, 13], "texture": "#0", "cullface": "up"},
				"south": {"uv": [11, 12, 13, 13], "texture": "#0", "cullface": "up"},
				"west": {"uv": [11, 12, 12, 13], "texture": "#0", "cullface": "up"},
				"up": {"uv": [11, 12, 13, 13], "texture": "#0", "cullface": "up"}
			}
		},
		{
			"from": [3, 15.5, 12],
			"to": [8, 16.5, 13],
			"faces": {
				"north": {"uv": [3, 12, 8, 13], "texture": "#0", "cullface": "up"},
				"east": {"uv": [7, 12, 8, 13], "texture": "#0", "cullface": "up"},
				"south": {"uv": [3, 12, 8, 13], "texture": "#0", "cullface": "up"},
				"west": {"uv": [3, 12, 4, 13], "texture": "#0", "cullface": "up"},
				"up": {"uv": [3, 12, 8, 13], "texture": "#0", "cullface": "up"}
			}
		},
		{
			"from": [4, 15.5, 13],
			"to": [6, 16.5, 14],
			"faces": {
				"north": {"uv": [4, 13, 6, 14], "texture": "#0", "cullface": "up"},
				"east": {"uv": [5, 13, 6, 14], "texture": "#0", "cullface": "up"},
				"south": {"uv": [4, 13, 6, 14], "texture": "#0", "cullface": "up"},
				"west": {"uv": [4, 13, 5, 14], "texture": "#0", "cullface": "up"},
				"up": {"uv": [4, 13, 6, 14], "texture": "#0", "cullface": "up"}
			}
		},
		{
			"from": [1, 15.5, 8],
			"to": [4, 16.5, 9],
			"faces": {
				"north": {"uv": [1, 8, 4, 9], "texture": "#0", "cullface": "up"},
				"east": {"uv": [3, 8, 4, 9], "texture": "#0", "cullface": "up"},
				"south": {"uv": [1, 8, 4, 9], "texture": "#0", "cullface": "up"},
				"west": {"uv": [1, 8, 2, 9], "texture": "#0", "cullface": "up"},
				"up": {"uv": [1, 8, 4, 9], "texture": "#0", "cullface": "up"}
			}
		},
		{
			"from": [1, 15.5, 9],
			"to": [3, 16.5, 10],
			"faces": {
				"north": {"uv": [1, 9, 3, 10], "texture": "#0", "cullface": "up"},
				"east": {"uv": [2, 9, 3, 10], "texture": "#0", "cullface": "up"},
				"south": {"uv": [1, 9, 3, 10], "texture": "#0", "cullface": "up"},
				"west": {"uv": [1, 9, 2, 10], "texture": "#0", "cullface": "up"},
				"up": {"uv": [1, 9, 3, 10], "texture": "#0", "cullface": "up"}
			}
		},
		{
			"from": [5, 12, 15.5],
			"to": [8, 13, 16.5],
			"faces": {
				"east": {"uv": [7, 3, 8, 4], "rotation": 270, "texture": "#0", "cullface": "south"},
				"south": {"uv": [5, 3, 8, 4], "texture": "#0", "cullface": "south"},
				"west": {"uv": [5, 3, 6, 4], "rotation": 90, "texture": "#0", "cullface": "south"},
				"up": {"uv": [5, 3, 8, 4], "rotation": 180, "texture": "#0", "cullface": "south"},
				"down": {"uv": [5, 3, 8, 4], "texture": "#0", "cullface": "south"}
			}
		},
		{
			"from": [3, 11, 15.5],
			"to": [10, 12, 16.5],
			"faces": {
				"east": {"uv": [9, 4, 10, 5], "rotation": 270, "texture": "#0", "cullface": "south"},
				"south": {"uv": [3, 4, 10, 5], "texture": "#0", "cullface": "south"},
				"west": {"uv": [3, 4, 4, 5], "rotation": 90, "texture": "#0", "cullface": "south"},
				"up": {"uv": [3, 4, 10, 5], "rotation": 180, "texture": "#0", "cullface": "south"},
				"down": {"uv": [3, 4, 10, 5], "texture": "#0", "cullface": "south"}
			}
		},
		{
			"from": [4, 10, 15.5],
			"to": [8, 11, 16.5],
			"faces": {
				"east": {"uv": [7, 5, 8, 6], "rotation": 270, "texture": "#0", "cullface": "south"},
				"south": {"uv": [4, 5, 8, 6], "texture": "#0", "cullface": "south"},
				"west": {"uv": [4, 5, 5, 6], "rotation": 90, "texture": "#0", "cullface": "south"},
				"up": {"uv": [4, 5, 8, 6], "rotation": 180, "texture": "#0", "cullface": "south"},
				"down": {"uv": [4, 5, 8, 6], "texture": "#0", "cullface": "south"}
			}
		},
		{
			"from": [12, 10, 15.5],
			"to": [14, 11, 16.5],
			"faces": {
				"east": {"uv": [13, 5, 14, 6], "rotation": 270, "texture": "#0", "cullface": "south"},
				"south": {"uv": [12, 5, 14, 6], "texture": "#0", "cullface": "south"},
				"west": {"uv": [12, 5, 13, 6], "rotation": 90, "texture": "#0", "cullface": "south"},
				"up": {"uv": [12, 5, 14, 6], "rotation": 180, "texture": "#0", "cullface": "south"},
				"down": {"uv": [12, 5, 14, 6], "texture": "#0", "cullface": "south"}
			}
		},
		{
			"from": [9, 7, 15.5],
			"to": [15, 8, 16.5],
			"faces": {
				"east": {"uv": [14, 8, 15, 9], "rotation": 270, "texture": "#0", "cullface": "south"},
				"south": {"uv": [9, 8, 15, 9], "texture": "#0", "cullface": "south"},
				"west": {"uv": [9, 8, 10, 9], "rotation": 90, "texture": "#0", "cullface": "south"},
				"up": {"uv": [9, 8, 15, 9], "rotation": 180, "texture": "#0", "cullface": "south"},
				"down": {"uv": [9, 8, 15, 9], "texture": "#0", "cullface": "south"}
			}
		},
		{
			"from": [11, 6, 15.5],
			"to": [14, 7, 16.5],
			"faces": {
				"east": {"uv": [13, 9, 14, 10], "rotation": 270, "texture": "#0", "cullface": "south"},
				"south": {"uv": [11, 9, 14, 10], "texture": "#0", "cullface": "south"},
				"west": {"uv": [11, 9, 12, 10], "rotation": 90, "texture": "#0", "cullface": "south"},
				"up": {"uv": [11, 9, 14, 10], "rotation": 180, "texture": "#0", "cullface": "south"},
				"down": {"uv": [11, 9, 14, 10], "texture": "#0", "cullface": "south"}
			}
		},
		{
			"from": [11, 3, 15.5],
			"to": [13, 4, 16.5],
			"faces": {
				"east": {"uv": [12, 12, 13, 13], "rotation": 270, "texture": "#0", "cullface": "south"},
				"south": {"uv": [11, 12, 13, 13], "texture": "#0", "cullface": "south"},
				"west": {"uv": [11, 12, 12, 13], "rotation": 90, "texture": "#0", "cullface": "south"},
				"up": {"uv": [11, 12, 13, 13], "rotation": 180, "texture": "#0", "cullface": "south"},
				"down": {"uv": [11, 12, 13, 13], "texture": "#0", "cullface": "south"}
			}
		},
		{
			"from": [3, 3, 15.5],
			"to": [8, 4, 16.5],
			"faces": {
				"east": {"uv": [7, 12, 8, 13], "rotation": 270, "texture": "#0", "cullface": "south"},
				"south": {"uv": [3, 12, 8, 13], "texture": "#0", "cullface": "south"},
				"west": {"uv": [3, 12, 4, 13], "rotation": 90, "texture": "#0", "cullface": "south"},
				"up": {"uv": [3, 12, 8, 13], "rotation": 180, "texture": "#0", "cullface": "south"},
				"down": {"uv": [3, 12, 8, 13], "texture": "#0", "cullface": "south"}
			}
		},
		{
			"from": [4, 2, 15.5],
			"to": [6, 3, 16.5],
			"faces": {
				"east": {"uv": [5, 13, 6, 14], "rotation": 270, "texture": "#0", "cullface": "south"},
				"south": {"uv": [4, 13, 6, 14], "texture": "#0", "cullface": "south"},
				"west": {"uv": [4, 13, 5, 14], "rotation": 90, "texture": "#0", "cullface": "south"},
				"up": {"uv": [4, 13, 6, 14], "rotation": 180, "texture": "#0", "cullface": "south"},
				"down": {"uv": [4, 13, 6, 14], "texture": "#0", "cullface": "south"}
			}
		},
		{
			"from": [1, 7, 15.5],
			"to": [4, 8, 16.5],
			"faces": {
				"east": {"uv": [3, 8, 4, 9], "rotation": 270, "texture": "#0", "cullface": "south"},
				"south": {"uv": [1, 8, 4, 9], "texture": "#0", "cullface": "south"},
				"west": {"uv": [1, 8, 2, 9], "rotation": 90, "texture": "#0", "cullface": "south"},
				"up": {"uv": [1, 8, 4, 9], "rotation": 180, "texture": "#0", "cullface": "south"},
				"down": {"uv": [1, 8, 4, 9], "texture": "#0", "cullface": "south"}
			}
		},
		{
			"from": [1, 6, 15.5],
			"to": [3, 7, 16.5],
			"faces": {
				"east": {"uv": [2, 9, 3, 10], "rotation": 270, "texture": "#0", "cullface": "south"},
				"south": {"uv": [1, 9, 3, 10], "texture": "#0", "cullface": "south"},
				"west": {"uv": [1, 9, 2, 10], "rotation": 90, "texture": "#0", "cullface": "south"},
				"up": {"uv": [1, 9, 3, 10], "rotation": 180, "texture": "#0", "cullface": "south"},
				"down": {"uv": [1, 9, 3, 10], "texture": "#0", "cullface": "south"}
			}
		},
		{
			"from": [-0.5, 12, 5],
			"to": [0.5, 13, 8],
			"faces": {
				"north": {"uv": [5, 3, 6, 4], "rotation": 90, "texture": "#0", "cullface": "west"},
				"south": {"uv": [7, 3, 8, 4], "rotation": 270, "texture": "#0", "cullface": "west"},
				"west": {"uv": [5, 3, 8, 4], "texture": "#0", "cullface": "west"},
				"up": {"uv": [5, 3, 8, 4], "rotation": 270, "texture": "#0", "cullface": "west"},
				"down": {"uv": [5, 3, 8, 4], "rotation": 270, "texture": "#0", "cullface": "west"}
			}
		},
		{
			"from": [-0.5, 11, 3],
			"to": [0.5, 12, 10],
			"faces": {
				"north": {"uv": [3, 4, 4, 5], "rotation": 90, "texture": "#0", "cullface": "west"},
				"south": {"uv": [9, 4, 10, 5], "rotation": 270, "texture": "#0", "cullface": "west"},
				"west": {"uv": [3, 4, 10, 5], "texture": "#0", "cullface": "west"},
				"up": {"uv": [3, 4, 10, 5], "rotation": 270, "texture": "#0", "cullface": "west"},
				"down": {"uv": [3, 4, 10, 5], "rotation": 270, "texture": "#0", "cullface": "west"}
			}
		},
		{
			"from": [-0.5, 10, 4],
			"to": [0.5, 11, 8],
			"faces": {
				"north": {"uv": [4, 5, 5, 6], "rotation": 90, "texture": "#0", "cullface": "west"},
				"south": {"uv": [7, 5, 8, 6], "rotation": 270, "texture": "#0", "cullface": "west"},
				"west": {"uv": [4, 5, 8, 6], "texture": "#0", "cullface": "west"},
				"up": {"uv": [4, 5, 8, 6], "rotation": 270, "texture": "#0", "cullface": "west"},
				"down": {"uv": [4, 5, 8, 6], "rotation": 270, "texture": "#0", "cullface": "west"}
			}
		},
		{
			"from": [-0.5, 10, 12],
			"to": [0.5, 11, 14],
			"faces": {
				"north": {"uv": [12, 5, 13, 6], "rotation": 90, "texture": "#0", "cullface": "west"},
				"south": {"uv": [13, 5, 14, 6], "rotation": 270, "texture": "#0", "cullface": "west"},
				"west": {"uv": [12, 5, 14, 6], "texture": "#0", "cullface": "west"},
				"up": {"uv": [12, 5, 14, 6], "rotation": 270, "texture": "#0", "cullface": "west"},
				"down": {"uv": [12, 5, 14, 6], "rotation": 270, "texture": "#0", "cullface": "west"}
			}
		},
		{
			"from": [-0.5, 7, 9],
			"to": [0.5, 8, 15],
			"faces": {
				"north": {"uv": [9, 8, 10, 9], "rotation": 90, "texture": "#0", "cullface": "west"},
				"south": {"uv": [14, 8, 15, 9], "rotation": 270, "texture": "#0", "cullface": "west"},
				"west": {"uv": [9, 8, 15, 9], "texture": "#0", "cullface": "west"},
				"up": {"uv": [9, 8, 15, 9], "rotation": 270, "texture": "#0", "cullface": "west"},
				"down": {"uv": [9, 8, 15, 9], "rotation": 270, "texture": "#0", "cullface": "west"}
			}
		},
		{
			"from": [-0.5, 6, 11],
			"to": [0.5, 7, 14],
			"faces": {
				"north": {"uv": [11, 9, 12, 10], "rotation": 90, "texture": "#0", "cullface": "west"},
				"south": {"uv": [13, 9, 14, 10], "rotation": 270, "texture": "#0", "cullface": "west"},
				"west": {"uv": [11, 9, 14, 10], "texture": "#0", "cullface": "west"},
				"up": {"uv": [11, 9, 14, 10], "rotation": 270, "texture": "#0", "cullface": "west"},
				"down": {"uv": [11, 9, 14, 10], "rotation": 270, "texture": "#0", "cullface": "west"}
			}
		},
		{
			"from": [-0.5, 3, 11],
			"to": [0.5, 4, 13],
			"faces": {
				"north": {"uv": [11, 12, 12, 13], "rotation": 90, "texture": "#0", "cullface": "west"},
				"south": {"uv": [12, 12, 13, 13], "rotation": 270, "texture": "#0", "cullface": "west"},
				"west": {"uv": [11, 12, 13, 13], "texture": "#0", "cullface": "west"},
				"up": {"uv": [11, 12, 13, 13], "rotation": 270, "texture": "#0", "cullface": "west"},
				"down": {"uv": [11, 12, 13, 13], "rotation": 270, "texture": "#0", "cullface": "west"}
			}
		},
		{
			"from": [-0.5, 3, 3],
			"to": [0.5, 4, 8],
			"faces": {
				"north": {"uv": [3, 12, 4, 13], "rotation": 90, "texture": "#0", "cullface": "west"},
				"south": {"uv": [7, 12, 8, 13], "rotation": 270, "texture": "#0", "cullface": "west"},
				"west": {"uv": [3, 12, 8, 13], "texture": "#0", "cullface": "west"},
				"up": {"uv": [3, 12, 8, 13], "rotation": 270, "texture": "#0", "cullface": "west"},
				"down": {"uv": [3, 12, 8, 13], "rotation": 270, "texture": "#0", "cullface": "west"}
			}
		},
		{
			"from": [-0.5, 2, 4],
			"to": [0.5, 3, 6],
			"faces": {
				"north": {"uv": [4, 13, 5, 14], "rotation": 90, "texture": "#0", "cullface": "west"},
				"south": {"uv": [5, 13, 6, 14], "rotation": 270, "texture": "#0", "cullface": "west"},
				"west": {"uv": [4, 13, 6, 14], "texture": "#0", "cullface": "west"},
				"up": {"uv": [4, 13, 6, 14], "rotation": 270, "texture": "#0", "cullface": "west"},
				"down": {"uv": [4, 13, 6, 14], "rotation": 270, "texture": "#0", "cullface": "west"}
			}
		},
		{
			"from": [-0.5, 7, 1],
			"to": [0.5, 8, 4],
			"faces": {
				"north": {"uv": [1, 8, 2, 9], "rotation": 90, "texture": "#0", "cullface": "west"},
				"south": {"uv": [3, 8, 4, 9], "rotation": 270, "texture": "#0", "cullface": "west"},
				"west": {"uv": [1, 8, 4, 9], "texture": "#0", "cullface": "west"},
				"up": {"uv": [1, 8, 4, 9], "rotation": 270, "texture": "#0", "cullface": "west"},
				"down": {"uv": [1, 8, 4, 9], "rotation": 270, "texture": "#0", "cullface": "west"}
			}
		},
		{
			"from": [-0.5, 6, 1],
			"to": [0.5, 7, 3],
			"faces": {
				"north": {"uv": [1, 9, 2, 10], "rotation": 90, "texture": "#0", "cullface": "west"},
				"south": {"uv": [2, 9, 3, 10], "rotation": 270, "texture": "#0", "cullface": "west"},
				"west": {"uv": [1, 9, 3, 10], "texture": "#0", "cullface": "west"},
				"up": {"uv": [1, 9, 3, 10], "rotation": 270, "texture": "#0", "cullface": "west"},
				"down": {"uv": [1, 9, 3, 10], "rotation": 270, "texture": "#0", "cullface": "west"}
			}
		},
		{
			"from": [8, 12, -0.5],
			"to": [11, 13, 0.5],
			"faces": {
				"north": {"uv": [5, 3, 8, 4], "texture": "#0", "cullface": "north"},
				"east": {"uv": [5, 3, 6, 4], "rotation": 90, "texture": "#0", "cullface": "north"},
				"west": {"uv": [7, 3, 8, 4], "rotation": 270, "texture": "#0", "cullface": "north"},
				"up": {"uv": [5, 3, 8, 4], "texture": "#0", "cullface": "north"},
				"down": {"uv": [5, 3, 8, 4], "rotation": 180, "texture": "#0", "cullface": "north"}
			}
		},
		{
			"from": [6, 11, -0.5],
			"to": [13, 12, 0.5],
			"faces": {
				"north": {"uv": [3, 4, 10, 5], "texture": "#0", "cullface": "north"},
				"east": {"uv": [3, 4, 4, 5], "rotation": 90, "texture": "#0", "cullface": "north"},
				"west": {"uv": [9, 4, 10, 5], "rotation": 270, "texture": "#0", "cullface": "north"},
				"up": {"uv": [3, 4, 10, 5], "texture": "#0", "cullface": "north"},
				"down": {"uv": [3, 4, 10, 5], "rotation": 180, "texture": "#0", "cullface": "north"}
			}
		},
		{
			"from": [8, 10, -0.5],
			"to": [12, 11, 0.5],
			"faces": {
				"north": {"uv": [4, 5, 8, 6], "texture": "#0", "cullface": "north"},
				"east": {"uv": [4, 5, 5, 6], "rotation": 90, "texture": "#0", "cullface": "north"},
				"west": {"uv": [7, 5, 8, 6], "rotation": 270, "texture": "#0", "cullface": "north"},
				"up": {"uv": [4, 5, 8, 6], "texture": "#0", "cullface": "north"},
				"down": {"uv": [4, 5, 8, 6], "rotation": 180, "texture": "#0", "cullface": "north"}
			}
		},
		{
			"from": [2, 10, -0.5],
			"to": [4, 11, 0.5],
			"faces": {
				"north": {"uv": [12, 5, 14, 6], "texture": "#0", "cullface": "north"},
				"east": {"uv": [12, 5, 13, 6], "rotation": 90, "texture": "#0", "cullface": "north"},
				"west": {"uv": [13, 5, 14, 6], "rotation": 270, "texture": "#0", "cullface": "north"},
				"up": {"uv": [12, 5, 14, 6], "texture": "#0", "cullface": "north"},
				"down": {"uv": [12, 5, 14, 6], "rotation": 180, "texture": "#0", "cullface": "north"}
			}
		},
		{
			"from": [1, 7, -0.5],
			"to": [7, 8, 0.5],
			"faces": {
				"north": {"uv": [9, 8, 15, 9], "texture": "#0", "cullface": "north"},
				"east": {"uv": [9, 8, 10, 9], "rotation": 90, "texture": "#0", "cullface": "north"},
				"west": {"uv": [14, 8, 15, 9], "rotation": 270, "texture": "#0", "cullface": "north"},
				"up": {"uv": [9, 8, 15, 9], "texture": "#0", "cullface": "north"},
				"down": {"uv": [9, 8, 15, 9], "rotation": 180, "texture": "#0", "cullface": "north"}
			}
		},
		{
			"from": [2, 6, -0.5],
			"to": [5, 7, 0.5],
			"faces": {
				"north": {"uv": [11, 9, 14, 10], "texture": "#0", "cullface": "north"},
				"east": {"uv": [11, 9, 12, 10], "rotation": 90, "texture": "#0", "cullface": "north"},
				"west": {"uv": [13, 9, 14, 10], "rotation": 270, "texture": "#0", "cullface": "north"},
				"up": {"uv": [11, 9, 14, 10], "texture": "#0", "cullface": "north"},
				"down": {"uv": [11, 9, 14, 10], "rotation": 180, "texture": "#0", "cullface": "north"}
			}
		},
		{
			"from": [3, 3, -0.5],
			"to": [5, 4, 0.5],
			"faces": {
				"north": {"uv": [11, 12, 13, 13], "texture": "#0", "cullface": "north"},
				"east": {"uv": [11, 12, 12, 13], "rotation": 90, "texture": "#0", "cullface": "north"},
				"west": {"uv": [12, 12, 13, 13], "rotation": 270, "texture": "#0", "cullface": "north"},
				"up": {"uv": [11, 12, 13, 13], "texture": "#0", "cullface": "north"},
				"down": {"uv": [11, 12, 13, 13], "rotation": 180, "texture": "#0", "cullface": "north"}
			}
		},
		{
			"from": [8, 3, -0.5],
			"to": [13, 4, 0.5],
			"faces": {
				"north": {"uv": [3, 12, 8, 13], "texture": "#0", "cullface": "north"},
				"east": {"uv": [3, 12, 4, 13], "rotation": 90, "texture": "#0", "cullface": "north"},
				"west": {"uv": [7, 12, 8, 13], "rotation": 270, "texture": "#0", "cullface": "north"},
				"up": {"uv": [3, 12, 8, 13], "texture": "#0", "cullface": "north"},
				"down": {"uv": [3, 12, 8, 13], "rotation": 180, "texture": "#0", "cullface": "north"}
			}
		},
		{
			"from": [10, 2, -0.5],
			"to": [12, 3, 0.5],
			"faces": {
				"north": {"uv": [4, 13, 6, 14], "texture": "#0", "cullface": "north"},
				"east": {"uv": [4, 13, 5, 14], "rotation": 90, "texture": "#0", "cullface": "north"},
				"west": {"uv": [5, 13, 6, 14], "rotation": 270, "texture": "#0", "cullface": "north"},
				"up": {"uv": [4, 13, 6, 14], "texture": "#0", "cullface": "north"},
				"down": {"uv": [4, 13, 6, 14], "rotation": 180, "texture": "#0", "cullface": "north"}
			}
		},
		{
			"from": [12, 7, -0.5],
			"to": [15, 8, 0.5],
			"faces": {
				"north": {"uv": [1, 8, 4, 9], "texture": "#0", "cullface": "north"},
				"east": {"uv": [1, 8, 2, 9], "rotation": 90, "texture": "#0", "cullface": "north"},
				"west": {"uv": [3, 8, 4, 9], "rotation": 270, "texture": "#0", "cullface": "north"},
				"up": {"uv": [1, 8, 4, 9], "texture": "#0", "cullface": "north"},
				"down": {"uv": [1, 8, 4, 9], "rotation": 180, "texture": "#0", "cullface": "north"}
			}
		},
		{
			"from": [13, 6, -0.5],
			"to": [15, 7, 0.5],
			"faces": {
				"north": {"uv": [1, 9, 3, 10], "texture": "#0", "cullface": "north"},
				"east": {"uv": [1, 9, 2, 10], "rotation": 90, "texture": "#0", "cullface": "north"},
				"west": {"uv": [2, 9, 3, 10], "rotation": 270, "texture": "#0", "cullface": "north"},
				"up": {"uv": [1, 9, 3, 10], "texture": "#0", "cullface": "north"},
				"down": {"uv": [1, 9, 3, 10], "rotation": 180, "texture": "#0", "cullface": "north"}
			}
		},
		{
			"from": [15.5, 12, 8],
			"to": [16.5, 13, 11],
			"faces": {
				"north": {"uv": [7, 3, 8, 4], "rotation": 270, "texture": "#0", "cullface": "east"},
				"east": {"uv": [5, 3, 8, 4], "texture": "#0", "cullface": "east"},
				"south": {"uv": [5, 3, 6, 4], "rotation": 90, "texture": "#0", "cullface": "east"},
				"up": {"uv": [5, 3, 8, 4], "rotation": 90, "texture": "#0", "cullface": "east"},
				"down": {"uv": [5, 3, 8, 4], "rotation": 90, "texture": "#0", "cullface": "east"}
			}
		},
		{
			"from": [15.5, 11, 6],
			"to": [16.5, 12, 13],
			"faces": {
				"north": {"uv": [9, 4, 10, 5], "rotation": 270, "texture": "#0", "cullface": "east"},
				"east": {"uv": [3, 4, 10, 5], "texture": "#0", "cullface": "east"},
				"south": {"uv": [3, 4, 4, 5], "rotation": 90, "texture": "#0", "cullface": "east"},
				"up": {"uv": [3, 4, 10, 5], "rotation": 90, "texture": "#0", "cullface": "east"},
				"down": {"uv": [3, 4, 10, 5], "rotation": 90, "texture": "#0", "cullface": "east"}
			}
		},
		{
			"from": [15.5, 10, 8],
			"to": [16.5, 11, 12],
			"faces": {
				"north": {"uv": [7, 5, 8, 6], "rotation": 270, "texture": "#0", "cullface": "east"},
				"east": {"uv": [4, 5, 8, 6], "texture": "#0", "cullface": "east"},
				"south": {"uv": [4, 5, 5, 6], "rotation": 90, "texture": "#0", "cullface": "east"},
				"up": {"uv": [4, 5, 8, 6], "rotation": 90, "texture": "#0", "cullface": "east"},
				"down": {"uv": [4, 5, 8, 6], "rotation": 90, "texture": "#0", "cullface": "east"}
			}
		},
		{
			"from": [15.5, 10, 2],
			"to": [16.5, 11, 4],
			"faces": {
				"north": {"uv": [13, 5, 14, 6], "rotation": 270, "texture": "#0", "cullface": "east"},
				"east": {"uv": [12, 5, 14, 6], "texture": "#0", "cullface": "east"},
				"south": {"uv": [12, 5, 13, 6], "rotation": 90, "texture": "#0", "cullface": "east"},
				"up": {"uv": [12, 5, 14, 6], "rotation": 90, "texture": "#0", "cullface": "east"},
				"down": {"uv": [12, 5, 14, 6], "rotation": 90, "texture": "#0", "cullface": "east"}
			}
		},
		{
			"from": [15.5, 7, 1],
			"to": [16.5, 8, 7],
			"faces": {
				"north": {"uv": [14, 8, 15, 9], "rotation": 270, "texture": "#0", "cullface": "east"},
				"east": {"uv": [9, 8, 15, 9], "texture": "#0", "cullface": "east"},
				"south": {"uv": [9, 8, 10, 9], "rotation": 90, "texture": "#0", "cullface": "east"},
				"up": {"uv": [9, 8, 15, 9], "rotation": 90, "texture": "#0", "cullface": "east"},
				"down": {"uv": [9, 8, 15, 9], "rotation": 90, "texture": "#0", "cullface": "east"}
			}
		},
		{
			"from": [15.5, 6, 2],
			"to": [16.5, 7, 5],
			"faces": {
				"north": {"uv": [13, 9, 14, 10], "rotation": 270, "texture": "#0", "cullface": "east"},
				"east": {"uv": [11, 9, 14, 10], "texture": "#0", "cullface": "east"},
				"south": {"uv": [11, 9, 12, 10], "rotation": 90, "texture": "#0", "cullface": "east"},
				"up": {"uv": [11, 9, 14, 10], "rotation": 90, "texture": "#0", "cullface": "east"},
				"down": {"uv": [11, 9, 14, 10], "rotation": 90, "texture": "#0", "cullface": "east"}
			}
		},
		{
			"from": [15.5, 3, 3],
			"to": [16.5, 4, 5],
			"faces": {
				"north": {"uv": [12, 12, 13, 13], "rotation": 270, "texture": "#0", "cullface": "east"},
				"east": {"uv": [11, 12, 13, 13], "texture": "#0", "cullface": "east"},
				"south": {"uv": [11, 12, 12, 13], "rotation": 90, "texture": "#0", "cullface": "east"},
				"up": {"uv": [11, 12, 13, 13], "rotation": 90, "texture": "#0", "cullface": "east"},
				"down": {"uv": [11, 12, 13, 13], "rotation": 90, "texture": "#0", "cullface": "east"}
			}
		},
		{
			"from": [15.5, 3, 8],
			"to": [16.5, 4, 13],
			"faces": {
				"north": {"uv": [7, 12, 8, 13], "rotation": 270, "texture": "#0", "cullface": "east"},
				"east": {"uv": [3, 12, 8, 13], "texture": "#0", "cullface": "east"},
				"south": {"uv": [3, 12, 4, 13], "rotation": 90, "texture": "#0", "cullface": "east"},
				"up": {"uv": [3, 12, 8, 13], "rotation": 90, "texture": "#0", "cullface": "east"},
				"down": {"uv": [3, 12, 8, 13], "rotation": 90, "texture": "#0", "cullface": "east"}
			}
		},
		{
			"from": [15.5, 2, 10],
			"to": [16.5, 3, 12],
			"faces": {
				"north": {"uv": [5, 13, 6, 14], "rotation": 270, "texture": "#0", "cullface": "east"},
				"east": {"uv": [4, 13, 6, 14], "texture": "#0", "cullface": "east"},
				"south": {"uv": [4, 13, 5, 14], "rotation": 90, "texture": "#0", "cullface": "east"},
				"up": {"uv": [4, 13, 6, 14], "rotation": 90, "texture": "#0", "cullface": "east"},
				"down": {"uv": [4, 13, 6, 14], "rotation": 90, "texture": "#0", "cullface": "east"}
			}
		},
		{
			"from": [15.5, 7, 12],
			"to": [16.5, 8, 15],
			"faces": {
				"north": {"uv": [3, 8, 4, 9], "rotation": 270, "texture": "#0", "cullface": "east"},
				"east": {"uv": [1, 8, 4, 9], "texture": "#0", "cullface": "east"},
				"south": {"uv": [1, 8, 2, 9], "rotation": 90, "texture": "#0", "cullface": "east"},
				"up": {"uv": [1, 8, 4, 9], "rotation": 90, "texture": "#0", "cullface": "east"},
				"down": {"uv": [1, 8, 4, 9], "rotation": 90, "texture": "#0", "cullface": "east"}
			}
		},
		{
			"from": [15.5, 6, 13],
			"to": [16.5, 7, 15],
			"faces": {
				"north": {"uv": [2, 9, 3, 10], "rotation": 270, "texture": "#0", "cullface": "east"},
				"east": {"uv": [1, 9, 3, 10], "texture": "#0", "cullface": "east"},
				"south": {"uv": [1, 9, 2, 10], "rotation": 90, "texture": "#0", "cullface": "east"},
				"up": {"uv": [1, 9, 3, 10], "rotation": 90, "texture": "#0", "cullface": "east"},
				"down": {"uv": [1, 9, 3, 10], "rotation": 90, "texture": "#0", "cullface": "east"}
			}
		},
		{
			"from": [5, -0.5, 12],
			"to": [8, 0.5, 13],
			"faces": {
				"north": {"uv": [5, 3, 8, 4], "rotation": 180, "texture": "#0", "cullface": "down"},
				"east": {"uv": [7, 3, 8, 4], "rotation": 180, "texture": "#0", "cullface": "down"},
				"south": {"uv": [5, 3, 8, 4], "rotation": 180, "texture": "#0", "cullface": "down"},
				"west": {"uv": [5, 3, 6, 4], "rotation": 180, "texture": "#0", "cullface": "down"},
				"down": {"uv": [5, 3, 8, 4], "texture": "#0", "cullface": "down"}
			}
		},
		{
			"from": [3, -0.5, 11],
			"to": [10, 0.5, 12],
			"faces": {
				"north": {"uv": [3, 4, 10, 5], "rotation": 180, "texture": "#0", "cullface": "down"},
				"east": {"uv": [9, 4, 10, 5], "rotation": 180, "texture": "#0", "cullface": "down"},
				"south": {"uv": [3, 4, 10, 5], "rotation": 180, "texture": "#0", "cullface": "down"},
				"west": {"uv": [3, 4, 4, 5], "rotation": 180, "texture": "#0", "cullface": "down"},
				"down": {"uv": [3, 4, 10, 5], "texture": "#0", "cullface": "down"}
			}
		},
		{
			"from": [4, -0.5, 10],
			"to": [8, 0.5, 11],
			"faces": {
				"north": {"uv": [4, 5, 8, 6], "rotation": 180, "texture": "#0", "cullface": "down"},
				"east": {"uv": [7, 5, 8, 6], "rotation": 180, "texture": "#0", "cullface": "down"},
				"south": {"uv": [4, 5, 8, 6], "rotation": 180, "texture": "#0", "cullface": "down"},
				"west": {"uv": [4, 5, 5, 6], "rotation": 180, "texture": "#0", "cullface": "down"},
				"down": {"uv": [4, 5, 8, 6], "texture": "#0", "cullface": "down"}
			}
		},
		{
			"from": [12, -0.5, 10],
			"to": [14, 0.5, 11],
			"faces": {
				"north": {"uv": [12, 5, 14, 6], "rotation": 180, "texture": "#0", "cullface": "down"},
				"east": {"uv": [13, 5, 14, 6], "rotation": 180, "texture": "#0", "cullface": "down"},
				"south": {"uv": [12, 5, 14, 6], "rotation": 180, "texture": "#0", "cullface": "down"},
				"west": {"uv": [12, 5, 13, 6], "rotation": 180, "texture": "#0", "cullface": "down"},
				"down": {"uv": [12, 5, 14, 6], "texture": "#0", "cullface": "down"}
			}
		},
		{
			"from": [9, -0.5, 7],
			"to": [15, 0.5, 8],
			"faces": {
				"north": {"uv": [9, 8, 15, 9], "rotation": 180, "texture": "#0", "cullface": "down"},
				"east": {"uv": [14, 8, 15, 9], "rotation": 180, "texture": "#0", "cullface": "down"},
				"south": {"uv": [9, 8, 15, 9], "rotation": 180, "texture": "#0", "cullface": "down"},
				"west": {"uv": [9, 8, 10, 9], "rotation": 180, "texture": "#0", "cullface": "down"},
				"down": {"uv": [9, 8, 15, 9], "texture": "#0", "cullface": "down"}
			}
		},
		{
			"from": [11, -0.5, 6],
			"to": [14, 0.5, 7],
			"faces": {
				"north": {"uv": [11, 9, 14, 10], "rotation": 180, "texture": "#0", "cullface": "down"},
				"east": {"uv": [13, 9, 14, 10], "rotation": 180, "texture": "#0", "cullface": "down"},
				"south": {"uv": [11, 9, 14, 10], "rotation": 180, "texture": "#0", "cullface": "down"},
				"west": {"uv": [11, 9, 12, 10], "rotation": 180, "texture": "#0", "cullface": "down"},
				"down": {"uv": [11, 9, 14, 10], "texture": "#0", "cullface": "down"}
			}
		},
		{
			"from": [11, -0.5, 3],
			"to": [13, 0.5, 4],
			"faces": {
				"north": {"uv": [11, 12, 13, 13], "rotation": 180, "texture": "#0", "cullface": "down"},
				"east": {"uv": [12, 12, 13, 13], "rotation": 180, "texture": "#0", "cullface": "down"},
				"south": {"uv": [11, 12, 13, 13], "rotation": 180, "texture": "#0", "cullface": "down"},
				"west": {"uv": [11, 12, 12, 13], "rotation": 180, "texture": "#0", "cullface": "down"},
				"down": {"uv": [11, 12, 13, 13], "texture": "#0", "cullface": "down"}
			}
		},
		{
			"from": [3, -0.5, 3],
			"to": [8, 0.5, 4],
			"faces": {
				"north": {"uv": [3, 12, 8, 13], "rotation": 180, "texture": "#0", "cullface": "down"},
				"east": {"uv": [7, 12, 8, 13], "rotation": 180, "texture": "#0", "cullface": "down"},
				"south": {"uv": [3, 12, 8, 13], "rotation": 180, "texture": "#0", "cullface": "down"},
				"west": {"uv": [3, 12, 4, 13], "rotation": 180, "texture": "#0", "cullface": "down"},
				"down": {"uv": [3, 12, 8, 13], "texture": "#0", "cullface": "down"}
			}
		},
		{
			"from": [4, -0.5, 2],
			"to": [6, 0.5, 3],
			"faces": {
				"north": {"uv": [4, 13, 6, 14], "rotation": 180, "texture": "#0", "cullface": "down"},
				"east": {"uv": [5, 13, 6, 14], "rotation": 180, "texture": "#0", "cullface": "down"},
				"south": {"uv": [4, 13, 6, 14], "rotation": 180, "texture": "#0", "cullface": "down"},
				"west": {"uv": [4, 13, 5, 14], "rotation": 180, "texture": "#0", "cullface": "down"},
				"down": {"uv": [4, 13, 6, 14], "texture": "#0", "cullface": "down"}
			}
		},
		{
			"from": [1, -0.5, 7],
			"to": [4, 0.5, 8],
			"faces": {
				"north": {"uv": [1, 8, 4, 9], "rotation": 180, "texture": "#0", "cullface": "down"},
				"east": {"uv": [3, 8, 4, 9], "rotation": 180, "texture": "#0", "cullface": "down"},
				"south": {"uv": [1, 8, 4, 9], "rotation": 180, "texture": "#0", "cullface": "down"},
				"west": {"uv": [1, 8, 2, 9], "rotation": 180, "texture": "#0", "cullface": "down"},
				"down": {"uv": [1, 8, 4, 9], "texture": "#0", "cullface": "down"}
			}
		},
		{
			"from": [1, -0.5, 6],
			"to": [3, 0.5, 7],
			"faces": {
				"north": {"uv": [1, 9, 3, 10], "rotation": 180, "texture": "#0", "cullface": "down"},
				"east": {"uv": [2, 9, 3, 10], "rotation": 180, "texture": "#0", "cullface": "down"},
				"south": {"uv": [1, 9, 3, 10], "rotation": 180, "texture": "#0", "cullface": "down"},
				"west": {"uv": [1, 9, 2, 10], "rotation": 180, "texture": "#0", "cullface": "down"},
				"down": {"uv": [1, 9, 3, 10], "texture": "#0", "cullface": "down"}
			}
		}
	],
	"groups": [
		0,
		{
			"name": "up",
			"origin": [0, 0, 0],
			"color": 0,
			"children": [1, 2, 3, 4, 5, 6, 7, 8, 9, 10, 11]
		},
		{
			"name": "south",
			"origin": [0, 0, 0],
			"color": 0,
			"children": [12, 13, 14, 15, 16, 17, 18, 19, 20, 21, 22]
		},
		{
			"name": "west",
			"origin": [0, 0, 0],
			"color": 0,
			"children": [23, 24, 25, 26, 27, 28, 29, 30, 31, 32, 33]
		},
		{
			"name": "north",
			"origin": [0, 0, 0],
			"color": 0,
			"children": [34, 35, 36, 37, 38, 39, 40, 41, 42, 43, 44]
		},
		{
			"name": "east",
			"origin": [0, 0, 0],
			"color": 0,
			"children": [45, 46, 47, 48, 49, 50, 51, 52, 53, 54, 55]
		},
		{
			"name": "down",
			"origin": [0, 0, 0],
			"color": 0,
			"children": [56, 57, 58, 59, 60, 61, 62, 63, 64, 65, 66]
		}
	]
}